SOB_ID;SOB_Type;Geometry_Type;coordinate_x;coordinate_y
SOB_20251217T163546138062Z_SGVGAWRLQRE4;Schadensfall;Point;8.2651253;50.0009492
SOB_20251217T163546138570Z_RICIOOM7DBBX;Schadensfall;Point;8.27714827787264;49.99858515
SOB_20251217T163546138841Z_UC64XLFVJVCZ;Schadensfall;Point;8.260221550000004;50.00415035
SOB_20251217T163546139045Z_YKVUDV2E75EU;Schadensfall;Point;8.263945691055458;50.00410735
SOB_20251217T163546139217Z_GIDFBGU7UBAF;Schadensfall;Point;8.26747820131088;49.99614355
SOB_20251217T163546139377Z_2IVNSUQTIFA6;Schadensfall;Point;8.278100695419525;49.99467965
SOB_20251217T163546139528Z_YK43ZTRGW5FJ;Schadensfall;Point;8.2520088;50.0187304
SOB_20251217T163546139688Z_C2J5CW7S3RFY;Schadensfall;Point;8.259499994982933;50.01170085
SOB_20251217T163546139841Z_7FQEYI6LQFF2;Schadensfall;Point;8.2753178;49.9964623
SOB_20251217T163546139994Z_DZRYB7AD3JHA;Schadensfall;Point;8.305213167962862;50.00135255
SOB_20251217T163546140149Z_NQ733A4RGZEX;Schadensfall;Point;8.202181277064518;49.90901075
SOB_20251217T163546140301Z_2Z3JE2MHPJCX;Schadensfall;Point;8.2623171;50.011753
SOB_20251217T163546140501Z_ESEONTNU5VAI;Schadensfall;Point;8.279611197553242;49.9871663
SOB_20251217T163546140711Z_7XYTJMEAXFDG;Schadensfall;Point;8.2655437;49.9996004
SOB_20251217T163546140963Z_SHAVY2PVTZFG;Schadensfall;Point;8.2955137;49.9785703
SOB_20251217T163546141206Z_CZ4GUDS7CJDT;Schadensfall;Point;8.267143898677945;49.9890618
SOB_20251217T163546141434Z_H6RBAQOTCNBN;Schadensfall;Point;8.2835589;49.992297
SOB_20251217T163546141621Z_OHDJEFNPSVHE;Schadensfall;Point;8.278399626271737;49.995415050000005
SOB_20251217T163546141776Z_5LTT5ZV4FZAE;Schadensfall;Point;8.27418995364374;49.99556045
SOB_20251217T163546141926Z_OC4CEHDWR5FV;Schadensfall;Point;8.2707286;49.9988643
SOB_20251217T163546142085Z_3Y45GBB3WRAG;Schadensfall;Point;8.3030077;50.0004904
SOB_20251217T163546142236Z_YMLJUG4IM5AC;Schadensfall;Point;8.2801146;49.9946459
SOB_20251217T163546142380Z_BNUXKQSC2FE7;Schadensfall;Point;8.260180049746468;50.004837300000005
SOB_20251217T163546142529Z_SQAUU54WKBCQ;Schadensfall;Point;8.2582795;49.9996291
SOB_20251217T163546142679Z_J4QDUGYXFNBI;Schadensfall;Point;8.257249737663162;50.00591285
SOB_20251217T163546142823Z_TMHFK5ZESBHZ;Schadensfall;Point;8.2381943;50.0162754
SOB_20251217T163546142986Z_MU5ENCSWFFBQ;Schadensfall;Point;8.258755395160843;50.0055052
SOB_20251217T163546143139Z_O56T45AOOFDE;Schadensfall;Point;8.2466549;49.9970195
SOB_20251217T163546143295Z_QROICQKS65BY;Schadensfall;Point;8.2616552;50.0017406
SOB_20251217T163546143455Z_NWFWLI5TJ5FI;Schadensfall;Point;8.2636132;50.0012969
SOB_20251217T163546143606Z_PRJ5OVRZSNDH;Schadensfall;Point;8.2723823;49.9992336
SOB_20251217T163546143898Z_UWSQ3WYOLNAR;Schadensfall;Point;8.2459079;49.9944608
SOB_20251217T163546144144Z_4SXVKSA24BFN;Schadensfall;Point;8.2680961;50.0095269
SOB_20251217T163546144347Z_W5TRO7T5SJF3;Schadensfall;Point;8.181210794091093;49.990725
SOB_20251217T163546144535Z_I3NVPLX4IVAH;Schadensfall;Point;8.2685631;50.0041341
SOB_20251217T163546144714Z_7YGSLAQ44BB3;Schadensfall;Point;8.265324;50.0021981
SOB_20251217T163546144915Z_P6FFDFT65NGD;Schadensfall;Point;8.278346;49.9942144
SOB_20251217T163546145102Z_OAR2KKROPJB6;Schadensfall;Point;8.260154389944233;50.0020776
SOB_20251217T163546145271Z_XEHPBYJJERAK;Schadensfall;Point;8.25527470262801;50.0008015
SOB_20251217T163546145438Z_QNAT3ZEYSVER;Schadensfall;Point;8.176180307222554;49.983541200000005
SOB_20251217T163546145598Z_WQHSVWEGTRC2;Schadensfall;Point;8.2787902;49.9775682
SOB_20251217T163546145747Z_IS47NIEHT5HL;Schadensfall;Point;8.281315459048983;49.9887292
SOB_20251217T163546145903Z_L6VZGF3BQVD3;Schadensfall;Point;8.24720066235587;49.9778582
SOB_20251217T163546146053Z_Q3KRMGLCFJCM;Schadensfall;Point;8.241298820037688;50.01514205
SOB_20251217T163546146204Z_IXI2FI2OF5EF;Schadensfall;Point;8.23905462455032;49.99559805
SOB_20251217T163546146350Z_JIJCKTKWMJHI;Schadensfall;Point;8.25770161679019;49.96605565
SOB_20251217T163546146500Z_7QRQYMTZT5FN;Schadensfall;Point;8.174885325128763;49.99366485
SOB_20251217T163546146656Z_YT3NCF77JZDH;Schadensfall;Point;8.257049968281118;50.09693295
SOB_20251217T163546146805Z_MFSF3ZGGQND2;Schadensfall;Point;7.901747763755144;49.96471985
SOB_20251217T163546146953Z_D2TRMSI3VNC2;Schadensfall;Point;8.290630229902582;49.9800406
SOB_20251217T163546147081Z_QPZQ6K2M2NEA;Schadensfall;Point;8.2681698;49.9988197
SOB_20251217T163546147208Z_MTDBKQZN7NDT;Schadensfall;Point;8.26337805;49.9616476
SOB_20251217T163546147339Z_R57Z3QQ4A5CW;Schadensfall;Point;8.2804516;49.9635155
SOB_20251217T163546147466Z_LLO4SXXJK5DX;Schadensfall;Point;7.5695156;50.3557521
SOB_20251217T163546147588Z_4FQTDD6HBBEP;Schadensfall;Point;8.34195545;49.9176232
SOB_20251217T163546147709Z_KSWRSJTA5JDP;Schadensfall;Point;8.313072560602162;49.9612157
SOB_20251217T163546147840Z_TPW4FUTG7JED;Schadensfall;Point;8.2681305;49.9834723
SOB_20251217T163546147963Z_FMD6LBEK4NBD;Schadensfall;Point;8.231104949999999;49.99655765
SOB_20251217T163546148093Z_PXK332BWIBCM;Schadensfall;Point;8.2531987;49.9870906
SOB_20251217T163546148220Z_YG4PWL6PEVAP;Schadensfall;Point;8.2292025;49.9669599
SOB_20251217T163546148343Z_HTDVFK533ZHQ;Schadensfall;Point;8.213634212661987;50.00867975
SOB_20251217T163546148465Z_VCC2PZWPR5GI;Schadensfall;Point;8.272690325118765;49.9052129
SOB_20251217T163546148586Z_RQEGFV7OI5E4;Schadensfall;Point;8.261796950000003;50.00441965
SOB_20251217T163546148713Z_XYI2H5YQAJD5;Schadensfall;Point;8.2625719;50.0084457
SOB_20251217T163546148829Z_U5BWFLAKQJDG;Schadensfall;Point;8.30797729865141;49.93015795
SOB_20251217T163546148962Z_KD57CDIDZRB7;Schadensfall;Point;8.2695932;49.9666358
SOB_20251217T163546149083Z_X5SGXQHG6RDF;Schadensfall;Point;8.241297420488513;49.98557745
SOB_20251217T163546149200Z_HMT5EU7KS5CM;Schadensfall;Point;8.241367120989567;50.0195366
SOB_20251217T163546149327Z_OIHOBILDRZAH;Schadensfall;Point;8.2412364;50.0085278
SOB_20251217T163546149447Z_MFTMFZX6XZFK;Schadensfall;Point;8.2687898;49.9992645
SOB_20251217T163546149564Z_IALECBGIWNF6;Schadensfall;Point;8.2636875;50.0001794
SOB_20251217T163546149683Z_Y5LBIL5JOVBP;Schadensfall;Point;8.2782697;49.9933235
SOB_20251217T163546149812Z_3VL77AJNBNEW;Schadensfall;Point;8.269844;50.0030516
SOB_20251217T163546149929Z_ZVRCAH5RDFD6;Schadensfall;Point;8.2742601;50.0027444
SOB_20251217T163546150051Z_RXG6M43W6RFB;Schadensfall;Point;8.2777114;49.9941516
SOB_20251217T163546150171Z_V6RXUJ2SGBFC;Schadensfall;Point;8.260703584463197;50.011610450000006
SOB_20251217T163546150288Z_BKP3TCM375CY;Schadensfall;Point;8.2469826;50.0124467
SOB_20251217T163546150414Z_VMX6O3SHFNFB;Schadensfall;Point;8.125273460954922;49.91758925
SOB_20251217T163546150537Z_IZWBEZXNNNFN;Schadensfall;Point;8.2070906;49.9987237
SOB_20251217T163546150660Z_P3TJH4DX2JC5;Schadensfall;Point;8.204238853246562;50.00073365
SOB_20251217T163546150778Z_Z7RYOJYJWVBI;Schadensfall;Point;8.237069991893424;49.99675955
SOB_20251217T163546150895Z_FUOKMVZQVFAW;Schadensfall;Point;8.2372978;49.99636355
SOB_20251217T163546151016Z_GJTF4SI4FREE;Schadensfall;Point;8.290603849999997;49.9765112
SOB_20251217T163546151134Z_EH4IX32EH5BL;Schadensfall;Point;8.2284963;50.00948165
SOB_20251217T163546151261Z_27ENV442WBGQ;Schadensfall;Point;8.22855175;50.009803
SOB_20251217T163546151389Z_XYYNDNOSIZHV;Schadensfall;Point;8.2947009;50.0084907
SOB_20251217T163546151576Z_WP6NTW7UF5DP;Schadensfall;Point;8.1778692;49.991926
SOB_20251217T163546151784Z_X4WW47UKPRHD;Schadensfall;Point;8.3296519;49.9176852
SOB_20251217T163546151950Z_OTHBRIYYUFGR;Schadensfall;Point;8.2568517;50.0739325
SOB_20251217T163546152079Z_TVUYM6WJLFDC;Schadensfall;Point;8.2948751;50.0088895
SOB_20251217T163546152225Z_3VCPKEUY5NAN;Schadensfall;Point;8.253340005898732;49.98844205
SOB_20251217T163546152422Z_SVUMX7ILNRDI;Schadensfall;Point;8.245306334835028;49.978438
SOB_20251217T163546152554Z_KTF5HV5KIVGP;Schadensfall;Point;8.248434107391219;49.98321725
SOB_20251217T163546152682Z_WDMC4YN3LBEU;Schadensfall;Point;8.057663944991308;49.80827927591159
SOB_20251217T163546152820Z_FPU3CSBWOBF3;Schadensfall;Point;8.2467946;49.9981768
SOB_20251217T163546153020Z_FXOT4ULCZFEQ;Schadensfall;Point;8.235940230310199;49.99565955
SOB_20251217T163546153185Z_3BXWYETABVCY;Schadensfall;Point;8.23690058426115;50.0223597
SOB_20251217T163546153324Z_UHBKSP4QTVDQ;Schadensfall;Point;8.11264758379846;49.9959353
SOB_20251217T163546153459Z_5PN2WX3OE5BU;Schadensfall;Point;8.302956949999999;50.0008872
SOB_20251217T163546153584Z_PC4XAPAHHFE7;Schadensfall;Point;8.2347549;50.0012376
SOB_20251217T163546153722Z_LGFA3KSZ5BGF;Schadensfall;Point;8.217346250488081;49.9969317
SOB_20251217T163546153865Z_MQJH6LRTSJDH;Schadensfall;Point;8.201163156567628;49.9989509
SOB_20251217T163546153993Z_D7MAPEVP65DQ;Schadensfall;Point;8.197178424787957;49.97616515
SOB_20251217T163546154119Z_2X7DSLWB6FCY;Schadensfall;Point;8.2443621;49.9813236
SOB_20251217T163546154258Z_FE4IX2KOGRBV;Schadensfall;Point;8.243382030511643;49.9133732
SOB_20251217T163546154389Z_YANIXUJ2ABHS;Schadensfall;Point;8.241247272908701;49.982981300000006
SOB_20251217T163546154517Z_CN4BLZDCCZFH;Schadensfall;Point;8.268701407487743;50.0075375
SOB_20251217T163546154643Z_OFJFZCNMYJCH;Schadensfall;Point;8.312005000000006;49.927612
SOB_20251217T163546154766Z_CGIIC5VR6RBH;Schadensfall;Point;8.244059400181335;50.01072075
SOB_20251217T163546154894Z_JAMSHDB54ZGZ;Schadensfall;Point;8.2769356;49.9996928
SOB_20251217T163546155029Z_PSA7CXKQXBBQ;Schadensfall;Point;8.2746976;49.9964404
SOB_20251217T163546155155Z_KAAKVMLJZZC7;Schadensfall;Point;8.246495457085338;49.913848
SOB_20251217T163546155282Z_RDCJVWC3YRBB;Schadensfall;Point;8.263646335713592;49.99814795
SOB_20251217T163546155410Z_QMCHU2P7TJBQ;Schadensfall;Point;8.3031255;49.9828566
SOB_20251217T163546155575Z_BB7KBXPXY5DF;Schadensfall;Point;8.2765421;49.995302
SOB_20251217T163546155699Z_YQ7MDVUPFJA7;Schadensfall;Point;8.2716532;50.0012457
SOB_20251217T163546155832Z_CXNLJR4IOJGH;Schadensfall;Point;8.22836563620606;50.0915795
SOB_20251217T163546155959Z_UVKWHX2YZFFB;Schadensfall;Point;8.2675119;50.0057291
SOB_20251217T163546156082Z_UP23CXI5DVE4;Schadensfall;Point;8.2499364;50.0129713
SOB_20251217T163546156210Z_J6LH3GNSYNFE;Schadensfall;Point;8.257680069234059;50.005525500000005
SOB_20251217T163546156339Z_NYJ6EA66GJGW;Schadensfall;Point;8.2643554;50.0013639
SOB_20251217T163546156472Z_UYTYA3EB6NDM;Schadensfall;Point;8.298128035153816;49.98623845
SOB_20251217T163546156600Z_FPERLN3WXFFN;Schadensfall;Point;8.2623171;50.011753
SOB_20251217T163546156729Z_FSYOGKZBMVE5;Schadensfall;Point;8.2693581;49.998403
SOB_20251217T163546156852Z_KTYCZY5JP5ER;Schadensfall;Point;8.2750643;49.9954988
SOB_20251217T163546156974Z_Q5JDCNOBWFGI;Schadensfall;Point;8.2590711;50.0021534
SOB_20251217T163546157110Z_GH37JAA26ZCE;Schadensfall;Point;8.264297;49.9991661
SOB_20251217T163546157233Z_GQY3BVQH4RD4;Schadensfall;Point;8.263125;50.0031627
SOB_20251217T163546157362Z_RGMJHDY62NFI;Schadensfall;Point;8.241075440651503;50.0805961
SOB_20251217T163546157518Z_SYCHMB3ZBVBQ;Schadensfall;Point;7.913684906488525;49.95169705
SOB_20251217T163546157639Z_IKO3CRKCSVEW;Schadensfall;Point;8.24707629309188;49.9803606
SOB_20251217T163546157765Z_4LV5SLXTVJF5;Schadensfall;Point;8.207434799999996;49.9996294
SOB_20251217T163546157890Z_MDJW6LOP5VHT;Schadensfall;Point;8.176781292213736;49.9895721
SOB_20251217T163546158010Z_F73H7O6PRFGW;Schadensfall;Point;8.179431090426938;49.984073550000005
SOB_20251217T163546158129Z_DQKHPIO2A5H6;Schadensfall;Point;8.183376220542671;49.99408957235533
SOB_20251217T163546158253Z_OOE3PR7THRHJ;Schadensfall;Point;8.1669282;49.9830449
SOB_20251217T163546158381Z_KXZCVXXSD5HD;Schadensfall;Point;8.206825017227812;49.99977165
SOB_20251217T163546158512Z_MZ7YVGIVO5FL;Schadensfall;Point;8.278352226857734;49.9140752
SOB_20251217T163546158631Z_7FBUQ3OBUZF7;Schadensfall;Point;8.308375902921963;50.00113225
SOB_20251217T163546158755Z_J2PWSIKYJ5EF;Schadensfall;Point;8.278265330078685;49.96353925
SOB_20251217T163546158875Z_KTPCFC2ASNB2;Schadensfall;Point;8.2664543;50.004223
SOB_20251217T163546159006Z_ECELQ2PGYFGC;Schadensfall;Point;8.269102268465911;49.9974957
SOB_20251217T163546159134Z_Q5V55UFFGVGS;Schadensfall;Point;8.2740508;50.0004966
SOB_20251217T163546159252Z_XEXWS3TPLBGQ;Schadensfall;Point;8.2807465;49.9953702
SOB_20251217T163546159372Z_KL4VBKQGINBA;Schadensfall;Point;8.2765962;49.9956982
SOB_20251217T163546159496Z_ODOSGEG4XFAY;Schadensfall;Point;8.278983471435213;49.9954138
SOB_20251217T163546159621Z_OK7ZULM5HZEL;Schadensfall;Point;8.22787779106644;50.02689615
SOB_20251217T163546159748Z_P5VDSZWUAND4;Schadensfall;Point;8.2430119;50.011787
SOB_20251217T163546159877Z_ID47OO4225GW;Schadensfall;Point;8.181984575860971;49.99293845
SOB_20251217T163546160022Z_N3S3WAT2RVHO;Schadensfall;Point;8.2347696;50.0212249
SOB_20251217T163546160166Z_MCSFOAHPGNDP;Schadensfall;Point;8.2590949;50.0061597
SOB_20251217T163546160300Z_A5EPR2SGDBGD;Schadensfall;Point;8.20859926115657;50.00256135
SOB_20251217T163546160436Z_T7PM64EI7ZGM;Schadensfall;Point;8.2737601;50.1132231
SOB_20251217T163546160585Z_XJB5Q4IHYNBC;Schadensfall;Point;8.267618015703539;50.0089248
SOB_20251217T163546161071Z_WX66G6IY2ZA6;Schadensfall;Point;8.180641950000002;49.98926935
SOB_20251217T163546161470Z_AGOVER6GBNG5;Schadensfall;Point;8.263125;50.0031627
SOB_20251217T163546161924Z_RBJ5BFPXDFDK;Schadensfall;Point;8.2634161;50.0065652
SOB_20251217T163546162185Z_CRIEN75U65DD;Schadensfall;Point;8.2565894;50.0059278
SOB_20251217T163546162396Z_3WZMRXH7JVH2;Schadensfall;Point;8.246542622391974;50.0136256
SOB_20251217T163546162583Z_75FMJMWCAFA2;Schadensfall;Point;8.1830761;49.9938952
SOB_20251217T163546162773Z_D6HPPGD7VJFV;Schadensfall;Point;8.261835154073921;50.0012733
SOB_20251217T163546162960Z_DNAOIKZSXNDK;Schadensfall;Point;8.22128915;50.0218118
SOB_20251217T163546163147Z_QJ3GJE4O7NF2;Schadensfall;Point;8.2304522;49.9686347
SOB_20251217T163546163337Z_WM7LF34OH5CQ;Schadensfall;Point;8.4501596;49.991801
SOB_20251217T163546163555Z_JKMSTPNL2VEZ;Schadensfall;Point;8.2200882;50.0260941
SOB_20251217T163546163771Z_CVGLYAN64RAB;Schadensfall;Point;8.2677484;49.954155
SOB_20251217T163546163969Z_STQAG5BMINDI;Schadensfall;Point;8.239143543264216;49.9853123
SOB_20251217T163546164160Z_OGAWLLHWTRE7;Schadensfall;Point;8.23655961793531;49.9759364
SOB_20251217T163546164342Z_U363K2UO4RDH;Schadensfall;Point;8.2788819;49.9637455
SOB_20251217T163546164538Z_CX2NOI3AN5BZ;Schadensfall;Point;8.312211923389999;49.9615729
SOB_20251217T163546164725Z_TRGDKB6OSNHJ;Schadensfall;Point;8.0527711;49.9745581
SOB_20251217T163546164906Z_GFT367RYABA7;Schadensfall;Point;8.255265290424214;50.00190555
SOB_20251217T163546165060Z_VBVVRU2XKBGC;Schadensfall;Point;8.23351332678424;50.0006484
SOB_20251217T163546165236Z_3HXU7FGKVJAF;Schadensfall;Point;8.2666752;50.0006199
SOB_20251217T163546165390Z_L2QVQH5Q2BGR;Schadensfall;Point;8.219709142452846;50.0059656
SOB_20251217T163546165535Z_NV2EC7TJVFG7;Schadensfall;Point;8.263300888752681;50.0087485
SOB_20251217T163546165678Z_OS3CWSHMKBCB;Schadensfall;Point;8.257450158582088;50.0115854
SOB_20251217T163546165825Z_ESZ65NZEUBH7;Schadensfall;Point;8.255335835644377;50.0066575
SOB_20251217T163546165968Z_CDOC6J6MJVHD;Schadensfall;Point;8.259626;50.0044637
SOB_20251217T163546166122Z_3MACKYBYYRBX;Schadensfall;Point;8.2622924;50.0024693
SOB_20251217T163546166267Z_7J2ESWYBPNBM;Schadensfall;Point;8.267569462692729;50.00920925
SOB_20251217T163546166409Z_BGZZHPPA4VG4;Schadensfall;Point;8.2722069;50.0006193
SOB_20251217T163546166606Z_JTIYI5ILSNFZ;Schadensfall;Point;8.2445306;49.9699418
SOB_20251217T163546166761Z_RO5NB5EQQBHY;Schadensfall;Point;8.208605338875028;49.998698
SOB_20251217T163546166920Z_Y3K5OAJHDNGE;Schadensfall;Point;8.2634291;50.0015476
SOB_20251217T163546167064Z_66QET47NRBB6;Schadensfall;Point;8.2645262;50.0009319
SOB_20251217T163546167216Z_G6FDJXZFBRAN;Schadensfall;Point;8.2669481;49.9979767
SOB_20251217T163546167366Z_KOLSI74KI5EW;Schadensfall;Point;8.27391570595238;49.99635575
SOB_20251217T163546167512Z_C3G53RBJR5HV;Schadensfall;Point;8.2765962;49.9956982
SOB_20251217T163546167653Z_ZFCVSZ27NJHV;Schadensfall;Point;8.2758258;49.9950389
SOB_20251217T163546167825Z_5VEI2IDY3FCA;Schadensfall;Point;8.2707827;49.99909
SOB_20251217T163546168039Z_S33KKZBREJBK;Schadensfall;Point;8.2786366;49.9985355
SOB_20251217T163546168271Z_D4XMGW2KTBCO;Schadensfall;Point;8.266713;50.0027159
SOB_20251217T163546168534Z_465GEALJYVAR;Schadensfall;Point;8.264987827623091;50.0019586
SOB_20251217T163546168881Z_66BQ6XXEA5E3;Schadensfall;Point;7.894441153576203;49.96873785
SOB_20251217T163546169179Z_MD2U7IU5SVAJ;Schadensfall;Point;8.2668472;50.001641
SOB_20251217T163546169420Z_D5N66IH7DNCR;Schadensfall;Point;8.210587502138694;50.00307545
SOB_20251217T163546169567Z_4IJVWLPYSBGR;Schadensfall;Point;8.252622910927029;49.98844458130021
SOB_20251217T163546169744Z_3UUKCB4PDBEZ;Schadensfall;Point;8.176181923193262;49.989183
SOB_20251217T163546169902Z_MOMQ6NYZMRFY;Schadensfall;Point;8.279295152103288;49.9850989
SOB_20251217T163546170057Z_HJLAP76VQJFF;Schadensfall;Point;8.058677675;49.9676851
SOB_20251217T163546170228Z_Q74NKGN52FAT;Schadensfall;Point;8.27755585682295;49.9976405
SOB_20251217T163546170373Z_OCSZTHNOJNBD;Schadensfall;Point;8.2626534;50.0009842
SOB_20251217T163546170517Z_L375DWX2ANFT;Schadensfall;Point;8.267080862953232;50.00337805
SOB_20251217T163546170706Z_HDH7FME5HZCA;Schadensfall;Point;8.2734734;50.0002648
SOB_20251217T163546170864Z_YC57RCTVCZEL;Schadensfall;Point;8.214320610126489;50.0005876
SOB_20251217T163546171004Z_NDTT447J7FAF;Schadensfall;Point;8.2661725;50.0008574
SOB_20251217T163546171141Z_6OKR5MH32VBG;Schadensfall;Point;8.2854958;50.0089117
SOB_20251217T163546171262Z_UJCMP643BNAM;Schadensfall;Point;8.265894447337278;50.0014666
SOB_20251217T163546171388Z_L43QVZZI6RGT;Schadensfall;Point;8.264250381914895;50.0011865
SOB_20251217T163546171511Z_2S3LPTVG2VCX;Schadensfall;Point;8.2670996;49.9991822
SOB_20251217T163546171645Z_YP5PFOKOHRDT;Schadensfall;Point;8.2384016;50.0782495
SOB_20251217T163546171770Z_65ZU5XV5NBBL;Schadensfall;Point;8.2627536;50.0008198
SOB_20251217T163546171895Z_K2HCK77WXNFM;Schadensfall;Point;8.2762485;49.9994035
SOB_20251217T163546172022Z_DLW6XGWFPZGA;Schadensfall;Point;8.2726364;50.0005529
SOB_20251217T163546172148Z_C7D6AGZAXVEH;Schadensfall;Point;8.267388747027276;49.9967179
SOB_20251217T163546172274Z_UHPFD7FSJREN;Schadensfall;Point;8.2756361;49.9963808
SOB_20251217T163546172401Z_OVZKUFSSVRD6;Schadensfall;Point;8.251669431659547;50.00853165
SOB_20251217T163546172526Z_JXK6GFL4PZFK;Schadensfall;Point;8.2823259;50.0082851
SOB_20251217T163546172635Z_JBU32PZ5UND3;Schadensfall;Point;8.2769356;49.9996928
SOB_20251217T163546172748Z_Z4MHMNRCDBCN;Schadensfall;Point;8.2679067;50.00137
SOB_20251217T163546172870Z_3YZ4QJCYQVHZ;Schadensfall;Point;8.2649506;50.0032493
SOB_20251217T163546172978Z_WWLGCFBZJFER;Schadensfall;Point;8.204171922592593;50.00021125
SOB_20251217T163546173086Z_YKFLQ5VCRZDT;Schadensfall;Point;8.2853411;50.0089363
SOB_20251217T163546173198Z_JQQJLPHHNVCV;Schadensfall;Point;8.2731723;50.0003275
SOB_20251217T163546173312Z_AFUKOFVMOFC5;Schadensfall;Point;8.278116112449403;49.99788875
SOB_20251217T163546173421Z_BDRWZDL6MNBW;Schadensfall;Point;8.2664723;50.0008091
SOB_20251217T163546173536Z_PRLOBVDYLZGZ;Schadensfall;Point;8.2633946;50.0013896
SOB_20251217T163546173650Z_NVPQSMSPDNA5;Schadensfall;Point;8.2693292;50.0001185
SOB_20251217T163546173758Z_TCYSLYPEQZFL;Schadensfall;Point;8.2726364;50.0005529
SOB_20251217T163546173873Z_YTLEGQUDG5FM;Schadensfall;Point;8.276703049795922;50.000173200000006
SOB_20251217T163546173984Z_X4OBSG7H7NDX;Schadensfall;Point;8.275835054207278;49.99633405
SOB_20251217T163546174099Z_4N2SFIA27VFA;Schadensfall;Point;8.251940292066921;50.00954935
SOB_20251217T163546174228Z_OXTJPZZVZZFC;Schadensfall;Point;8.2443621;49.9813236
SOB_20251217T163546174339Z_EX35FJI52FAB;Schadensfall;Point;8.2772424;49.9992434
SOB_20251217T163546174447Z_CKFN2TO7FJHC;Schadensfall;Point;8.2670409;50.0017451
SOB_20251217T163546174555Z_EWWJJT2RJRFU;Schadensfall;Point;8.2645953;50.0027824
SOB_20251217T163546174675Z_RIZ6UI6WMREY;Schadensfall;Point;8.204355749999998;49.99974185000001
SOB_20251217T163546174786Z_XIB5Z5PPTBDK;Schadensfall;Point;8.2852948;50.0090084
SOB_20251217T163546174893Z_WEXYA5GVZ5A5;Schadensfall;Point;8.2726364;50.0005529
SOB_20251217T163546175003Z_7VFVVJCAONBS;Schadensfall;Point;8.2746709;50.0033859
SOB_20251217T163546175111Z_C2XJKH5DFVAO;Schadensfall;Point;8.2668478;50.0008756
SOB_20251217T163546175219Z_X6J3LMS3AVCH;Schadensfall;Point;7.9679341;49.9826884
SOB_20251217T163546175337Z_BTVYYC4JONE7;Schadensfall;Point;8.276372694646273;49.995465550000006
SOB_20251217T163546175448Z_ZOIPRU7IK5GC;Schadensfall;Point;8.2726364;50.0005529
SOB_20251217T163546175555Z_YNC4OCUTAFCA;Schadensfall;Point;8.2429458;49.9815236
SOB_20251217T163546175665Z_6BUEYUFHPNFD;Schadensfall;Point;8.2755597;49.996436
SOB_20251217T163546175779Z_BWGUL2RSRFCC;Schadensfall;Point;8.2509153;50.0097431
SOB_20251217T163546175896Z_5REXCQ3WG5HG;Schadensfall;Point;8.281751902413795;50.008871850000006
SOB_20251217T163546176006Z_EQMKADQUTVFL;Schadensfall;Point;8.27773460800423;50.00010715
SOB_20251217T163546176136Z_DODQYTPNHFB7;Schadensfall;Point;8.2667938;50.0017215
SOB_20251217T163546176250Z_HUJOVT3WGJD7;Schadensfall;Point;8.2661841;50.0028132
SOB_20251217T163546176359Z_4KCHW5JILJGW;Schadensfall;Point;8.20460444181472;49.99978405
SOB_20251217T163546176477Z_QLQEAV43BVGU;Schadensfall;Point;8.2852948;50.0090084
SOB_20251217T163546176595Z_W5B2GAUODVBH;Schadensfall;Point;8.274203;50.0004998
SOB_20251217T163546176743Z_YZGNUSAP2VET;Schadensfall;Point;8.2776077;49.9986878
SOB_20251217T163546176940Z_34D6OAVZORES;Schadensfall;Point;8.266259941338065;50.00071875
SOB_20251217T163546177154Z_VCIEHSKQERC6;Schadensfall;Point;7.9692436;49.9824843
SOB_20251217T163546177356Z_X2PH74QPFZAR;Schadensfall;Point;8.271545255693843;49.96980175
SOB_20251217T163546177588Z_UCGUBSQJUZCG;Schadensfall;Point;8.2726364;50.0005529
SOB_20251217T163546177801Z_STRZBRBAL5FT;Schadensfall;Point;8.2653659;49.9953799
SOB_20251217T163546178000Z_SYQVL4UECVC3;Schadensfall;Point;8.275471873188405;49.9965574
SOB_20251217T163546178214Z_OHDASWNLNVCX;Schadensfall;Point;8.2509153;50.0097431
SOB_20251217T163546178441Z_WEYKCPAEK5BN;Schadensfall;Point;8.2443979;49.9816646
SOB_20251217T163546178652Z_C35VDJ5UEVGR;Schadensfall;Point;8.2769356;49.9996928
SOB_20251217T163546178787Z_PNGTLW6RKVCE;Schadensfall;Point;8.2667938;50.0017215
SOB_20251217T163546178928Z_U2GKROFUUJB3;Schadensfall;Point;8.2649506;50.0032493
SOB_20251217T163546179061Z_GHFWLIERHJCN;Schadensfall;Point;8.204750128441987;49.99958235
SOB_20251217T163546179188Z_EWIBMHKGCRCG;Schadensfall;Point;8.2852948;50.0090084
SOB_20251217T163546179352Z_EZB4GMLS45EU;Schadensfall;Point;8.2726364;50.0005529
SOB_20251217T163546179482Z_NWJURVUCGZBM;Schadensfall;Point;8.2773412;49.9989839
SOB_20251217T163546179608Z_APLZR4B5FNHC;Schadensfall;Point;8.2668695;50.0005422
SOB_20251217T163546179736Z_GKLQPSW6TNHH;Schadensfall;Point;7.9679341;49.9826884
SOB_20251217T163546179857Z_EPFTWQTPZBDD;Schadensfall;Point;8.234157147759316;49.96278615
SOB_20251217T163546179985Z_7SK7RDOR6FHG;Schadensfall;Point;8.2726364;50.0005529
SOB_20251217T163546180111Z_OZCVHVFRHNCX;Schadensfall;Point;8.252902500000001;49.91775985
SOB_20251217T163546180232Z_VOG7LTQF25HE;Schadensfall;Point;8.2752394;49.9966547
SOB_20251217T163546180351Z_XV24SHKA3VH4;Schadensfall;Point;8.2546003;50.0113591
SOB_20251217T163546180474Z_KXVJ5O44KRF7;Schadensfall;Point;8.2823259;50.0082851
SOB_20251217T163546180593Z_RWQY2SBHVNHB;Schadensfall;Point;8.2769356;49.9996928
SOB_20251217T163546180723Z_C2DUP2XMFFH5;Schadensfall;Point;8.2679067;50.00137
SOB_20251217T163546180848Z_N6NXV3M2XJGI;Schadensfall;Point;8.26393039948052;50.0017823
SOB_20251217T163546180971Z_3NPKUHHFXFFG;Schadensfall;Point;8.204722250000003;49.9989815
SOB_20251217T163546181091Z_OGISJVAXTFCX;Schadensfall;Point;8.142372602272726;50.0380613
SOB_20251217T163546181214Z_MBWWTEXBQJB2;Schadensfall;Point;8.2726364;50.0005529
SOB_20251217T163546181346Z_DLCZKHGGLJES;Schadensfall;Point;8.276786117457632;50.0000233
SOB_20251217T163546181467Z_AUJYBUUWANGR;Schadensfall;Point;8.2668695;50.0005422
SOB_20251217T163546181578Z_QQ44CQAW55AK;Schadensfall;Point;8.2701742;49.95584
SOB_20251217T163546181753Z_R6JGESLZMFFE;Schadensfall;Point;8.268225783125779;49.9561194
SOB_20251217T163546181960Z_UAV4G5FTMRFC;Schadensfall;Point;8.2726364;50.0005529
SOB_20251217T163546182110Z_45MZXU42SNFE;Schadensfall;Point;8.347329108029513;50.0166078
SOB_20251217T163546182242Z_H2XDFMZQ6ZG6;Schadensfall;Point;8.275122628614007;49.99685665
SOB_20251217T163546182367Z_B6R3NMXGXZAR;Schadensfall;Point;8.2546003;50.0113591
SOB_20251217T163546182493Z_36CZAVMFNZBF;Schadensfall;Point;8.2823259;50.0082851
SOB_20251217T163546182623Z_A5ON73C27ZDI;Schadensfall;Point;8.2769356;49.9996928
SOB_20251217T163546182742Z_OWTQREXOENFS;Schadensfall;Point;8.2667938;50.0017215
SOB_20251217T163546182875Z_UUHEX3KH5NGR;Schadensfall;Point;8.3490403;50.0164576
SOB_20251217T163546183056Z_VQ6DSYOUCFCI;Schadensfall;Point;8.3490403;50.0164576
SOB_20251217T163546183359Z_3TOVHP53OBHQ;Schadensfall;Point;8.2852948;50.0090084
SOB_20251217T163546183598Z_MNQNRBGGKVBP;Schadensfall;Point;8.2726364;50.0005529
SOB_20251217T163546183741Z_7UKRSM7ZZBC6;Schadensfall;Point;8.0211757;49.9701235
SOB_20251217T163546183873Z_HXTCN3BMTND4;Schadensfall;Point;8.2668695;50.0005422
SOB_20251217T163546183995Z_TJXFCK4NFFE2;Schadensfall;Point;8.3487344;50.0153952
SOB_20251217T163546184116Z_JYZB6UTSLFAR;Schadensfall;Point;8.361985015999709;50.0136121
SOB_20251217T163546184239Z_ZEYPXXKUJFBN;Schadensfall;Point;8.2726364;50.0005529
SOB_20251217T163546184360Z_ENAZH36E7BD3;Schadensfall;Point;8.16826175;50.02321165
SOB_20251217T163546184491Z_VKMYXQKI5NCP;Schadensfall;Point;8.2736522;49.9975871
SOB_20251217T163546184615Z_TDIAFUZYDVDF;Schadensfall;Point;8.2552231;50.0114141
SOB_20251217T163546184760Z_DLUC3FZ75NDZ;Schadensfall;Point;8.238771417482287;50.0402269
SOB_20251217T163546185011Z_75NLLYYBYVBU;Schadensfall;Point;8.2769356;49.9996928
SOB_20251217T163546185254Z_YJRSY6FSSZEC;Schadensfall;Point;8.2667938;50.0017215
SOB_20251217T163546185462Z_CBDBF7VAS5CB;Schadensfall;Point;8.2649506;50.0032493
SOB_20251217T163546185714Z_M5ZTWWKYJNBM;Schadensfall;Point;8.204984525425179;49.998412
SOB_20251217T163546185960Z_YCD5LDMAW5BI;Schadensfall;Point;8.2852948;50.0090084
SOB_20251217T163546186182Z_WCPGBBB7HZAU;Schadensfall;Point;8.2726364;50.0005529
SOB_20251217T163546186399Z_4I4GM7IS3JEZ;Schadensfall;Point;8.2746709;50.0033859
SOB_20251217T163546186645Z_PFSBRYD7BNHD;Schadensfall;Point;8.2668695;50.0005422
SOB_20251217T163546186820Z_6E6Z5QTUMJF2;Schadensfall;Point;7.9679341;49.9826884
SOB_20251217T163546186950Z_PAKUAJYQMZDR;Schadensfall;Point;8.167907611649767;50.02295285
SOB_20251217T163546187086Z_JSBEOJ5DFBGU;Schadensfall;Point;8.2726364;50.0005529
SOB_20251217T163546187225Z_6OXSZP7GNVHO;Schadensfall;Point;8.304562294969005;50.00106485
SOB_20251217T163546187348Z_2ECEBCLO3VDG;Schadensfall;Point;8.2743887;49.997207
SOB_20251217T163546187476Z_FRTGXDGJYNFX;Schadensfall;Point;8.2546612;50.0111709
SOB_20251217T163546187615Z_5GXM5KEJVNHJ;Schadensfall;Point;8.264582386214183;50.00035545
SOB_20251217T163546187736Z_ITYVSZ2UXNGU;Schadensfall;Point;8.2769356;49.9996928
SOB_20251217T163546187855Z_HJ5XLSQL75AE;Schadensfall;Point;8.2667938;50.0017215
SOB_20251217T163546187982Z_PCSKNDLC55AZ;Schadensfall;Point;8.2649506;50.0032493
SOB_20251217T163546188102Z_WDQD4JBMB5HE;Schadensfall;Point;8.205134612905272;49.99812595
SOB_20251217T163546188228Z_RBALW6I6V5GJ;Schadensfall;Point;8.2852948;50.0090084
SOB_20251217T163546188350Z_IEYUQDXA4VCY;Schadensfall;Point;8.2726364;50.0005529
SOB_20251217T163546188471Z_O5EYFRMMQVBR;Schadensfall;Point;8.2746709;50.0033859
SOB_20251217T163546188588Z_KZKBT6JAJZGS;Schadensfall;Point;8.2668695;50.0005422
SOB_20251217T163546188718Z_O4P4SUDCV5AV;Schadensfall;Point;8.317743442382376;49.96211
SOB_20251217T163546188843Z_MMC7KXJDRBD3;Schadensfall;Point;8.31880685;49.9619924
SOB_20251217T163546188962Z_M4BUHBMUBJCX;Schadensfall;Point;8.2726364;50.0005529
SOB_20251217T163546189081Z_VDXNXPYX2FHV;Schadensfall;Point;8.272318985882848;50.00181791430383
SOB_20251217T163546189204Z_ND7NVLZLDFCF;Schadensfall;Point;8.2741079;49.9973466
SOB_20251217T163546189323Z_Q7ZTBWCBLZAG;Schadensfall;Point;8.2560853;50.0115765
SOB_20251217T163546189449Z_G7Q7LKPXYBB5;Schadensfall;Point;7.8942799;49.9679516
SOB_20251217T163546189574Z_AE22JW2N3NFO;Schadensfall;Point;8.2769356;49.9996928
SOB_20251217T163546189700Z_BEKHR5M2IZDI;Schadensfall;Point;8.2667938;50.0017215
SOB_20251217T163546189819Z_CJ32654YANAP;Schadensfall;Point;8.2649506;50.0032493
SOB_20251217T163546189942Z_YWYMBPG4TBCW;Schadensfall;Point;8.2043992;49.9999309
SOB_20251217T163546190061Z_LT5GLMOESJGO;Schadensfall;Point;8.2852948;50.0090084
SOB_20251217T163546190187Z_GZ6CHTLC4VC5;Schadensfall;Point;8.2726364;50.0005529
SOB_20251217T163546190312Z_557BSRJUVJFD;Schadensfall;Point;8.2746709;50.0033859
SOB_20251217T163546190443Z_KDGYRUTUFZDY;Schadensfall;Point;8.2668695;50.0005422
SOB_20251217T163546190556Z_7ZEHYX32IZCF;Schadensfall;Point;8.318977149999997;49.96191445
SOB_20251217T163546190671Z_TKEIVXYRPVCY;Schadensfall;Point;8.320311700000001;49.96204635
SOB_20251217T163546190792Z_RRW7OBNF6VHO;Schadensfall;Point;8.2726364;50.0005529
SOB_20251217T163546190901Z_RKB5FDUFPRGR;Schadensfall;Point;8.1993224;49.9568478
SOB_20251217T163546191015Z_75Q3EA2FR5CP;Schadensfall;Point;8.2740148;49.9974185
SOB_20251217T163546191128Z_WXIC3ILZM5G4;Schadensfall;Point;8.256806475678088;50.01211205
SOB_20251217T163546191268Z_ZVJZAANFQRHG;Schadensfall;Point;8.280893200000001;49.99080555
SOB_20251217T163546191386Z_Q674CMP3PNAS;Schadensfall;Point;8.2769356;49.9996928
SOB_20251217T163546191500Z_FPOWJG2OOBEZ;Schadensfall;Point;8.2667938;50.0017215
SOB_20251217T163546191614Z_DCHQG72POBHR;Schadensfall;Point;8.2649506;50.0032493
SOB_20251217T163546191727Z_DXPIJ2ZANNEP;Schadensfall;Point;8.2049692;49.998762
SOB_20251217T163546191841Z_2AKIVQBUTFAP;Schadensfall;Point;8.2852948;50.0090084
SOB_20251217T163546191960Z_XWMJSBX7Y5EE;Schadensfall;Point;8.2726364;50.0005529
SOB_20251217T163546192091Z_UQ3ZL3QKVNC4;Schadensfall;Point;8.275909061076574;50.00212065
SOB_20251217T163546192206Z_PL5RUFNUCNB6;Schadensfall;Point;8.2668695;50.0005422
SOB_20251217T163546192317Z_MFTBWGOOR5DG;Schadensfall;Point;8.28052385;49.98459895
SOB_20251217T163546192427Z_6NPM734RW5AJ;Schadensfall;Point;8.281557636477759;49.98391045
SOB_20251217T163546192543Z_GJTJCNUCN5FI;Schadensfall;Point;8.2726364;50.0005529
SOB_20251217T163546192664Z_RWRVOUJJMJAA;Schadensfall;Point;8.3231682;49.9958734
SOB_20251217T163546192776Z_H3HRJ2SNVZCI;Schadensfall;Point;8.273902354578487;49.99755905
SOB_20251217T163546192891Z_P2PI3OFGI5FZ;Schadensfall;Point;8.252281672790538;50.00996935
SOB_20251217T163546193007Z_XHTKFKPAERCG;Schadensfall;Point;8.239716068821966;50.042164
SOB_20251217T163546193117Z_6TZJKBIFZVAJ;Schadensfall;Point;8.2769356;49.9996928
SOB_20251217T163546193241Z_KX2KQOYVZFEV;Schadensfall;Point;8.2667938;50.0017215
SOB_20251217T163546193363Z_HTXSZMZ4FRGI;Schadensfall;Point;8.2649506;50.0032493
SOB_20251217T163546193527Z_DSBYVC5TCREH;Schadensfall;Point;8.284184910126045;49.98439085
SOB_20251217T163546193759Z_3RDG6FFVWNGO;Schadensfall;Point;8.2659603;50.0050583
SOB_20251217T163546193987Z_DSYQ6FUMZJDR;Schadensfall;Point;8.282928546652892;49.98442865
SOB_20251217T163546194208Z_JGLW3TJAR5HQ;Schadensfall;Point;8.2757544;50.0030535
SOB_20251217T163546194433Z_BTU7PE5L6JHF;Schadensfall;Point;8.2668695;50.0005422
SOB_20251217T163546194654Z_VUYUGAHD2BE2;Schadensfall;Point;7.9679341;49.9826884
SOB_20251217T163546194859Z_ZR4GYS6YMRCZ;Schadensfall;Point;7.966341249999997;49.9809199
SOB_20251217T163546195056Z_DAIGHDWNFRHH;Schadensfall;Point;8.2726364;50.0005529
SOB_20251217T163546195334Z_WESAHVW2QZAS;Schadensfall;Point;8.3115697;50.015156
SOB_20251217T163546195507Z_7NF36Z66ABEQ;Schadensfall;Point;8.2736522;49.9975871
SOB_20251217T163546195633Z_OGR23QAPVFAI;Schadensfall;Point;8.2546612;50.0111709
SOB_20251217T163546195790Z_F4KRPZNBWBC3;Schadensfall;Point;8.2400516;50.0427184
SOB_20251217T163546195927Z_SDLTA4C4TRBV;Schadensfall;Point;8.2769356;49.9996928
SOB_20251217T163546196048Z_TKSUPS6CUBAT;Schadensfall;Point;8.2667938;50.0017215
SOB_20251217T163546196182Z_MLC7UHSRLNGR;Schadensfall;Point;8.2649506;50.0032493
SOB_20251217T163546196310Z_2EDKZG6HI5HL;Schadensfall;Point;8.2043992;49.9999309
SOB_20251217T163546196432Z_BNKPCSSDANGE;Schadensfall;Point;8.2852948;50.0090084
SOB_20251217T163546196555Z_DFPA43EKPZB5;Schadensfall;Point;8.2748124;50.0003402
SOB_20251217T163546196682Z_D6QY43JHJNGB;Schadensfall;Point;8.2589437;50.0062207
SOB_20251217T163546196813Z_HD5ZW7HWZJBN;Schadensfall;Point;8.2668695;50.0005422
SOB_20251217T163546196933Z_FYQ4XLPPA5FW;Schadensfall;Point;8.2623765;49.99490525
SOB_20251217T163546197057Z_DQLKXPN7JNCB;Schadensfall;Point;8.26288627546241;49.99484605
SOB_20251217T163546197177Z_CW5SE34KZZF3;Schadensfall;Point;8.274303;49.9998797
SOB_20251217T163546197296Z_KTBVSTH7F5DI;Schadensfall;Point;8.200273041331641;50.00058455
SOB_20251217T163546197420Z_E2FTDQ7X4RFV;Schadensfall;Point;8.2738657;49.9976568
SOB_20251217T163546197547Z_BWUXWKNJXVBE;Schadensfall;Point;8.256768991327512;50.012585400000006
SOB_20251217T163546197715Z_GPU742QM7FHR;Schadensfall;Point;8.267550569228582;50.0076483
SOB_20251217T163546197861Z_PLOQY56FWND5;Schadensfall;Point;8.277147199099993;49.99988775
SOB_20251217T163546197984Z_EHC6B5KPPFAJ;Schadensfall;Point;8.2664995;50.0018975
SOB_20251217T163546198156Z_DNWH7PIQXNHB;Schadensfall;Point;8.2262611;50.0443681
SOB_20251217T163546198291Z_M6P7WDWIDRA5;Schadensfall;Point;8.316322322889024;49.96399795
SOB_20251217T163546198411Z_DEQBVE7R4RDQ;Schadensfall;Point;8.316532250000002;49.9635608
SOB_20251217T163546198530Z_KXJPAJJ3I5BF;Schadensfall;Point;8.318867676861977;49.96340595
SOB_20251217T163546198656Z_VIS3PKJ5YJHD;Schadensfall;Point;8.320023779118497;49.96269555
SOB_20251217T163546198777Z_3PT4UNZWT5D6;Schadensfall;Point;8.324011350000001;49.9604323
SOB_20251217T163546198900Z_XXNHZRAIMBEL;Schadensfall;Point;8.318136967212517;49.96357605
SOB_20251217T163546199021Z_IKNHQMOATNFK;Schadensfall;Point;8.322351350000002;49.9589002
SOB_20251217T163546199146Z_AF7XPEV2QNEI;Schadensfall;Point;8.316897660363377;49.958703400000005
SOB_20251217T163546199265Z_7EWTB5F6UBEX;Schadensfall;Point;8.31386440345442;49.9561681
SOB_20251217T163546199387Z_OZDQVWX7PJB4;Schadensfall;Point;8.306831083931776;49.9566818
SOB_20251217T163546199514Z_Y4DCYQOTPVEH;Schadensfall;Point;8.309723148943764;49.9529294
SOB_20251217T163546199638Z_RGD5XVCMJ5FZ;Schadensfall;Point;8.306276846926885;49.9568563
SOB_20251217T163546199757Z_35YC2C6KWZBK;Schadensfall;Point;8.347072232088607;49.9915058
SOB_20251217T163546199882Z_6S4D2TZDYNHD;Schadensfall;Point;8.3528611;49.988616
SOB_20251217T163546200002Z_BVJU4OVCP5CK;Schadensfall;Point;8.22731387905974;49.9893223
SOB_20251217T163546200123Z_FXSUJ5F43VDL;Schadensfall;Point;8.213276050000001;49.99698085
SOB_20251217T163546200254Z_ZKHQ366BPFBH;Schadensfall;Point;8.285403808484535;50.0085246
SOB_20251217T163546200373Z_PUYIWS65MZDK;Schadensfall;Point;8.2486564;50.0771929
SOB_20251217T163546200491Z_SMARHDYOPNEM;Schadensfall;Point;8.285153721529753;50.0089323
SOB_20251217T163546200659Z_FL7ONHIMB5FW;Schadensfall;Point;8.2668695;50.0005422
SOB_20251217T163546200781Z_BWNR26IM3JBF;Schadensfall;Point;8.2977234;49.9825787
SOB_20251217T163546200914Z_SOILTWCBOJBU;Schadensfall;Point;8.17452640484694;49.99118315
SOB_20251217T163546201027Z_XWW65HV2LZE5;Schadensfall;Point;8.174554897785388;49.99113545
SOB_20251217T163546201141Z_KD6DHVQ65BBF;Schadensfall;Point;8.173153856578914;49.9882074
SOB_20251217T163546201253Z_WMNNWBZ5WBEZ;Schadensfall;Point;8.17041385;49.98830485
SOB_20251217T163546201370Z_MRQGYQYHLNE3;Schadensfall;Point;8.169345947569138;49.98848075
SOB_20251217T163546201490Z_F7N7EYPT3FDN;Schadensfall;Point;8.167844761668576;49.98917335
SOB_20251217T163546201606Z_DWN6DECEX5DF;Schadensfall;Point;8.16686275;49.9897281
SOB_20251217T163546201732Z_BRWBDVBUWZAJ;Schadensfall;Point;8.2667791;50.0017885
SOB_20251217T163546201929Z_4YA3PFIXCFAU;Schadensfall;Point;8.26710394441571;50.00515245
SOB_20251217T163546202155Z_554SFZBBL5AZ;Schadensfall;Point;8.2488063;49.9157971
SOB_20251217T163546202355Z_PBI4YR6GIBEL;Schadensfall;Point;8.246511920830939;49.9165139
SOB_20251217T163546202604Z_DMDWZWEW5NEY;Schadensfall;Point;8.250619814616703;49.91208348930901
SOB_20251217T163546202846Z_P6JXWI5NJBFW;Schadensfall;Point;8.251085859499385;49.91154079467511
SOB_20251217T163546203064Z_SFDUVTYK7BAD;Schadensfall;Point;8.251188017882752;49.91155138589833
SOB_20251217T163546203285Z_3BCVO2FQQ5GT;Schadensfall;Point;8.25128756368775;49.91158134736289
SOB_20251217T163546203533Z_CXX2TPF5KBEK;Schadensfall;Point;8.249444117504698;49.9107647
SOB_20251217T163546203725Z_EQG654J33NAN;Schadensfall;Point;8.246083741245485;49.91101195
SOB_20251217T163546203876Z_GPF4PBGVKZDJ;Schadensfall;Point;8.243941862185057;49.91120455
SOB_20251217T163546204006Z_DXBCUFQZ3NA2;Schadensfall;Point;8.242763163834127;49.91155795
SOB_20251217T163546204147Z_JNHYUXDVKNCK;Schadensfall;Point;8.240335949999997;49.91169495
SOB_20251217T163546204270Z_KDWJVGUZJNG4;Schadensfall;Point;8.240000136090682;49.911473
SOB_20251217T163546204400Z_ZHSD5WILPZGR;Schadensfall;Point;8.238489316374796;49.91171455
SOB_20251217T163546204521Z_MSDYH7U65ZEF;Schadensfall;Point;8.23903855;49.9120656
SOB_20251217T163546204650Z_7QBT5MVBEBH6;Schadensfall;Point;8.235859969932433;49.91216805
SOB_20251217T163546204776Z_PL7LKUCJIZDX;Schadensfall;Point;8.2364409;49.9117187
SOB_20251217T163546204897Z_WBCSBBDVNBB4;Schadensfall;Point;8.23589902586421;49.9119581
SOB_20251217T163546205017Z_T6IE7TOMTBFO;Schadensfall;Point;8.190082027606678;49.959098
SOB_20251217T163546205148Z_6CZN6SYTTREB;Schadensfall;Point;8.190994214749534;49.9588164
SOB_20251217T163546205272Z_OSRJ6UTZCFHF;Schadensfall;Point;8.191963903880342;49.9582318
SOB_20251217T163546205392Z_7TNLMZJDFREA;Schadensfall;Point;8.191866596335739;49.9572579
SOB_20251217T163546205517Z_WPY76PF7MFFJ;Schadensfall;Point;8.190475871003137;49.9527259
SOB_20251217T163546205641Z_D7HQS4R72RHR;Schadensfall;Point;8.190311949999998;49.9515322
SOB_20251217T163546205767Z_QR3D4RVWYZH3;Schadensfall;Point;8.2002675;49.9597215
SOB_20251217T163546205890Z_ONKBLDVJ7FEN;Schadensfall;Point;8.2014735;49.9594282
SOB_20251217T163546206055Z_JUWVRRBEMNFV;Schadensfall;Point;8.18965885;49.95560865
SOB_20251217T163546206178Z_JW5Y452X45DT;Schadensfall;Point;8.189166442195038;49.9550433
SOB_20251217T163546206307Z_EIE26BFNL5CZ;Schadensfall;Point;8.189607204976117;49.9533687
SOB_20251217T163546206435Z_NNAF7DAKCZHS;Schadensfall;Point;8.1911490553533;49.9750888
SOB_20251217T163546206553Z_UYASRISBJRD5;Schadensfall;Point;8.1912121;49.9754608
SOB_20251217T163546206678Z_GFGP6OT5UBGL;Schadensfall;Point;8.196477820675806;49.97919215
SOB_20251217T163546206800Z_Y2YRJGNAWNFQ;Schadensfall;Point;8.171703;50.0230032
SOB_20251217T163546206926Z_TGH2H4KWTBA3;Schadensfall;Point;8.175530850000001;50.02064965
SOB_20251217T163546207039Z_Y2M3N6NEPNHH;Schadensfall;Point;8.178791458866712;50.0187929
SOB_20251217T163546207166Z_3ZWMH7RMCVDJ;Schadensfall;Point;8.176412854916602;50.01753155
SOB_20251217T163546207276Z_HX4EQYVL6VBH;Schadensfall;Point;8.257731072887228;49.9622299
SOB_20251217T163546207389Z_LCBO3HIIXRBB;Schadensfall;Point;8.277699140554665;49.95802235
SOB_20251217T163546207504Z_JMDVVIASHBAG;Schadensfall;Point;8.209610500000007;49.90117645
SOB_20251217T163546207625Z_UJHRJR3CRJFS;Schadensfall;Point;8.309874719997651;49.9601071
SOB_20251217T163546207742Z_N3E2X247ERCO;Schadensfall;Point;8.2373267;49.9744752
SOB_20251217T163546207862Z_LRJ5QTUIAFFT;Schadensfall;Point;8.2387755;49.9746154
SOB_20251217T163546207973Z_2NAY3S24ANCM;Schadensfall;Point;8.243060399157619;49.97177675
SOB_20251217T163546208105Z_5BZNAHVF5VDT;Schadensfall;Point;8.275250450000005;49.9677909
SOB_20251217T163546208226Z_BVGNL4MM5NGA;Schadensfall;Point;8.274643400000008;49.9671464
SOB_20251217T163546208347Z_V7K3KJF4RVBP;Schadensfall;Point;8.27563932050058;49.9655218
SOB_20251217T163546208457Z_ZXTDHQ6IMVDC;Schadensfall;Point;8.324586;49.9992596
SOB_20251217T163546208567Z_RJFNQXKPWBGU;Schadensfall;Point;8.326077126268434;49.99786567472192
SOB_20251217T163546208688Z_C7FFWCZWYZCS;Schadensfall;Point;8.314057373890785;49.9973533
SOB_20251217T163546208799Z_IE6PJ44SVREV;Schadensfall;Point;8.3213207;49.9912091
SOB_20251217T163546208908Z_ALFEI74ILJC6;Schadensfall;Point;8.2735078;49.9972035
SOB_20251217T163546209030Z_EPVCXGZJX5DO;Schadensfall;Point;8.2636875;50.0001794
SOB_20251217T163546209142Z_RSXPTN2EFBEJ;Schadensfall;Point;8.2630167;49.9997741
SOB_20251217T163546209253Z_CMOIYN6W2RC6;Schadensfall;Point;8.261303123901863;50.0000471
SOB_20251217T163546209373Z_MLM6T37NUJAL;Schadensfall;Point;8.264326774352309;49.9981546
SOB_20251217T163546209485Z_NJ57HS52WBD5;Schadensfall;Point;8.266565759504463;49.9961063
SOB_20251217T163546209603Z_U5ZF2VROJNGJ;Schadensfall;Point;8.266770442633927;49.99601045
SOB_20251217T163546209721Z_2O7E3ROX7BFY;Schadensfall;Point;8.2730648;49.9940161
SOB_20251217T163546209830Z_XDBU4QLK3ND7;Schadensfall;Point;8.2721376;49.9932127
SOB_20251217T163546209948Z_UGPOIUCMVZGK;Schadensfall;Point;8.271342949999998;49.99247865
SOB_20251217T163546210120Z_FIRMEN25GVBU;Schadensfall;Point;8.273403670886717;49.985712750000005
SOB_20251217T163546210352Z_IVGVWWFQYZHU;Schadensfall;Point;8.274202950000001;49.98579845
SOB_20251217T163546210568Z_A6CGFJ7NSNGV;Schadensfall;Point;8.2799729;49.98438025
SOB_20251217T163546210778Z_6YQBBTRYJRAK;Schadensfall;Point;8.2886186;49.9820853
SOB_20251217T163546210994Z_K2W2EXLL4RDX;Schadensfall;Point;8.29476489;49.98197725
SOB_20251217T163546211199Z_X766BXFGBNCK;Schadensfall;Point;8.297339797291292;49.97469785
SOB_20251217T163546211390Z_ZAJW5JU37VDD;Schadensfall;Point;8.301906903223255;49.97666775
SOB_20251217T163546211634Z_ALRZTIFBANGY;Schadensfall;Point;8.298396849999996;49.9812372
SOB_20251217T163546211893Z_YON5J4OW5BEV;Schadensfall;Point;8.301701296776745;49.97657475
SOB_20251217T163702189730Z_FJM75UHCGBDU;Gutachter;Point;8.2651253;50.0009492
SOB_20251217T163702190174Z_DPBYGRMIKZAY;Gutachter;Point;8.2226568;50.0270741
SOB_20251217T163702190385Z_XWEXBLAFGJE7;Gutachter;Point;8.2623855;50.0120554
SOB_20251217T163702190541Z_UZ2FHEOLFBE2;Gutachter;Point;8.2734124;49.9997482
SOB_20251217T163702190689Z_UMS4B53ESNGH;Gutachter;Point;8.2440107;49.9817765
SOB_20251217T163702190842Z_7ZNV2HSFLJG2;Gutachter;Point;8.2430119;50.011787
SOB_20251217T163702190986Z_5COAA7TCTVBM;Gutachter;Point;8.176211299999999;50.02805845
SOB_20251217T163702191129Z_HGGKZKK6MBEV;Gutachter;Point;8.156528797430017;49.93239578349179
SOB_20251217T163702191273Z_MKTLKHFW55H7;Gutachter;Point;8.2684271;50.009158
SOB_20251217T163702191453Z_JC3SL3KRZNB7;Gutachter;Point;8.2666173;50.0008396
SOB_20251217T163702191619Z_FP4FSD2KRVDT;Gutachter;Point;8.1655716;50.0211657
SOB_20251217T163702191764Z_3N3NCZRH4RAY;Gutachter;Point;8.17805830356793;49.9899934
SOB_20251217T163702191907Z_YFEGULTEZFDW;Gutachter;Point;8.213112019325148;49.9389397249625
SOB_20251217T163702192049Z_SWYOP364OJDH;Gutachter;Point;8.207099078130279;50.0021462
SOB_20251217T163702192193Z_IUULYTJADZHO;Gutachter;Point;8.207099078130279;50.0021462
SOB_20251217T163702192334Z_IEZSZ2TCK5CR;Gutachter;Point;8.19672465275557;49.97777525
SOB_20251217T163702192481Z_ZD7ILHRZ5JF2;Gutachter;Point;8.1911490553533;49.9750888
SOB_20251217T163702192622Z_4BO7SBK2UVAG;Gutachter;Point;8.17697670205619;49.98762055
SOB_20251217T163702192762Z_I4GSGDX3WVB2;Gutachter;Point;8.244105787739214;50.04029954336035
SOB_20251217T163702192905Z_7WPLVDERKBEE;Gutachter;Point;8.083131482175357;50.04104922005997
SOB_20251217T163702193045Z_PUOKXJP3RJHO;Gutachter;Point;8.1794968;49.9985603
SOB_20251217T163702193197Z_KHADQCEE75BX;Gutachter;Point;8.233902982025395;50.01666444999999
SOB_20251217T163702193340Z_UGT6VEYWXFFV;Gutachter;Point;8.298259700000003;49.98185295
SOB_20251217T163702193480Z_25GWBUSHM5F4;Gutachter;Point;8.13450489366194;49.91217
SOB_20251217T163702193625Z_6GUBUQUTAJGO;Gutachter;Point;8.204255840625;50.0020308
SOB_20251217T163702193767Z_V36PNQFWTZBE;Gutachter;Point;8.2566906;49.9986509
SOB_20251217T163702193915Z_IW74OXCOABCG;Gutachter;Point;8.355732776437355;49.84639657870574
SOB_20251217T163702194059Z_4OGQG7KGDZAK;Gutachter;Point;8.23317313342952;50.00056375
SOB_20251217T163702194201Z_2W4W3VLAQNBB;Gutachter;Point;8.263617634011624;50.000486
SOB_20251217T163702194343Z_FHNEUZ6T65G6;Gutachter;Point;8.2429846;50.0203316
SOB_20251217T163702194483Z_XPVJXNXFIBCZ;Gutachter;Point;8.2615224;50.0041897
SOB_20251217T163702194625Z_75KXZUB32VFN;Gutachter;Point;8.26056481803101;50.01097635
SOB_20251217T163702194772Z_UHJ2I2XCNRCF;Gutachter;Point;8.30158337384107;49.98352185
SOB_20251217T163702194914Z_2RPXTRXGJFAP;Gutachter;Point;8.244886782126217;49.99097355
SOB_20251217T163702195061Z_2V25Q5A7YVA5;Gutachter;Point;8.217546841508575;50.01546874002122
SOB_20251217T163702195204Z_2T5BXE5VPNBK;Gutachter;Point;8.28077052030995;49.961759
SOB_20251217T163702195354Z_BY2KNDAQGBHW;Gutachter;Point;8.260633417664772;50.007107
SOB_20251217T163702195515Z_ZEOIROJZWVCV;Gutachter;Point;8.2488889;50.0132329
SOB_20251217T163702195658Z_453WQXJTS5FQ;Gutachter;Point;8.2687237;49.9891344
SOB_20251217T163702195844Z_DTEQSQYJLVGK;Gutachter;Point;8.279606002994901;49.9830213
SOB_20251217T163702196050Z_5NSN2EPPJVE5;Gutachter;Point;8.3014828;50.0059176
SOB_20251217T163702196229Z_KMYKLE4WKJBN;Gutachter;Point;8.225281;50.008052
SOB_20251217T163702196397Z_K43GXSKZ3VGU;Gutachter;Point;8.1154546;49.9964567
SOB_20251217T163702196543Z_JXBDC3F5HZE7;Gutachter;Point;8.271969497647763;50.0039573
SOB_20251217T163702196685Z_334MJCO6PBFC;Gutachter;Point;8.3352375;49.8744445
SOB_20251217T163702196827Z_ACZJYO7F3FF4;Gutachter;Point;8.317094310120272;49.9287199
SOB_20251217T163702196970Z_MSDLVHZFRVCS;Gutachter;Point;8.228849550000003;50.02036285
SOB_20251217T163702197126Z_KTEOCDBIP5EA;Gutachter;Point;8.202070834948824;49.90842535
SOB_20251217T163702197271Z_ILOPC4OUNRFO;Gutachter;Point;8.2459079;49.9944608
SOB_20251217T163702197413Z_XPYFFKCAQ5DZ;Gutachter;Point;8.225985134931328;50.092173200000005
