SOB_ID;Vertragsnummer
SOB_20251217T163546138062Z_SGVGAWRLQRE4;V10020001
SOB_20251217T163546138570Z_RICIOOM7DBBX;V10020002
SOB_20251217T163546138841Z_UC64XLFVJVCZ;V10020003
SOB_20251217T163546139045Z_YKVUDV2E75EU;V10020004
SOB_20251217T163546139217Z_GIDFBGU7UBAF;V10020005
SOB_20251217T163546139377Z_2IVNSUQTIFA6;V10020006
SOB_20251217T163546139528Z_YK43ZTRGW5FJ;V10020007
SOB_20251217T163546139688Z_C2J5CW7S3RFY;V10020008
SOB_20251217T163546139841Z_7FQEYI6LQFF2;V10020009
SOB_20251217T163546139994Z_DZRYB7AD3JHA;V10020010
SOB_20251217T163546140149Z_NQ733A4RGZEX;V10020011
SOB_20251217T163546140301Z_2Z3JE2MHPJCX;V10020012
SOB_20251217T163546140501Z_ESEONTNU5VAI;V10020013
SOB_20251217T163546140711Z_7XYTJMEAXFDG;V10020014
SOB_20251217T163546140963Z_SHAVY2PVTZFG;V10020015
SOB_20251217T163546141206Z_CZ4GUDS7CJDT;V10020016
SOB_20251217T163546141434Z_H6RBAQOTCNBN;V10020017
SOB_20251217T163546141621Z_OHDJEFNPSVHE;V10020018
SOB_20251217T163546141776Z_5LTT5ZV4FZAE;V10020019
SOB_20251217T163546141926Z_OC4CEHDWR5FV;V10020020
SOB_20251217T163546142085Z_3Y45GBB3WRAG;V10020021
SOB_20251217T163546142236Z_YMLJUG4IM5AC;V10020022
SOB_20251217T163546142380Z_BNUXKQSC2FE7;V10020023
SOB_20251217T163546142529Z_SQAUU54WKBCQ;V10020024
SOB_20251217T163546142679Z_J4QDUGYXFNBI;V10020025
SOB_20251217T163546142823Z_TMHFK5ZESBHZ;V10020026
SOB_20251217T163546142986Z_MU5ENCSWFFBQ;V10020027
SOB_20251217T163546143139Z_O56T45AOOFDE;V10020028
SOB_20251217T163546143295Z_QROICQKS65BY;V10020029
SOB_20251217T163546143455Z_NWFWLI5TJ5FI;V10020030
SOB_20251217T163546143606Z_PRJ5OVRZSNDH;V10020031
SOB_20251217T163546143898Z_UWSQ3WYOLNAR;V10020032
SOB_20251217T163546144144Z_4SXVKSA24BFN;V10020033
SOB_20251217T163546144347Z_W5TRO7T5SJF3;V10020034
SOB_20251217T163546144535Z_I3NVPLX4IVAH;V10020035
SOB_20251217T163546144714Z_7YGSLAQ44BB3;V10020036
SOB_20251217T163546144915Z_P6FFDFT65NGD;V10020037
SOB_20251217T163546145102Z_OAR2KKROPJB6;V10020038
SOB_20251217T163546145271Z_XEHPBYJJERAK;V10020039
SOB_20251217T163546145438Z_QNAT3ZEYSVER;V10020040
SOB_20251217T163546145598Z_WQHSVWEGTRC2;V10020041
SOB_20251217T163546145747Z_IS47NIEHT5HL;V10020042
SOB_20251217T163546145903Z_L6VZGF3BQVD3;V10020043
SOB_20251217T163546146053Z_Q3KRMGLCFJCM;V10020044
SOB_20251217T163546146204Z_IXI2FI2OF5EF;V10020045
SOB_20251217T163546146350Z_JIJCKTKWMJHI;V10020046
SOB_20251217T163546146500Z_7QRQYMTZT5FN;V10020047
SOB_20251217T163546146656Z_YT3NCF77JZDH;V10020048
SOB_20251217T163546146805Z_MFSF3ZGGQND2;V10020049
SOB_20251217T163546146953Z_D2TRMSI3VNC2;V10020050
SOB_20251217T163546147081Z_QPZQ6K2M2NEA;V10020051
SOB_20251217T163546147208Z_MTDBKQZN7NDT;V10020052
SOB_20251217T163546147339Z_R57Z3QQ4A5CW;V10020053
SOB_20251217T163546147466Z_LLO4SXXJK5DX;V10020054
SOB_20251217T163546147588Z_4FQTDD6HBBEP;V10020055
SOB_20251217T163546147709Z_KSWRSJTA5JDP;V10020056
SOB_20251217T163546147840Z_TPW4FUTG7JED;V10020057
SOB_20251217T163546147963Z_FMD6LBEK4NBD;V10020058
SOB_20251217T163546148093Z_PXK332BWIBCM;V10020059
SOB_20251217T163546148220Z_YG4PWL6PEVAP;V10020060
SOB_20251217T163546148343Z_HTDVFK533ZHQ;V10020061
SOB_20251217T163546148465Z_VCC2PZWPR5GI;V10020062
SOB_20251217T163546148586Z_RQEGFV7OI5E4;V10020063
SOB_20251217T163546148713Z_XYI2H5YQAJD5;V10020064
SOB_20251217T163546148829Z_U5BWFLAKQJDG;V10020065
SOB_20251217T163546148962Z_KD57CDIDZRB7;V10020066
SOB_20251217T163546149083Z_X5SGXQHG6RDF;V10020067
SOB_20251217T163546149200Z_HMT5EU7KS5CM;V10020068
SOB_20251217T163546149327Z_OIHOBILDRZAH;V10020069
SOB_20251217T163546149447Z_MFTMFZX6XZFK;V10020070
SOB_20251217T163546149564Z_IALECBGIWNF6;V10020071
SOB_20251217T163546149683Z_Y5LBIL5JOVBP;V10020072
SOB_20251217T163546149812Z_3VL77AJNBNEW;V10020073
SOB_20251217T163546149929Z_ZVRCAH5RDFD6;V10020074
SOB_20251217T163546150051Z_RXG6M43W6RFB;V10020075
SOB_20251217T163546150171Z_V6RXUJ2SGBFC;V10020076
SOB_20251217T163546150288Z_BKP3TCM375CY;V10020077
SOB_20251217T163546150414Z_VMX6O3SHFNFB;V10020078
SOB_20251217T163546150537Z_IZWBEZXNNNFN;V10020079
SOB_20251217T163546150660Z_P3TJH4DX2JC5;V10020080
SOB_20251217T163546150778Z_Z7RYOJYJWVBI;V10020081
SOB_20251217T163546150895Z_FUOKMVZQVFAW;V10020082
SOB_20251217T163546151016Z_GJTF4SI4FREE;V10020083
SOB_20251217T163546151134Z_EH4IX32EH5BL;V10020084
SOB_20251217T163546151261Z_27ENV442WBGQ;V10020085
SOB_20251217T163546151389Z_XYYNDNOSIZHV;V10020086
SOB_20251217T163546151576Z_WP6NTW7UF5DP;V10020087
SOB_20251217T163546151784Z_X4WW47UKPRHD;V10020088
SOB_20251217T163546151950Z_OTHBRIYYUFGR;V10020089
SOB_20251217T163546152079Z_TVUYM6WJLFDC;V10020090
SOB_20251217T163546152225Z_3VCPKEUY5NAN;V10020091
SOB_20251217T163546152422Z_SVUMX7ILNRDI;V10020092
SOB_20251217T163546152554Z_KTF5HV5KIVGP;V10020093
SOB_20251217T163546152682Z_WDMC4YN3LBEU;V10020094
SOB_20251217T163546152820Z_FPU3CSBWOBF3;V10020095
SOB_20251217T163546153020Z_FXOT4ULCZFEQ;V10020096
SOB_20251217T163546153185Z_3BXWYETABVCY;V10020097
SOB_20251217T163546153324Z_UHBKSP4QTVDQ;V10020098
SOB_20251217T163546153459Z_5PN2WX3OE5BU;V10020099
SOB_20251217T163546153584Z_PC4XAPAHHFE7;V10020100
SOB_20251217T163546153722Z_LGFA3KSZ5BGF;V10020101
SOB_20251217T163546153865Z_MQJH6LRTSJDH;V10020102
SOB_20251217T163546153993Z_D7MAPEVP65DQ;V10020103
SOB_20251217T163546154119Z_2X7DSLWB6FCY;V10020104
SOB_20251217T163546154258Z_FE4IX2KOGRBV;V10020105
SOB_20251217T163546154389Z_YANIXUJ2ABHS;V10020106
SOB_20251217T163546154517Z_CN4BLZDCCZFH;V10020107
SOB_20251217T163546154643Z_OFJFZCNMYJCH;V10020108
SOB_20251217T163546154766Z_CGIIC5VR6RBH;V10020109
SOB_20251217T163546154894Z_JAMSHDB54ZGZ;V10020110
SOB_20251217T163546155029Z_PSA7CXKQXBBQ;V10020111
SOB_20251217T163546155155Z_KAAKVMLJZZC7;V10020112
SOB_20251217T163546155282Z_RDCJVWC3YRBB;V10020113
SOB_20251217T163546155410Z_QMCHU2P7TJBQ;V10020114
SOB_20251217T163546155575Z_BB7KBXPXY5DF;V10020115
SOB_20251217T163546155699Z_YQ7MDVUPFJA7;V10020116
SOB_20251217T163546155832Z_CXNLJR4IOJGH;V10020117
SOB_20251217T163546155959Z_UVKWHX2YZFFB;V10020118
SOB_20251217T163546156082Z_UP23CXI5DVE4;V10020119
SOB_20251217T163546156210Z_J6LH3GNSYNFE;V10020120
SOB_20251217T163546156339Z_NYJ6EA66GJGW;V10020121
SOB_20251217T163546156472Z_UYTYA3EB6NDM;V10020122
SOB_20251217T163546156600Z_FPERLN3WXFFN;V10020123
SOB_20251217T163546156729Z_FSYOGKZBMVE5;V10020124
SOB_20251217T163546156852Z_KTYCZY5JP5ER;V10020125
SOB_20251217T163546156974Z_Q5JDCNOBWFGI;V10020126
SOB_20251217T163546157110Z_GH37JAA26ZCE;V10020127
SOB_20251217T163546157233Z_GQY3BVQH4RD4;V10020128
SOB_20251217T163546157362Z_RGMJHDY62NFI;V10020129
SOB_20251217T163546157518Z_SYCHMB3ZBVBQ;V10020130
SOB_20251217T163546157639Z_IKO3CRKCSVEW;V10020131
SOB_20251217T163546157765Z_4LV5SLXTVJF5;V10020132
SOB_20251217T163546157890Z_MDJW6LOP5VHT;V10020133
SOB_20251217T163546158010Z_F73H7O6PRFGW;V10020134
SOB_20251217T163546158129Z_DQKHPIO2A5H6;V10020135
SOB_20251217T163546158253Z_OOE3PR7THRHJ;V10020136
SOB_20251217T163546158381Z_KXZCVXXSD5HD;V10020137
SOB_20251217T163546158512Z_MZ7YVGIVO5FL;V10020138
SOB_20251217T163546158631Z_7FBUQ3OBUZF7;V10020139
SOB_20251217T163546158755Z_J2PWSIKYJ5EF;V10020140
SOB_20251217T163546158875Z_KTPCFC2ASNB2;V10020141
SOB_20251217T163546159006Z_ECELQ2PGYFGC;V10020142
SOB_20251217T163546159134Z_Q5V55UFFGVGS;V10020143
SOB_20251217T163546159252Z_XEXWS3TPLBGQ;V10020144
SOB_20251217T163546159372Z_KL4VBKQGINBA;V10020145
SOB_20251217T163546159496Z_ODOSGEG4XFAY;V10020146
SOB_20251217T163546159621Z_OK7ZULM5HZEL;V10020147
SOB_20251217T163546159748Z_P5VDSZWUAND4;V10020148
SOB_20251217T163546159877Z_ID47OO4225GW;V10020149
SOB_20251217T163546160022Z_N3S3WAT2RVHO;V10020150
SOB_20251217T163546160166Z_MCSFOAHPGNDP;V10020151
SOB_20251217T163546160300Z_A5EPR2SGDBGD;V10020152
SOB_20251217T163546160436Z_T7PM64EI7ZGM;V10020153
SOB_20251217T163546160585Z_XJB5Q4IHYNBC;V10020154
SOB_20251217T163546161071Z_WX66G6IY2ZA6;V10020155
SOB_20251217T163546161470Z_AGOVER6GBNG5;V10020156
SOB_20251217T163546161924Z_RBJ5BFPXDFDK;V10020157
SOB_20251217T163546162185Z_CRIEN75U65DD;V10020158
SOB_20251217T163546162396Z_3WZMRXH7JVH2;V10020159
SOB_20251217T163546162583Z_75FMJMWCAFA2;V10020160
SOB_20251217T163546162773Z_D6HPPGD7VJFV;V10020161
SOB_20251217T163546162960Z_DNAOIKZSXNDK;V10020162
SOB_20251217T163546163147Z_QJ3GJE4O7NF2;V10020163
SOB_20251217T163546163337Z_WM7LF34OH5CQ;V10020164
SOB_20251217T163546163555Z_JKMSTPNL2VEZ;V10020165
SOB_20251217T163546163771Z_CVGLYAN64RAB;V10020166
SOB_20251217T163546163969Z_STQAG5BMINDI;V10020167
SOB_20251217T163546164160Z_OGAWLLHWTRE7;V10020168
SOB_20251217T163546164342Z_U363K2UO4RDH;V10020169
SOB_20251217T163546164538Z_CX2NOI3AN5BZ;V10020170
SOB_20251217T163546164725Z_TRGDKB6OSNHJ;V10020171
SOB_20251217T163546164906Z_GFT367RYABA7;V10020172
SOB_20251217T163546165060Z_VBVVRU2XKBGC;V10020173
SOB_20251217T163546165236Z_3HXU7FGKVJAF;V10020174
SOB_20251217T163546165390Z_L2QVQH5Q2BGR;V10020175
SOB_20251217T163546165535Z_NV2EC7TJVFG7;V10020176
SOB_20251217T163546165678Z_OS3CWSHMKBCB;V10020177
SOB_20251217T163546165825Z_ESZ65NZEUBH7;V10020178
SOB_20251217T163546165968Z_CDOC6J6MJVHD;V10020179
SOB_20251217T163546166122Z_3MACKYBYYRBX;V10020180
SOB_20251217T163546166267Z_7J2ESWYBPNBM;V10020181
SOB_20251217T163546166409Z_BGZZHPPA4VG4;V10020182
SOB_20251217T163546166606Z_JTIYI5ILSNFZ;V10020183
SOB_20251217T163546166761Z_RO5NB5EQQBHY;V10020184
SOB_20251217T163546166920Z_Y3K5OAJHDNGE;V10020185
SOB_20251217T163546167064Z_66QET47NRBB6;V10020186
SOB_20251217T163546167216Z_G6FDJXZFBRAN;V10020187
SOB_20251217T163546167366Z_KOLSI74KI5EW;V10020188
SOB_20251217T163546167512Z_C3G53RBJR5HV;V10020189
SOB_20251217T163546167653Z_ZFCVSZ27NJHV;V10020190
SOB_20251217T163546167825Z_5VEI2IDY3FCA;V10020191
SOB_20251217T163546168039Z_S33KKZBREJBK;V10020192
SOB_20251217T163546168271Z_D4XMGW2KTBCO;V10020193
SOB_20251217T163546168534Z_465GEALJYVAR;V10020194
SOB_20251217T163546168881Z_66BQ6XXEA5E3;V10020195
SOB_20251217T163546169179Z_MD2U7IU5SVAJ;V10020196
SOB_20251217T163546169420Z_D5N66IH7DNCR;V10020197
SOB_20251217T163546169567Z_4IJVWLPYSBGR;V10020198
SOB_20251217T163546169744Z_3UUKCB4PDBEZ;V10020199
SOB_20251217T163546169902Z_MOMQ6NYZMRFY;V10020200
SOB_20251217T163546170057Z_HJLAP76VQJFF;V10020201
SOB_20251217T163546170228Z_Q74NKGN52FAT;V10020202
SOB_20251217T163546170373Z_OCSZTHNOJNBD;V10020203
SOB_20251217T163546170517Z_L375DWX2ANFT;V10020204
SOB_20251217T163546170706Z_HDH7FME5HZCA;V10020205
SOB_20251217T163546170864Z_YC57RCTVCZEL;V10020206
SOB_20251217T163546171004Z_NDTT447J7FAF;V10020207
SOB_20251217T163546171141Z_6OKR5MH32VBG;V10020208
SOB_20251217T163546171262Z_UJCMP643BNAM;V10020209
SOB_20251217T163546171388Z_L43QVZZI6RGT;V10020210
SOB_20251217T163546171511Z_2S3LPTVG2VCX;V10020211
SOB_20251217T163546171645Z_YP5PFOKOHRDT;V10020212
SOB_20251217T163546171770Z_65ZU5XV5NBBL;V10020213
SOB_20251217T163546171895Z_K2HCK77WXNFM;V10020214
SOB_20251217T163546172022Z_DLW6XGWFPZGA;V10020215
SOB_20251217T163546172148Z_C7D6AGZAXVEH;V10020216
SOB_20251217T163546172274Z_UHPFD7FSJREN;V10020217
SOB_20251217T163546172401Z_OVZKUFSSVRD6;V10020218
SOB_20251217T163546172526Z_JXK6GFL4PZFK;V10020219
SOB_20251217T163546172635Z_JBU32PZ5UND3;V10020220
SOB_20251217T163546172748Z_Z4MHMNRCDBCN;V10020221
SOB_20251217T163546172870Z_3YZ4QJCYQVHZ;V10020222
SOB_20251217T163546172978Z_WWLGCFBZJFER;V10020223
SOB_20251217T163546173086Z_YKFLQ5VCRZDT;V10020224
SOB_20251217T163546173198Z_JQQJLPHHNVCV;V10020225
SOB_20251217T163546173312Z_AFUKOFVMOFC5;V10020226
SOB_20251217T163546173421Z_BDRWZDL6MNBW;V10020227
SOB_20251217T163546173536Z_PRLOBVDYLZGZ;V10020228
SOB_20251217T163546173650Z_NVPQSMSPDNA5;V10020229
SOB_20251217T163546173758Z_TCYSLYPEQZFL;V10020230
SOB_20251217T163546173873Z_YTLEGQUDG5FM;V10020231
SOB_20251217T163546173984Z_X4OBSG7H7NDX;V10020232
SOB_20251217T163546174099Z_4N2SFIA27VFA;V10020233
SOB_20251217T163546174228Z_OXTJPZZVZZFC;V10020234
SOB_20251217T163546174339Z_EX35FJI52FAB;V10020235
SOB_20251217T163546174447Z_CKFN2TO7FJHC;V10020236
SOB_20251217T163546174555Z_EWWJJT2RJRFU;V10020237
SOB_20251217T163546174675Z_RIZ6UI6WMREY;V10020238
SOB_20251217T163546174786Z_XIB5Z5PPTBDK;V10020239
SOB_20251217T163546174893Z_WEXYA5GVZ5A5;V10020240
SOB_20251217T163546175003Z_7VFVVJCAONBS;V10020241
SOB_20251217T163546175111Z_C2XJKH5DFVAO;V10020242
SOB_20251217T163546175219Z_X6J3LMS3AVCH;V10020243
SOB_20251217T163546175337Z_BTVYYC4JONE7;V10020244
SOB_20251217T163546175448Z_ZOIPRU7IK5GC;V10020245
SOB_20251217T163546175555Z_YNC4OCUTAFCA;V10020246
SOB_20251217T163546175665Z_6BUEYUFHPNFD;V10020247
SOB_20251217T163546175779Z_BWGUL2RSRFCC;V10020248
SOB_20251217T163546175896Z_5REXCQ3WG5HG;V10020249
SOB_20251217T163546176006Z_EQMKADQUTVFL;V10020250
SOB_20251217T163546176136Z_DODQYTPNHFB7;V10020251
SOB_20251217T163546176250Z_HUJOVT3WGJD7;V10020252
SOB_20251217T163546176359Z_4KCHW5JILJGW;V10020253
SOB_20251217T163546176477Z_QLQEAV43BVGU;V10020254
SOB_20251217T163546176595Z_W5B2GAUODVBH;V10020255
SOB_20251217T163546176743Z_YZGNUSAP2VET;V10020256
SOB_20251217T163546176940Z_34D6OAVZORES;V10020257
SOB_20251217T163546177154Z_VCIEHSKQERC6;V10020258
SOB_20251217T163546177356Z_X2PH74QPFZAR;V10020259
SOB_20251217T163546177588Z_UCGUBSQJUZCG;V10020260
SOB_20251217T163546177801Z_STRZBRBAL5FT;V10020261
SOB_20251217T163546178000Z_SYQVL4UECVC3;V10020262
SOB_20251217T163546178214Z_OHDASWNLNVCX;V10020263
SOB_20251217T163546178441Z_WEYKCPAEK5BN;V10020264
SOB_20251217T163546178652Z_C35VDJ5UEVGR;V10020265
SOB_20251217T163546178787Z_PNGTLW6RKVCE;V10020266
SOB_20251217T163546178928Z_U2GKROFUUJB3;V10020267
SOB_20251217T163546179061Z_GHFWLIERHJCN;V10020268
SOB_20251217T163546179188Z_EWIBMHKGCRCG;V10020269
SOB_20251217T163546179352Z_EZB4GMLS45EU;V10020270
SOB_20251217T163546179482Z_NWJURVUCGZBM;V10020271
SOB_20251217T163546179608Z_APLZR4B5FNHC;V10020272
SOB_20251217T163546179736Z_GKLQPSW6TNHH;V10020273
SOB_20251217T163546179857Z_EPFTWQTPZBDD;V10020274
SOB_20251217T163546179985Z_7SK7RDOR6FHG;V10020275
SOB_20251217T163546180111Z_OZCVHVFRHNCX;V10020276
SOB_20251217T163546180232Z_VOG7LTQF25HE;V10020277
SOB_20251217T163546180351Z_XV24SHKA3VH4;V10020278
SOB_20251217T163546180474Z_KXVJ5O44KRF7;V10020279
SOB_20251217T163546180593Z_RWQY2SBHVNHB;V10020280
SOB_20251217T163546180723Z_C2DUP2XMFFH5;V10020281
SOB_20251217T163546180848Z_N6NXV3M2XJGI;V10020282
SOB_20251217T163546180971Z_3NPKUHHFXFFG;V10020283
SOB_20251217T163546181091Z_OGISJVAXTFCX;V10020284
SOB_20251217T163546181214Z_MBWWTEXBQJB2;V10020285
SOB_20251217T163546181346Z_DLCZKHGGLJES;V10020286
SOB_20251217T163546181467Z_AUJYBUUWANGR;V10020287
SOB_20251217T163546181578Z_QQ44CQAW55AK;V10020288
SOB_20251217T163546181753Z_R6JGESLZMFFE;V10020289
SOB_20251217T163546181960Z_UAV4G5FTMRFC;V10020290
SOB_20251217T163546182110Z_45MZXU42SNFE;V10020291
SOB_20251217T163546182242Z_H2XDFMZQ6ZG6;V10020292
SOB_20251217T163546182367Z_B6R3NMXGXZAR;V10020293
SOB_20251217T163546182493Z_36CZAVMFNZBF;V10020294
SOB_20251217T163546182623Z_A5ON73C27ZDI;V10020295
SOB_20251217T163546182742Z_OWTQREXOENFS;V10020296
SOB_20251217T163546182875Z_UUHEX3KH5NGR;V10020297
SOB_20251217T163546183056Z_VQ6DSYOUCFCI;V10020298
SOB_20251217T163546183359Z_3TOVHP53OBHQ;V10020299
SOB_20251217T163546183598Z_MNQNRBGGKVBP;V10020300
SOB_20251217T163546183741Z_7UKRSM7ZZBC6;V10020301
SOB_20251217T163546183873Z_HXTCN3BMTND4;V10020302
SOB_20251217T163546183995Z_TJXFCK4NFFE2;V10020303
SOB_20251217T163546184116Z_JYZB6UTSLFAR;V10020304
SOB_20251217T163546184239Z_ZEYPXXKUJFBN;V10020305
SOB_20251217T163546184360Z_ENAZH36E7BD3;V10020306
SOB_20251217T163546184491Z_VKMYXQKI5NCP;V10020307
SOB_20251217T163546184615Z_TDIAFUZYDVDF;V10020308
SOB_20251217T163546184760Z_DLUC3FZ75NDZ;V10020309
SOB_20251217T163546185011Z_75NLLYYBYVBU;V10020310
SOB_20251217T163546185254Z_YJRSY6FSSZEC;V10020311
SOB_20251217T163546185462Z_CBDBF7VAS5CB;V10020312
SOB_20251217T163546185714Z_M5ZTWWKYJNBM;V10020313
SOB_20251217T163546185960Z_YCD5LDMAW5BI;V10020314
SOB_20251217T163546186182Z_WCPGBBB7HZAU;V10020315
SOB_20251217T163546186399Z_4I4GM7IS3JEZ;V10020316
SOB_20251217T163546186645Z_PFSBRYD7BNHD;V10020317
SOB_20251217T163546186820Z_6E6Z5QTUMJF2;V10020318
SOB_20251217T163546186950Z_PAKUAJYQMZDR;V10020319
SOB_20251217T163546187086Z_JSBEOJ5DFBGU;V10020320
SOB_20251217T163546187225Z_6OXSZP7GNVHO;V10020321
SOB_20251217T163546187348Z_2ECEBCLO3VDG;V10020322
SOB_20251217T163546187476Z_FRTGXDGJYNFX;V10020323
SOB_20251217T163546187615Z_5GXM5KEJVNHJ;V10020324
SOB_20251217T163546187736Z_ITYVSZ2UXNGU;V10020325
SOB_20251217T163546187855Z_HJ5XLSQL75AE;V10020326
SOB_20251217T163546187982Z_PCSKNDLC55AZ;V10020327
SOB_20251217T163546188102Z_WDQD4JBMB5HE;V10020328
SOB_20251217T163546188228Z_RBALW6I6V5GJ;V10020329
SOB_20251217T163546188350Z_IEYUQDXA4VCY;V10020330
SOB_20251217T163546188471Z_O5EYFRMMQVBR;V10020331
SOB_20251217T163546188588Z_KZKBT6JAJZGS;V10020332
SOB_20251217T163546188718Z_O4P4SUDCV5AV;V10020333
SOB_20251217T163546188843Z_MMC7KXJDRBD3;V10020334
SOB_20251217T163546188962Z_M4BUHBMUBJCX;V10020335
SOB_20251217T163546189081Z_VDXNXPYX2FHV;V10020336
SOB_20251217T163546189204Z_ND7NVLZLDFCF;V10020337
SOB_20251217T163546189323Z_Q7ZTBWCBLZAG;V10020338
SOB_20251217T163546189449Z_G7Q7LKPXYBB5;V10020339
SOB_20251217T163546189574Z_AE22JW2N3NFO;V10020340
SOB_20251217T163546189700Z_BEKHR5M2IZDI;V10020341
SOB_20251217T163546189819Z_CJ32654YANAP;V10020342
SOB_20251217T163546189942Z_YWYMBPG4TBCW;V10020343
SOB_20251217T163546190061Z_LT5GLMOESJGO;V10020344
SOB_20251217T163546190187Z_GZ6CHTLC4VC5;V10020345
SOB_20251217T163546190312Z_557BSRJUVJFD;V10020346
SOB_20251217T163546190443Z_KDGYRUTUFZDY;V10020347
SOB_20251217T163546190556Z_7ZEHYX32IZCF;V10020348
SOB_20251217T163546190671Z_TKEIVXYRPVCY;V10020349
SOB_20251217T163546190792Z_RRW7OBNF6VHO;V10020350
SOB_20251217T163546190901Z_RKB5FDUFPRGR;V10020351
SOB_20251217T163546191015Z_75Q3EA2FR5CP;V10020352
SOB_20251217T163546191128Z_WXIC3ILZM5G4;V10020353
SOB_20251217T163546191268Z_ZVJZAANFQRHG;V10020354
SOB_20251217T163546191386Z_Q674CMP3PNAS;V10020355
SOB_20251217T163546191500Z_FPOWJG2OOBEZ;V10020356
SOB_20251217T163546191614Z_DCHQG72POBHR;V10020357
SOB_20251217T163546191727Z_DXPIJ2ZANNEP;V10020358
SOB_20251217T163546191841Z_2AKIVQBUTFAP;V10020359
SOB_20251217T163546191960Z_XWMJSBX7Y5EE;V10020360
SOB_20251217T163546192091Z_UQ3ZL3QKVNC4;V10020361
SOB_20251217T163546192206Z_PL5RUFNUCNB6;V10020362
SOB_20251217T163546192317Z_MFTBWGOOR5DG;V10020363
SOB_20251217T163546192427Z_6NPM734RW5AJ;V10020364
SOB_20251217T163546192543Z_GJTJCNUCN5FI;V10020365
SOB_20251217T163546192664Z_RWRVOUJJMJAA;V10020366
SOB_20251217T163546192776Z_H3HRJ2SNVZCI;V10020367
SOB_20251217T163546192891Z_P2PI3OFGI5FZ;V10020368
SOB_20251217T163546193007Z_XHTKFKPAERCG;V10020369
SOB_20251217T163546193117Z_6TZJKBIFZVAJ;V10020370
SOB_20251217T163546193241Z_KX2KQOYVZFEV;V10020371
SOB_20251217T163546193363Z_HTXSZMZ4FRGI;V10020372
SOB_20251217T163546193527Z_DSBYVC5TCREH;V10020373
SOB_20251217T163546193759Z_3RDG6FFVWNGO;V10020374
SOB_20251217T163546193987Z_DSYQ6FUMZJDR;V10020375
SOB_20251217T163546194208Z_JGLW3TJAR5HQ;V10020376
SOB_20251217T163546194433Z_BTU7PE5L6JHF;V10020377
SOB_20251217T163546194654Z_VUYUGAHD2BE2;V10020378
SOB_20251217T163546194859Z_ZR4GYS6YMRCZ;V10020379
SOB_20251217T163546195056Z_DAIGHDWNFRHH;V10020380
SOB_20251217T163546195334Z_WESAHVW2QZAS;V10020381
SOB_20251217T163546195507Z_7NF36Z66ABEQ;V10020382
SOB_20251217T163546195633Z_OGR23QAPVFAI;V10020383
SOB_20251217T163546195790Z_F4KRPZNBWBC3;V10020384
SOB_20251217T163546195927Z_SDLTA4C4TRBV;V10020385
SOB_20251217T163546196048Z_TKSUPS6CUBAT;V10020386
SOB_20251217T163546196182Z_MLC7UHSRLNGR;V10020387
SOB_20251217T163546196310Z_2EDKZG6HI5HL;V10020388
SOB_20251217T163546196432Z_BNKPCSSDANGE;V10020389
SOB_20251217T163546196555Z_DFPA43EKPZB5;V10020390
SOB_20251217T163546196682Z_D6QY43JHJNGB;V10020391
SOB_20251217T163546196813Z_HD5ZW7HWZJBN;V10020392
SOB_20251217T163546196933Z_FYQ4XLPPA5FW;V10020393
SOB_20251217T163546197057Z_DQLKXPN7JNCB;V10020394
SOB_20251217T163546197177Z_CW5SE34KZZF3;V10020395
SOB_20251217T163546197296Z_KTBVSTH7F5DI;V10020396
SOB_20251217T163546197420Z_E2FTDQ7X4RFV;V10020397
SOB_20251217T163546197547Z_BWUXWKNJXVBE;V10020398
SOB_20251217T163546197715Z_GPU742QM7FHR;V10020399
SOB_20251217T163546197861Z_PLOQY56FWND5;V10020400
SOB_20251217T163546197984Z_EHC6B5KPPFAJ;V10020401
SOB_20251217T163546198156Z_DNWH7PIQXNHB;V10020402
SOB_20251217T163546198291Z_M6P7WDWIDRA5;V10020403
SOB_20251217T163546198411Z_DEQBVE7R4RDQ;V10020404
SOB_20251217T163546198530Z_KXJPAJJ3I5BF;V10020405
SOB_20251217T163546198656Z_VIS3PKJ5YJHD;V10020406
SOB_20251217T163546198777Z_3PT4UNZWT5D6;V10020407
SOB_20251217T163546198900Z_XXNHZRAIMBEL;V10020408
SOB_20251217T163546199021Z_IKNHQMOATNFK;V10020409
SOB_20251217T163546199146Z_AF7XPEV2QNEI;V10020410
SOB_20251217T163546199265Z_7EWTB5F6UBEX;V10020411
SOB_20251217T163546199387Z_OZDQVWX7PJB4;V10020412
SOB_20251217T163546199514Z_Y4DCYQOTPVEH;V10020413
SOB_20251217T163546199638Z_RGD5XVCMJ5FZ;V10020414
SOB_20251217T163546199757Z_35YC2C6KWZBK;V10020415
SOB_20251217T163546199882Z_6S4D2TZDYNHD;V10020416
SOB_20251217T163546200002Z_BVJU4OVCP5CK;V10020417
SOB_20251217T163546200123Z_FXSUJ5F43VDL;V10020418
SOB_20251217T163546200254Z_ZKHQ366BPFBH;V10020419
SOB_20251217T163546200373Z_PUYIWS65MZDK;V10020420
SOB_20251217T163546200491Z_SMARHDYOPNEM;V10020421
SOB_20251217T163546200659Z_FL7ONHIMB5FW;V10020422
SOB_20251217T163546200781Z_BWNR26IM3JBF;V10020423
SOB_20251217T163546200914Z_SOILTWCBOJBU;V10020424
SOB_20251217T163546201027Z_XWW65HV2LZE5;V10020425
SOB_20251217T163546201141Z_KD6DHVQ65BBF;V10020426
SOB_20251217T163546201253Z_WMNNWBZ5WBEZ;V10020427
SOB_20251217T163546201370Z_MRQGYQYHLNE3;V10020428
SOB_20251217T163546201490Z_F7N7EYPT3FDN;V10020429
SOB_20251217T163546201606Z_DWN6DECEX5DF;V10020430
SOB_20251217T163546201732Z_BRWBDVBUWZAJ;V10020431
SOB_20251217T163546201929Z_4YA3PFIXCFAU;V10020432
SOB_20251217T163546202155Z_554SFZBBL5AZ;V10020433
SOB_20251217T163546202355Z_PBI4YR6GIBEL;V10020434
SOB_20251217T163546202604Z_DMDWZWEW5NEY;V10020435
SOB_20251217T163546202846Z_P6JXWI5NJBFW;V10020436
SOB_20251217T163546203064Z_SFDUVTYK7BAD;V10020437
SOB_20251217T163546203285Z_3BCVO2FQQ5GT;V10020438
SOB_20251217T163546203533Z_CXX2TPF5KBEK;V10020439
SOB_20251217T163546203725Z_EQG654J33NAN;V10020440
SOB_20251217T163546203876Z_GPF4PBGVKZDJ;V10020441
SOB_20251217T163546204006Z_DXBCUFQZ3NA2;V10020442
SOB_20251217T163546204147Z_JNHYUXDVKNCK;V10020443
SOB_20251217T163546204270Z_KDWJVGUZJNG4;V10020444
SOB_20251217T163546204400Z_ZHSD5WILPZGR;V10020445
SOB_20251217T163546204521Z_MSDYH7U65ZEF;V10020446
SOB_20251217T163546204650Z_7QBT5MVBEBH6;V10020447
SOB_20251217T163546204776Z_PL7LKUCJIZDX;V10020448
SOB_20251217T163546204897Z_WBCSBBDVNBB4;V10020449
SOB_20251217T163546205017Z_T6IE7TOMTBFO;V10020450
SOB_20251217T163546205148Z_6CZN6SYTTREB;V10020451
SOB_20251217T163546205272Z_OSRJ6UTZCFHF;V10020452
SOB_20251217T163546205392Z_7TNLMZJDFREA;V10020453
SOB_20251217T163546205517Z_WPY76PF7MFFJ;V10020454
SOB_20251217T163546205641Z_D7HQS4R72RHR;V10020455
SOB_20251217T163546205767Z_QR3D4RVWYZH3;V10020456
SOB_20251217T163546205890Z_ONKBLDVJ7FEN;V10020457
SOB_20251217T163546206055Z_JUWVRRBEMNFV;V10020458
SOB_20251217T163546206178Z_JW5Y452X45DT;V10020459
SOB_20251217T163546206307Z_EIE26BFNL5CZ;V10020460
SOB_20251217T163546206435Z_NNAF7DAKCZHS;V10020461
SOB_20251217T163546206553Z_UYASRISBJRD5;V10020462
SOB_20251217T163546206678Z_GFGP6OT5UBGL;V10020463
SOB_20251217T163546206800Z_Y2YRJGNAWNFQ;V10020464
SOB_20251217T163546206926Z_TGH2H4KWTBA3;V10020465
SOB_20251217T163546207039Z_Y2M3N6NEPNHH;V10020466
SOB_20251217T163546207166Z_3ZWMH7RMCVDJ;V10020467
SOB_20251217T163546207276Z_HX4EQYVL6VBH;V10020468
SOB_20251217T163546207389Z_LCBO3HIIXRBB;V10020469
SOB_20251217T163546207504Z_JMDVVIASHBAG;V10020470
SOB_20251217T163546207625Z_UJHRJR3CRJFS;V10020471
SOB_20251217T163546207742Z_N3E2X247ERCO;V10020472
SOB_20251217T163546207862Z_LRJ5QTUIAFFT;V10020473
SOB_20251217T163546207973Z_2NAY3S24ANCM;V10020474
SOB_20251217T163546208105Z_5BZNAHVF5VDT;V10020475
SOB_20251217T163546208226Z_BVGNL4MM5NGA;V10020476
SOB_20251217T163546208347Z_V7K3KJF4RVBP;V10020477
SOB_20251217T163546208457Z_ZXTDHQ6IMVDC;V10020478
SOB_20251217T163546208567Z_RJFNQXKPWBGU;V10020479
SOB_20251217T163546208688Z_C7FFWCZWYZCS;V10020480
SOB_20251217T163546208799Z_IE6PJ44SVREV;V10020481
SOB_20251217T163546208908Z_ALFEI74ILJC6;V10020482
SOB_20251217T163546209030Z_EPVCXGZJX5DO;V10020483
SOB_20251217T163546209142Z_RSXPTN2EFBEJ;V10020484
SOB_20251217T163546209253Z_CMOIYN6W2RC6;V10020485
SOB_20251217T163546209373Z_MLM6T37NUJAL;V10020486
SOB_20251217T163546209485Z_NJ57HS52WBD5;V10020487
SOB_20251217T163546209603Z_U5ZF2VROJNGJ;V10020488
SOB_20251217T163546209721Z_2O7E3ROX7BFY;V10020489
SOB_20251217T163546209830Z_XDBU4QLK3ND7;V10020490
SOB_20251217T163546209948Z_UGPOIUCMVZGK;V10020491
SOB_20251217T163546210120Z_FIRMEN25GVBU;V10020492
SOB_20251217T163546210352Z_IVGVWWFQYZHU;V10020493
SOB_20251217T163546210568Z_A6CGFJ7NSNGV;V10020494
SOB_20251217T163546210778Z_6YQBBTRYJRAK;V10020495
SOB_20251217T163546210994Z_K2W2EXLL4RDX;V10020496
SOB_20251217T163546211199Z_X766BXFGBNCK;V10020497
SOB_20251217T163546211390Z_ZAJW5JU37VDD;V10020498
SOB_20251217T163546211634Z_ALRZTIFBANGY;V10020499
SOB_20251217T163546211893Z_YON5J4OW5BEV;V10020500
