SOB_ID;Schadennummer
SOB_20251217T163546138062Z_SGVGAWRLQRE4;S20250001
SOB_20251217T163546138570Z_RICIOOM7DBBX;S20250002
SOB_20251217T163546138841Z_UC64XLFVJVCZ;S20250003
SOB_20251217T163546139045Z_YKVUDV2E75EU;S20250004
SOB_20251217T163546139217Z_GIDFBGU7UBAF;S20250005
SOB_20251217T163546139377Z_2IVNSUQTIFA6;S20250006
SOB_20251217T163546139528Z_YK43ZTRGW5FJ;S20250007
SOB_20251217T163546139688Z_C2J5CW7S3RFY;S20250008
SOB_20251217T163546139841Z_7FQEYI6LQFF2;S20250009
SOB_20251217T163546139994Z_DZRYB7AD3JHA;S20250010
SOB_20251217T163546140149Z_NQ733A4RGZEX;S20250011
SOB_20251217T163546140301Z_2Z3JE2MHPJCX;S20250012
SOB_20251217T163546140501Z_ESEONTNU5VAI;S20250013
SOB_20251217T163546140711Z_7XYTJMEAXFDG;S20250014
SOB_20251217T163546140963Z_SHAVY2PVTZFG;S20250015
SOB_20251217T163546141206Z_CZ4GUDS7CJDT;S20250016
SOB_20251217T163546141434Z_H6RBAQOTCNBN;S20250017
SOB_20251217T163546141621Z_OHDJEFNPSVHE;S20250018
SOB_20251217T163546141776Z_5LTT5ZV4FZAE;S20250019
SOB_20251217T163546141926Z_OC4CEHDWR5FV;S20250020
SOB_20251217T163546142085Z_3Y45GBB3WRAG;S20250021
SOB_20251217T163546142236Z_YMLJUG4IM5AC;S20250022
SOB_20251217T163546142380Z_BNUXKQSC2FE7;S20250023
SOB_20251217T163546142529Z_SQAUU54WKBCQ;S20250024
SOB_20251217T163546142679Z_J4QDUGYXFNBI;S20250025
SOB_20251217T163546142823Z_TMHFK5ZESBHZ;S20250026
SOB_20251217T163546142986Z_MU5ENCSWFFBQ;S20250027
SOB_20251217T163546143139Z_O56T45AOOFDE;S20250028
SOB_20251217T163546143295Z_QROICQKS65BY;S20250029
SOB_20251217T163546143455Z_NWFWLI5TJ5FI;S20250030
SOB_20251217T163546143606Z_PRJ5OVRZSNDH;S20250031
SOB_20251217T163546143898Z_UWSQ3WYOLNAR;S20250032
SOB_20251217T163546144144Z_4SXVKSA24BFN;S20250033
SOB_20251217T163546144347Z_W5TRO7T5SJF3;S20250034
SOB_20251217T163546144535Z_I3NVPLX4IVAH;S20250035
SOB_20251217T163546144714Z_7YGSLAQ44BB3;S20250036
SOB_20251217T163546144915Z_P6FFDFT65NGD;S20250037
SOB_20251217T163546145102Z_OAR2KKROPJB6;S20250038
SOB_20251217T163546145271Z_XEHPBYJJERAK;S20250039
SOB_20251217T163546145438Z_QNAT3ZEYSVER;S20250040
SOB_20251217T163546145598Z_WQHSVWEGTRC2;S20250041
SOB_20251217T163546145747Z_IS47NIEHT5HL;S20250042
SOB_20251217T163546145903Z_L6VZGF3BQVD3;S20250043
SOB_20251217T163546146053Z_Q3KRMGLCFJCM;S20250044
SOB_20251217T163546146204Z_IXI2FI2OF5EF;S20250045
SOB_20251217T163546146350Z_JIJCKTKWMJHI;S20250046
SOB_20251217T163546146500Z_7QRQYMTZT5FN;S20250047
SOB_20251217T163546146656Z_YT3NCF77JZDH;S20250048
SOB_20251217T163546146805Z_MFSF3ZGGQND2;S20250049
SOB_20251217T163546146953Z_D2TRMSI3VNC2;S20250050
SOB_20251217T163546147081Z_QPZQ6K2M2NEA;S20250051
SOB_20251217T163546147208Z_MTDBKQZN7NDT;S20250052
SOB_20251217T163546147339Z_R57Z3QQ4A5CW;S20250053
SOB_20251217T163546147466Z_LLO4SXXJK5DX;S20250054
SOB_20251217T163546147588Z_4FQTDD6HBBEP;S20250055
SOB_20251217T163546147709Z_KSWRSJTA5JDP;S20250056
SOB_20251217T163546147840Z_TPW4FUTG7JED;S20250057
SOB_20251217T163546147963Z_FMD6LBEK4NBD;S20250058
SOB_20251217T163546148093Z_PXK332BWIBCM;S20250059
SOB_20251217T163546148220Z_YG4PWL6PEVAP;S20250060
SOB_20251217T163546148343Z_HTDVFK533ZHQ;S20250061
SOB_20251217T163546148465Z_VCC2PZWPR5GI;S20250062
SOB_20251217T163546148586Z_RQEGFV7OI5E4;S20250063
SOB_20251217T163546148713Z_XYI2H5YQAJD5;S20250064
SOB_20251217T163546148829Z_U5BWFLAKQJDG;S20250065
SOB_20251217T163546148962Z_KD57CDIDZRB7;S20250066
SOB_20251217T163546149083Z_X5SGXQHG6RDF;S20250067
SOB_20251217T163546149200Z_HMT5EU7KS5CM;S20250068
SOB_20251217T163546149327Z_OIHOBILDRZAH;S20250069
SOB_20251217T163546149447Z_MFTMFZX6XZFK;S20250070
SOB_20251217T163546149564Z_IALECBGIWNF6;S20250071
SOB_20251217T163546149683Z_Y5LBIL5JOVBP;S20250072
SOB_20251217T163546149812Z_3VL77AJNBNEW;S20250073
SOB_20251217T163546149929Z_ZVRCAH5RDFD6;S20250074
SOB_20251217T163546150051Z_RXG6M43W6RFB;S20250075
SOB_20251217T163546150171Z_V6RXUJ2SGBFC;S20250076
SOB_20251217T163546150288Z_BKP3TCM375CY;S20250077
SOB_20251217T163546150414Z_VMX6O3SHFNFB;S20250078
SOB_20251217T163546150537Z_IZWBEZXNNNFN;S20250079
SOB_20251217T163546150660Z_P3TJH4DX2JC5;S20250080
SOB_20251217T163546150778Z_Z7RYOJYJWVBI;S20250081
SOB_20251217T163546150895Z_FUOKMVZQVFAW;S20250082
SOB_20251217T163546151016Z_GJTF4SI4FREE;S20250083
SOB_20251217T163546151134Z_EH4IX32EH5BL;S20250084
SOB_20251217T163546151261Z_27ENV442WBGQ;S20250085
SOB_20251217T163546151389Z_XYYNDNOSIZHV;S20250086
SOB_20251217T163546151576Z_WP6NTW7UF5DP;S20250087
SOB_20251217T163546151784Z_X4WW47UKPRHD;S20250088
SOB_20251217T163546151950Z_OTHBRIYYUFGR;S20250089
SOB_20251217T163546152079Z_TVUYM6WJLFDC;S20250090
SOB_20251217T163546152225Z_3VCPKEUY5NAN;S20250091
SOB_20251217T163546152422Z_SVUMX7ILNRDI;S20250092
SOB_20251217T163546152554Z_KTF5HV5KIVGP;S20250093
SOB_20251217T163546152682Z_WDMC4YN3LBEU;S20250094
SOB_20251217T163546152820Z_FPU3CSBWOBF3;S20250095
SOB_20251217T163546153020Z_FXOT4ULCZFEQ;S20250096
SOB_20251217T163546153185Z_3BXWYETABVCY;S20250097
SOB_20251217T163546153324Z_UHBKSP4QTVDQ;S20250098
SOB_20251217T163546153459Z_5PN2WX3OE5BU;S20250099
SOB_20251217T163546153584Z_PC4XAPAHHFE7;S20250100
SOB_20251217T163546153722Z_LGFA3KSZ5BGF;S20250101
SOB_20251217T163546153865Z_MQJH6LRTSJDH;S20250102
SOB_20251217T163546153993Z_D7MAPEVP65DQ;S20250103
SOB_20251217T163546154119Z_2X7DSLWB6FCY;S20250104
SOB_20251217T163546154258Z_FE4IX2KOGRBV;S20250105
SOB_20251217T163546154389Z_YANIXUJ2ABHS;S20250106
SOB_20251217T163546154517Z_CN4BLZDCCZFH;S20250107
SOB_20251217T163546154643Z_OFJFZCNMYJCH;S20250108
SOB_20251217T163546154766Z_CGIIC5VR6RBH;S20250109
SOB_20251217T163546154894Z_JAMSHDB54ZGZ;S20250110
SOB_20251217T163546155029Z_PSA7CXKQXBBQ;S20250111
SOB_20251217T163546155155Z_KAAKVMLJZZC7;S20250112
SOB_20251217T163546155282Z_RDCJVWC3YRBB;S20250113
SOB_20251217T163546155410Z_QMCHU2P7TJBQ;S20250114
SOB_20251217T163546155575Z_BB7KBXPXY5DF;S20250115
SOB_20251217T163546155699Z_YQ7MDVUPFJA7;S20250116
SOB_20251217T163546155832Z_CXNLJR4IOJGH;S20250117
SOB_20251217T163546155959Z_UVKWHX2YZFFB;S20250118
SOB_20251217T163546156082Z_UP23CXI5DVE4;S20250119
SOB_20251217T163546156210Z_J6LH3GNSYNFE;S20250120
SOB_20251217T163546156339Z_NYJ6EA66GJGW;S20250121
SOB_20251217T163546156472Z_UYTYA3EB6NDM;S20250122
SOB_20251217T163546156600Z_FPERLN3WXFFN;S20250123
SOB_20251217T163546156729Z_FSYOGKZBMVE5;S20250124
SOB_20251217T163546156852Z_KTYCZY5JP5ER;S20250125
SOB_20251217T163546156974Z_Q5JDCNOBWFGI;S20250126
SOB_20251217T163546157110Z_GH37JAA26ZCE;S20250127
SOB_20251217T163546157233Z_GQY3BVQH4RD4;S20250128
SOB_20251217T163546157362Z_RGMJHDY62NFI;S20250129
SOB_20251217T163546157518Z_SYCHMB3ZBVBQ;S20250130
SOB_20251217T163546157639Z_IKO3CRKCSVEW;S20250131
SOB_20251217T163546157765Z_4LV5SLXTVJF5;S20250132
SOB_20251217T163546157890Z_MDJW6LOP5VHT;S20250133
SOB_20251217T163546158010Z_F73H7O6PRFGW;S20250134
SOB_20251217T163546158129Z_DQKHPIO2A5H6;S20250135
SOB_20251217T163546158253Z_OOE3PR7THRHJ;S20250136
SOB_20251217T163546158381Z_KXZCVXXSD5HD;S20250137
SOB_20251217T163546158512Z_MZ7YVGIVO5FL;S20250138
SOB_20251217T163546158631Z_7FBUQ3OBUZF7;S20250139
SOB_20251217T163546158755Z_J2PWSIKYJ5EF;S20250140
SOB_20251217T163546158875Z_KTPCFC2ASNB2;S20250141
SOB_20251217T163546159006Z_ECELQ2PGYFGC;S20250142
SOB_20251217T163546159134Z_Q5V55UFFGVGS;S20250143
SOB_20251217T163546159252Z_XEXWS3TPLBGQ;S20250144
SOB_20251217T163546159372Z_KL4VBKQGINBA;S20250145
SOB_20251217T163546159496Z_ODOSGEG4XFAY;S20250146
SOB_20251217T163546159621Z_OK7ZULM5HZEL;S20250147
SOB_20251217T163546159748Z_P5VDSZWUAND4;S20250148
SOB_20251217T163546159877Z_ID47OO4225GW;S20250149
SOB_20251217T163546160022Z_N3S3WAT2RVHO;S20250150
SOB_20251217T163546160166Z_MCSFOAHPGNDP;S20250151
SOB_20251217T163546160300Z_A5EPR2SGDBGD;S20250152
SOB_20251217T163546160436Z_T7PM64EI7ZGM;S20250153
SOB_20251217T163546160585Z_XJB5Q4IHYNBC;S20250154
SOB_20251217T163546161071Z_WX66G6IY2ZA6;S20250155
SOB_20251217T163546161470Z_AGOVER6GBNG5;S20250156
SOB_20251217T163546161924Z_RBJ5BFPXDFDK;S20250157
SOB_20251217T163546162185Z_CRIEN75U65DD;S20250158
SOB_20251217T163546162396Z_3WZMRXH7JVH2;S20250159
SOB_20251217T163546162583Z_75FMJMWCAFA2;S20250160
SOB_20251217T163546162773Z_D6HPPGD7VJFV;S20250161
SOB_20251217T163546162960Z_DNAOIKZSXNDK;S20250162
SOB_20251217T163546163147Z_QJ3GJE4O7NF2;S20250163
SOB_20251217T163546163337Z_WM7LF34OH5CQ;S20250164
SOB_20251217T163546163555Z_JKMSTPNL2VEZ;S20250165
SOB_20251217T163546163771Z_CVGLYAN64RAB;S20250166
SOB_20251217T163546163969Z_STQAG5BMINDI;S20250167
SOB_20251217T163546164160Z_OGAWLLHWTRE7;S20250168
SOB_20251217T163546164342Z_U363K2UO4RDH;S20250169
SOB_20251217T163546164538Z_CX2NOI3AN5BZ;S20250170
SOB_20251217T163546164725Z_TRGDKB6OSNHJ;S20250171
SOB_20251217T163546164906Z_GFT367RYABA7;S20250172
SOB_20251217T163546165060Z_VBVVRU2XKBGC;S20250173
SOB_20251217T163546165236Z_3HXU7FGKVJAF;S20250174
SOB_20251217T163546165390Z_L2QVQH5Q2BGR;S20250175
SOB_20251217T163546165535Z_NV2EC7TJVFG7;S20250176
SOB_20251217T163546165678Z_OS3CWSHMKBCB;S20250177
SOB_20251217T163546165825Z_ESZ65NZEUBH7;S20250178
SOB_20251217T163546165968Z_CDOC6J6MJVHD;S20250179
SOB_20251217T163546166122Z_3MACKYBYYRBX;S20250180
SOB_20251217T163546166267Z_7J2ESWYBPNBM;S20250181
SOB_20251217T163546166409Z_BGZZHPPA4VG4;S20250182
SOB_20251217T163546166606Z_JTIYI5ILSNFZ;S20250183
SOB_20251217T163546166761Z_RO5NB5EQQBHY;S20250184
SOB_20251217T163546166920Z_Y3K5OAJHDNGE;S20250185
SOB_20251217T163546167064Z_66QET47NRBB6;S20250186
SOB_20251217T163546167216Z_G6FDJXZFBRAN;S20250187
SOB_20251217T163546167366Z_KOLSI74KI5EW;S20250188
SOB_20251217T163546167512Z_C3G53RBJR5HV;S20250189
SOB_20251217T163546167653Z_ZFCVSZ27NJHV;S20250190
SOB_20251217T163546167825Z_5VEI2IDY3FCA;S20250191
SOB_20251217T163546168039Z_S33KKZBREJBK;S20250192
SOB_20251217T163546168271Z_D4XMGW2KTBCO;S20250193
SOB_20251217T163546168534Z_465GEALJYVAR;S20250194
SOB_20251217T163546168881Z_66BQ6XXEA5E3;S20250195
SOB_20251217T163546169179Z_MD2U7IU5SVAJ;S20250196
SOB_20251217T163546169420Z_D5N66IH7DNCR;S20250197
SOB_20251217T163546169567Z_4IJVWLPYSBGR;S20250198
SOB_20251217T163546169744Z_3UUKCB4PDBEZ;S20250199
SOB_20251217T163546169902Z_MOMQ6NYZMRFY;S20250200
SOB_20251217T163546170057Z_HJLAP76VQJFF;S20250201
SOB_20251217T163546170228Z_Q74NKGN52FAT;S20250202
SOB_20251217T163546170373Z_OCSZTHNOJNBD;S20250203
SOB_20251217T163546170517Z_L375DWX2ANFT;S20250204
SOB_20251217T163546170706Z_HDH7FME5HZCA;S20250205
SOB_20251217T163546170864Z_YC57RCTVCZEL;S20250206
SOB_20251217T163546171004Z_NDTT447J7FAF;S20250207
SOB_20251217T163546171141Z_6OKR5MH32VBG;S20250208
SOB_20251217T163546171262Z_UJCMP643BNAM;S20250209
SOB_20251217T163546171388Z_L43QVZZI6RGT;S20250210
SOB_20251217T163546171511Z_2S3LPTVG2VCX;S20250211
SOB_20251217T163546171645Z_YP5PFOKOHRDT;S20250212
SOB_20251217T163546171770Z_65ZU5XV5NBBL;S20250213
SOB_20251217T163546171895Z_K2HCK77WXNFM;S20250214
SOB_20251217T163546172022Z_DLW6XGWFPZGA;S20250215
SOB_20251217T163546172148Z_C7D6AGZAXVEH;S20250216
SOB_20251217T163546172274Z_UHPFD7FSJREN;S20250217
SOB_20251217T163546172401Z_OVZKUFSSVRD6;S20250218
SOB_20251217T163546172526Z_JXK6GFL4PZFK;S20250219
SOB_20251217T163546172635Z_JBU32PZ5UND3;S20250220
SOB_20251217T163546172748Z_Z4MHMNRCDBCN;S20250221
SOB_20251217T163546172870Z_3YZ4QJCYQVHZ;S20250222
SOB_20251217T163546172978Z_WWLGCFBZJFER;S20250223
SOB_20251217T163546173086Z_YKFLQ5VCRZDT;S20250224
SOB_20251217T163546173198Z_JQQJLPHHNVCV;S20250225
SOB_20251217T163546173312Z_AFUKOFVMOFC5;S20250226
SOB_20251217T163546173421Z_BDRWZDL6MNBW;S20250227
SOB_20251217T163546173536Z_PRLOBVDYLZGZ;S20250228
SOB_20251217T163546173650Z_NVPQSMSPDNA5;S20250229
SOB_20251217T163546173758Z_TCYSLYPEQZFL;S20250230
SOB_20251217T163546173873Z_YTLEGQUDG5FM;S20250231
SOB_20251217T163546173984Z_X4OBSG7H7NDX;S20250232
SOB_20251217T163546174099Z_4N2SFIA27VFA;S20250233
SOB_20251217T163546174228Z_OXTJPZZVZZFC;S20250234
SOB_20251217T163546174339Z_EX35FJI52FAB;S20250235
SOB_20251217T163546174447Z_CKFN2TO7FJHC;S20250236
SOB_20251217T163546174555Z_EWWJJT2RJRFU;S20250237
SOB_20251217T163546174675Z_RIZ6UI6WMREY;S20250238
SOB_20251217T163546174786Z_XIB5Z5PPTBDK;S20250239
SOB_20251217T163546174893Z_WEXYA5GVZ5A5;S20250240
SOB_20251217T163546175003Z_7VFVVJCAONBS;S20250241
SOB_20251217T163546175111Z_C2XJKH5DFVAO;S20250242
SOB_20251217T163546175219Z_X6J3LMS3AVCH;S20250243
SOB_20251217T163546175337Z_BTVYYC4JONE7;S20250244
SOB_20251217T163546175448Z_ZOIPRU7IK5GC;S20250245
SOB_20251217T163546175555Z_YNC4OCUTAFCA;S20250246
SOB_20251217T163546175665Z_6BUEYUFHPNFD;S20250247
SOB_20251217T163546175779Z_BWGUL2RSRFCC;S20250248
SOB_20251217T163546175896Z_5REXCQ3WG5HG;S20250249
SOB_20251217T163546176006Z_EQMKADQUTVFL;S20250250
SOB_20251217T163546176136Z_DODQYTPNHFB7;S20250251
SOB_20251217T163546176250Z_HUJOVT3WGJD7;S20250252
SOB_20251217T163546176359Z_4KCHW5JILJGW;S20250253
SOB_20251217T163546176477Z_QLQEAV43BVGU;S20250254
SOB_20251217T163546176595Z_W5B2GAUODVBH;S20250255
SOB_20251217T163546176743Z_YZGNUSAP2VET;S20250256
SOB_20251217T163546176940Z_34D6OAVZORES;S20250257
SOB_20251217T163546177154Z_VCIEHSKQERC6;S20250258
SOB_20251217T163546177356Z_X2PH74QPFZAR;S20250259
SOB_20251217T163546177588Z_UCGUBSQJUZCG;S20250260
SOB_20251217T163546177801Z_STRZBRBAL5FT;S20250261
SOB_20251217T163546178000Z_SYQVL4UECVC3;S20250262
SOB_20251217T163546178214Z_OHDASWNLNVCX;S20250263
SOB_20251217T163546178441Z_WEYKCPAEK5BN;S20250264
SOB_20251217T163546178652Z_C35VDJ5UEVGR;S20250265
SOB_20251217T163546178787Z_PNGTLW6RKVCE;S20250266
SOB_20251217T163546178928Z_U2GKROFUUJB3;S20250267
SOB_20251217T163546179061Z_GHFWLIERHJCN;S20250268
SOB_20251217T163546179188Z_EWIBMHKGCRCG;S20250269
SOB_20251217T163546179352Z_EZB4GMLS45EU;S20250270
SOB_20251217T163546179482Z_NWJURVUCGZBM;S20250271
SOB_20251217T163546179608Z_APLZR4B5FNHC;S20250272
SOB_20251217T163546179736Z_GKLQPSW6TNHH;S20250273
SOB_20251217T163546179857Z_EPFTWQTPZBDD;S20250274
SOB_20251217T163546179985Z_7SK7RDOR6FHG;S20250275
SOB_20251217T163546180111Z_OZCVHVFRHNCX;S20250276
SOB_20251217T163546180232Z_VOG7LTQF25HE;S20250277
SOB_20251217T163546180351Z_XV24SHKA3VH4;S20250278
SOB_20251217T163546180474Z_KXVJ5O44KRF7;S20250279
SOB_20251217T163546180593Z_RWQY2SBHVNHB;S20250280
SOB_20251217T163546180723Z_C2DUP2XMFFH5;S20250281
SOB_20251217T163546180848Z_N6NXV3M2XJGI;S20250282
SOB_20251217T163546180971Z_3NPKUHHFXFFG;S20250283
SOB_20251217T163546181091Z_OGISJVAXTFCX;S20250284
SOB_20251217T163546181214Z_MBWWTEXBQJB2;S20250285
SOB_20251217T163546181346Z_DLCZKHGGLJES;S20250286
SOB_20251217T163546181467Z_AUJYBUUWANGR;S20250287
SOB_20251217T163546181578Z_QQ44CQAW55AK;S20250288
SOB_20251217T163546181753Z_R6JGESLZMFFE;S20250289
SOB_20251217T163546181960Z_UAV4G5FTMRFC;S20250290
SOB_20251217T163546182110Z_45MZXU42SNFE;S20250291
SOB_20251217T163546182242Z_H2XDFMZQ6ZG6;S20250292
SOB_20251217T163546182367Z_B6R3NMXGXZAR;S20250293
SOB_20251217T163546182493Z_36CZAVMFNZBF;S20250294
SOB_20251217T163546182623Z_A5ON73C27ZDI;S20250295
SOB_20251217T163546182742Z_OWTQREXOENFS;S20250296
SOB_20251217T163546182875Z_UUHEX3KH5NGR;S20250297
SOB_20251217T163546183056Z_VQ6DSYOUCFCI;S20250298
SOB_20251217T163546183359Z_3TOVHP53OBHQ;S20250299
SOB_20251217T163546183598Z_MNQNRBGGKVBP;S20250300
SOB_20251217T163546183741Z_7UKRSM7ZZBC6;S20250301
SOB_20251217T163546183873Z_HXTCN3BMTND4;S20250302
SOB_20251217T163546183995Z_TJXFCK4NFFE2;S20250303
SOB_20251217T163546184116Z_JYZB6UTSLFAR;S20250304
SOB_20251217T163546184239Z_ZEYPXXKUJFBN;S20250305
SOB_20251217T163546184360Z_ENAZH36E7BD3;S20250306
SOB_20251217T163546184491Z_VKMYXQKI5NCP;S20250307
SOB_20251217T163546184615Z_TDIAFUZYDVDF;S20250308
SOB_20251217T163546184760Z_DLUC3FZ75NDZ;S20250309
SOB_20251217T163546185011Z_75NLLYYBYVBU;S20250310
SOB_20251217T163546185254Z_YJRSY6FSSZEC;S20250311
SOB_20251217T163546185462Z_CBDBF7VAS5CB;S20250312
SOB_20251217T163546185714Z_M5ZTWWKYJNBM;S20250313
SOB_20251217T163546185960Z_YCD5LDMAW5BI;S20250314
SOB_20251217T163546186182Z_WCPGBBB7HZAU;S20250315
SOB_20251217T163546186399Z_4I4GM7IS3JEZ;S20250316
SOB_20251217T163546186645Z_PFSBRYD7BNHD;S20250317
SOB_20251217T163546186820Z_6E6Z5QTUMJF2;S20250318
SOB_20251217T163546186950Z_PAKUAJYQMZDR;S20250319
SOB_20251217T163546187086Z_JSBEOJ5DFBGU;S20250320
SOB_20251217T163546187225Z_6OXSZP7GNVHO;S20250321
SOB_20251217T163546187348Z_2ECEBCLO3VDG;S20250322
SOB_20251217T163546187476Z_FRTGXDGJYNFX;S20250323
SOB_20251217T163546187615Z_5GXM5KEJVNHJ;S20250324
SOB_20251217T163546187736Z_ITYVSZ2UXNGU;S20250325
SOB_20251217T163546187855Z_HJ5XLSQL75AE;S20250326
SOB_20251217T163546187982Z_PCSKNDLC55AZ;S20250327
SOB_20251217T163546188102Z_WDQD4JBMB5HE;S20250328
SOB_20251217T163546188228Z_RBALW6I6V5GJ;S20250329
SOB_20251217T163546188350Z_IEYUQDXA4VCY;S20250330
SOB_20251217T163546188471Z_O5EYFRMMQVBR;S20250331
SOB_20251217T163546188588Z_KZKBT6JAJZGS;S20250332
SOB_20251217T163546188718Z_O4P4SUDCV5AV;S20250333
SOB_20251217T163546188843Z_MMC7KXJDRBD3;S20250334
SOB_20251217T163546188962Z_M4BUHBMUBJCX;S20250335
SOB_20251217T163546189081Z_VDXNXPYX2FHV;S20250336
SOB_20251217T163546189204Z_ND7NVLZLDFCF;S20250337
SOB_20251217T163546189323Z_Q7ZTBWCBLZAG;S20250338
SOB_20251217T163546189449Z_G7Q7LKPXYBB5;S20250339
SOB_20251217T163546189574Z_AE22JW2N3NFO;S20250340
SOB_20251217T163546189700Z_BEKHR5M2IZDI;S20250341
SOB_20251217T163546189819Z_CJ32654YANAP;S20250342
SOB_20251217T163546189942Z_YWYMBPG4TBCW;S20250343
SOB_20251217T163546190061Z_LT5GLMOESJGO;S20250344
SOB_20251217T163546190187Z_GZ6CHTLC4VC5;S20250345
SOB_20251217T163546190312Z_557BSRJUVJFD;S20250346
SOB_20251217T163546190443Z_KDGYRUTUFZDY;S20250347
SOB_20251217T163546190556Z_7ZEHYX32IZCF;S20250348
SOB_20251217T163546190671Z_TKEIVXYRPVCY;S20250349
SOB_20251217T163546190792Z_RRW7OBNF6VHO;S20250350
SOB_20251217T163546190901Z_RKB5FDUFPRGR;S20250351
SOB_20251217T163546191015Z_75Q3EA2FR5CP;S20250352
SOB_20251217T163546191128Z_WXIC3ILZM5G4;S20250353
SOB_20251217T163546191268Z_ZVJZAANFQRHG;S20250354
SOB_20251217T163546191386Z_Q674CMP3PNAS;S20250355
SOB_20251217T163546191500Z_FPOWJG2OOBEZ;S20250356
SOB_20251217T163546191614Z_DCHQG72POBHR;S20250357
SOB_20251217T163546191727Z_DXPIJ2ZANNEP;S20250358
SOB_20251217T163546191841Z_2AKIVQBUTFAP;S20250359
SOB_20251217T163546191960Z_XWMJSBX7Y5EE;S20250360
SOB_20251217T163546192091Z_UQ3ZL3QKVNC4;S20250361
SOB_20251217T163546192206Z_PL5RUFNUCNB6;S20250362
SOB_20251217T163546192317Z_MFTBWGOOR5DG;S20250363
SOB_20251217T163546192427Z_6NPM734RW5AJ;S20250364
SOB_20251217T163546192543Z_GJTJCNUCN5FI;S20250365
SOB_20251217T163546192664Z_RWRVOUJJMJAA;S20250366
SOB_20251217T163546192776Z_H3HRJ2SNVZCI;S20250367
SOB_20251217T163546192891Z_P2PI3OFGI5FZ;S20250368
SOB_20251217T163546193007Z_XHTKFKPAERCG;S20250369
SOB_20251217T163546193117Z_6TZJKBIFZVAJ;S20250370
SOB_20251217T163546193241Z_KX2KQOYVZFEV;S20250371
SOB_20251217T163546193363Z_HTXSZMZ4FRGI;S20250372
SOB_20251217T163546193527Z_DSBYVC5TCREH;S20250373
SOB_20251217T163546193759Z_3RDG6FFVWNGO;S20250374
SOB_20251217T163546193987Z_DSYQ6FUMZJDR;S20250375
SOB_20251217T163546194208Z_JGLW3TJAR5HQ;S20250376
SOB_20251217T163546194433Z_BTU7PE5L6JHF;S20250377
SOB_20251217T163546194654Z_VUYUGAHD2BE2;S20250378
SOB_20251217T163546194859Z_ZR4GYS6YMRCZ;S20250379
SOB_20251217T163546195056Z_DAIGHDWNFRHH;S20250380
SOB_20251217T163546195334Z_WESAHVW2QZAS;S20250381
SOB_20251217T163546195507Z_7NF36Z66ABEQ;S20250382
SOB_20251217T163546195633Z_OGR23QAPVFAI;S20250383
SOB_20251217T163546195790Z_F4KRPZNBWBC3;S20250384
SOB_20251217T163546195927Z_SDLTA4C4TRBV;S20250385
SOB_20251217T163546196048Z_TKSUPS6CUBAT;S20250386
SOB_20251217T163546196182Z_MLC7UHSRLNGR;S20250387
SOB_20251217T163546196310Z_2EDKZG6HI5HL;S20250388
SOB_20251217T163546196432Z_BNKPCSSDANGE;S20250389
SOB_20251217T163546196555Z_DFPA43EKPZB5;S20250390
SOB_20251217T163546196682Z_D6QY43JHJNGB;S20250391
SOB_20251217T163546196813Z_HD5ZW7HWZJBN;S20250392
SOB_20251217T163546196933Z_FYQ4XLPPA5FW;S20250393
SOB_20251217T163546197057Z_DQLKXPN7JNCB;S20250394
SOB_20251217T163546197177Z_CW5SE34KZZF3;S20250395
SOB_20251217T163546197296Z_KTBVSTH7F5DI;S20250396
SOB_20251217T163546197420Z_E2FTDQ7X4RFV;S20250397
SOB_20251217T163546197547Z_BWUXWKNJXVBE;S20250398
SOB_20251217T163546197715Z_GPU742QM7FHR;S20250399
SOB_20251217T163546197861Z_PLOQY56FWND5;S20250400
SOB_20251217T163546197984Z_EHC6B5KPPFAJ;S20250401
SOB_20251217T163546198156Z_DNWH7PIQXNHB;S20250402
SOB_20251217T163546198291Z_M6P7WDWIDRA5;S20250403
SOB_20251217T163546198411Z_DEQBVE7R4RDQ;S20250404
SOB_20251217T163546198530Z_KXJPAJJ3I5BF;S20250405
SOB_20251217T163546198656Z_VIS3PKJ5YJHD;S20250406
SOB_20251217T163546198777Z_3PT4UNZWT5D6;S20250407
SOB_20251217T163546198900Z_XXNHZRAIMBEL;S20250408
SOB_20251217T163546199021Z_IKNHQMOATNFK;S20250409
SOB_20251217T163546199146Z_AF7XPEV2QNEI;S20250410
SOB_20251217T163546199265Z_7EWTB5F6UBEX;S20250411
SOB_20251217T163546199387Z_OZDQVWX7PJB4;S20250412
SOB_20251217T163546199514Z_Y4DCYQOTPVEH;S20250413
SOB_20251217T163546199638Z_RGD5XVCMJ5FZ;S20250414
SOB_20251217T163546199757Z_35YC2C6KWZBK;S20250415
SOB_20251217T163546199882Z_6S4D2TZDYNHD;S20250416
SOB_20251217T163546200002Z_BVJU4OVCP5CK;S20250417
SOB_20251217T163546200123Z_FXSUJ5F43VDL;S20250418
SOB_20251217T163546200254Z_ZKHQ366BPFBH;S20250419
SOB_20251217T163546200373Z_PUYIWS65MZDK;S20250420
SOB_20251217T163546200491Z_SMARHDYOPNEM;S20250421
SOB_20251217T163546200659Z_FL7ONHIMB5FW;S20250422
SOB_20251217T163546200781Z_BWNR26IM3JBF;S20250423
SOB_20251217T163546200914Z_SOILTWCBOJBU;S20250424
SOB_20251217T163546201027Z_XWW65HV2LZE5;S20250425
SOB_20251217T163546201141Z_KD6DHVQ65BBF;S20250426
SOB_20251217T163546201253Z_WMNNWBZ5WBEZ;S20250427
SOB_20251217T163546201370Z_MRQGYQYHLNE3;S20250428
SOB_20251217T163546201490Z_F7N7EYPT3FDN;S20250429
SOB_20251217T163546201606Z_DWN6DECEX5DF;S20250430
SOB_20251217T163546201732Z_BRWBDVBUWZAJ;S20250431
SOB_20251217T163546201929Z_4YA3PFIXCFAU;S20250432
SOB_20251217T163546202155Z_554SFZBBL5AZ;S20250433
SOB_20251217T163546202355Z_PBI4YR6GIBEL;S20250434
SOB_20251217T163546202604Z_DMDWZWEW5NEY;S20250435
SOB_20251217T163546202846Z_P6JXWI5NJBFW;S20250436
SOB_20251217T163546203064Z_SFDUVTYK7BAD;S20250437
SOB_20251217T163546203285Z_3BCVO2FQQ5GT;S20250438
SOB_20251217T163546203533Z_CXX2TPF5KBEK;S20250439
SOB_20251217T163546203725Z_EQG654J33NAN;S20250440
SOB_20251217T163546203876Z_GPF4PBGVKZDJ;S20250441
SOB_20251217T163546204006Z_DXBCUFQZ3NA2;S20250442
SOB_20251217T163546204147Z_JNHYUXDVKNCK;S20250443
SOB_20251217T163546204270Z_KDWJVGUZJNG4;S20250444
SOB_20251217T163546204400Z_ZHSD5WILPZGR;S20250445
SOB_20251217T163546204521Z_MSDYH7U65ZEF;S20250446
SOB_20251217T163546204650Z_7QBT5MVBEBH6;S20250447
SOB_20251217T163546204776Z_PL7LKUCJIZDX;S20250448
SOB_20251217T163546204897Z_WBCSBBDVNBB4;S20250449
SOB_20251217T163546205017Z_T6IE7TOMTBFO;S20250450
SOB_20251217T163546205148Z_6CZN6SYTTREB;S20250451
SOB_20251217T163546205272Z_OSRJ6UTZCFHF;S20250452
SOB_20251217T163546205392Z_7TNLMZJDFREA;S20250453
SOB_20251217T163546205517Z_WPY76PF7MFFJ;S20250454
SOB_20251217T163546205641Z_D7HQS4R72RHR;S20250455
SOB_20251217T163546205767Z_QR3D4RVWYZH3;S20250456
SOB_20251217T163546205890Z_ONKBLDVJ7FEN;S20250457
SOB_20251217T163546206055Z_JUWVRRBEMNFV;S20250458
SOB_20251217T163546206178Z_JW5Y452X45DT;S20250459
SOB_20251217T163546206307Z_EIE26BFNL5CZ;S20250460
SOB_20251217T163546206435Z_NNAF7DAKCZHS;S20250461
SOB_20251217T163546206553Z_UYASRISBJRD5;S20250462
SOB_20251217T163546206678Z_GFGP6OT5UBGL;S20250463
SOB_20251217T163546206800Z_Y2YRJGNAWNFQ;S20250464
SOB_20251217T163546206926Z_TGH2H4KWTBA3;S20250465
SOB_20251217T163546207039Z_Y2M3N6NEPNHH;S20250466
SOB_20251217T163546207166Z_3ZWMH7RMCVDJ;S20250467
SOB_20251217T163546207276Z_HX4EQYVL6VBH;S20250468
SOB_20251217T163546207389Z_LCBO3HIIXRBB;S20250469
SOB_20251217T163546207504Z_JMDVVIASHBAG;S20250470
SOB_20251217T163546207625Z_UJHRJR3CRJFS;S20250471
SOB_20251217T163546207742Z_N3E2X247ERCO;S20250472
SOB_20251217T163546207862Z_LRJ5QTUIAFFT;S20250473
SOB_20251217T163546207973Z_2NAY3S24ANCM;S20250474
SOB_20251217T163546208105Z_5BZNAHVF5VDT;S20250475
SOB_20251217T163546208226Z_BVGNL4MM5NGA;S20250476
SOB_20251217T163546208347Z_V7K3KJF4RVBP;S20250477
SOB_20251217T163546208457Z_ZXTDHQ6IMVDC;S20250478
SOB_20251217T163546208567Z_RJFNQXKPWBGU;S20250479
SOB_20251217T163546208688Z_C7FFWCZWYZCS;S20250480
SOB_20251217T163546208799Z_IE6PJ44SVREV;S20250481
SOB_20251217T163546208908Z_ALFEI74ILJC6;S20250482
SOB_20251217T163546209030Z_EPVCXGZJX5DO;S20250483
SOB_20251217T163546209142Z_RSXPTN2EFBEJ;S20250484
SOB_20251217T163546209253Z_CMOIYN6W2RC6;S20250485
SOB_20251217T163546209373Z_MLM6T37NUJAL;S20250486
SOB_20251217T163546209485Z_NJ57HS52WBD5;S20250487
SOB_20251217T163546209603Z_U5ZF2VROJNGJ;S20250488
SOB_20251217T163546209721Z_2O7E3ROX7BFY;S20250489
SOB_20251217T163546209830Z_XDBU4QLK3ND7;S20250490
SOB_20251217T163546209948Z_UGPOIUCMVZGK;S20250491
SOB_20251217T163546210120Z_FIRMEN25GVBU;S20250492
SOB_20251217T163546210352Z_IVGVWWFQYZHU;S20250493
SOB_20251217T163546210568Z_A6CGFJ7NSNGV;S20250494
SOB_20251217T163546210778Z_6YQBBTRYJRAK;S20250495
SOB_20251217T163546210994Z_K2W2EXLL4RDX;S20250496
SOB_20251217T163546211199Z_X766BXFGBNCK;S20250497
SOB_20251217T163546211390Z_ZAJW5JU37VDD;S20250498
SOB_20251217T163546211634Z_ALRZTIFBANGY;S20250499
SOB_20251217T163546211893Z_YON5J4OW5BEV;S20250500
