SOB_ID;Kontakttelefonnummer
SOB_20251217T163546138062Z_SGVGAWRLQRE4;0151-9001001
SOB_20251217T163546138570Z_RICIOOM7DBBX;0151-9001002
SOB_20251217T163546138841Z_UC64XLFVJVCZ;0151-9001003
SOB_20251217T163546139045Z_YKVUDV2E75EU;0151-9001004
SOB_20251217T163546139217Z_GIDFBGU7UBAF;0151-9001005
SOB_20251217T163546139377Z_2IVNSUQTIFA6;0151-9001006
SOB_20251217T163546139528Z_YK43ZTRGW5FJ;0151-9001007
SOB_20251217T163546139688Z_C2J5CW7S3RFY;0151-9001008
SOB_20251217T163546139841Z_7FQEYI6LQFF2;0151-9001009
SOB_20251217T163546139994Z_DZRYB7AD3JHA;0151-9001010
SOB_20251217T163546140149Z_NQ733A4RGZEX;0151-9001011
SOB_20251217T163546140301Z_2Z3JE2MHPJCX;0151-9001012
SOB_20251217T163546140501Z_ESEONTNU5VAI;0151-9001013
SOB_20251217T163546140711Z_7XYTJMEAXFDG;0151-9001014
SOB_20251217T163546140963Z_SHAVY2PVTZFG;0151-9001015
SOB_20251217T163546141206Z_CZ4GUDS7CJDT;0151-9001016
SOB_20251217T163546141434Z_H6RBAQOTCNBN;0151-9001017
SOB_20251217T163546141621Z_OHDJEFNPSVHE;0151-9001018
SOB_20251217T163546141776Z_5LTT5ZV4FZAE;0151-9001019
SOB_20251217T163546141926Z_OC4CEHDWR5FV;0151-9001020
SOB_20251217T163546142085Z_3Y45GBB3WRAG;0151-9001021
SOB_20251217T163546142236Z_YMLJUG4IM5AC;0151-9001022
SOB_20251217T163546142380Z_BNUXKQSC2FE7;0151-9001023
SOB_20251217T163546142529Z_SQAUU54WKBCQ;0151-9001024
SOB_20251217T163546142679Z_J4QDUGYXFNBI;0151-9001025
SOB_20251217T163546142823Z_TMHFK5ZESBHZ;0151-9001026
SOB_20251217T163546142986Z_MU5ENCSWFFBQ;0151-9001027
SOB_20251217T163546143139Z_O56T45AOOFDE;0151-9001028
SOB_20251217T163546143295Z_QROICQKS65BY;0151-9001029
SOB_20251217T163546143455Z_NWFWLI5TJ5FI;0151-9001030
SOB_20251217T163546143606Z_PRJ5OVRZSNDH;0151-9001031
SOB_20251217T163546143898Z_UWSQ3WYOLNAR;0151-9001032
SOB_20251217T163546144144Z_4SXVKSA24BFN;0151-9001033
SOB_20251217T163546144347Z_W5TRO7T5SJF3;0151-9001034
SOB_20251217T163546144535Z_I3NVPLX4IVAH;0151-9001035
SOB_20251217T163546144714Z_7YGSLAQ44BB3;0151-9001036
SOB_20251217T163546144915Z_P6FFDFT65NGD;0151-9001037
SOB_20251217T163546145102Z_OAR2KKROPJB6;0151-9001038
SOB_20251217T163546145271Z_XEHPBYJJERAK;0151-9001039
SOB_20251217T163546145438Z_QNAT3ZEYSVER;0151-9001040
SOB_20251217T163546145598Z_WQHSVWEGTRC2;0151-9001041
SOB_20251217T163546145747Z_IS47NIEHT5HL;0151-9001042
SOB_20251217T163546145903Z_L6VZGF3BQVD3;0151-9001043
SOB_20251217T163546146053Z_Q3KRMGLCFJCM;0151-9001044
SOB_20251217T163546146204Z_IXI2FI2OF5EF;0151-9001045
SOB_20251217T163546146350Z_JIJCKTKWMJHI;0151-9001046
SOB_20251217T163546146500Z_7QRQYMTZT5FN;0151-9001047
SOB_20251217T163546146656Z_YT3NCF77JZDH;0151-9001048
SOB_20251217T163546146805Z_MFSF3ZGGQND2;0151-9001049
SOB_20251217T163546146953Z_D2TRMSI3VNC2;0151-9001050
SOB_20251217T163546147081Z_QPZQ6K2M2NEA;0151-9001051
SOB_20251217T163546147208Z_MTDBKQZN7NDT;0151-9001052
SOB_20251217T163546147339Z_R57Z3QQ4A5CW;0151-9001053
SOB_20251217T163546147466Z_LLO4SXXJK5DX;0151-9001054
SOB_20251217T163546147588Z_4FQTDD6HBBEP;0151-9001055
SOB_20251217T163546147709Z_KSWRSJTA5JDP;0151-9001056
SOB_20251217T163546147840Z_TPW4FUTG7JED;0151-9001057
SOB_20251217T163546147963Z_FMD6LBEK4NBD;0151-9001058
SOB_20251217T163546148093Z_PXK332BWIBCM;0151-9001059
SOB_20251217T163546148220Z_YG4PWL6PEVAP;0151-9001060
SOB_20251217T163546148343Z_HTDVFK533ZHQ;0151-9001061
SOB_20251217T163546148465Z_VCC2PZWPR5GI;0151-9001062
SOB_20251217T163546148586Z_RQEGFV7OI5E4;0151-9001063
SOB_20251217T163546148713Z_XYI2H5YQAJD5;0151-9001064
SOB_20251217T163546148829Z_U5BWFLAKQJDG;0151-9001065
SOB_20251217T163546148962Z_KD57CDIDZRB7;0151-9001066
SOB_20251217T163546149083Z_X5SGXQHG6RDF;0151-9001067
SOB_20251217T163546149200Z_HMT5EU7KS5CM;0151-9001068
SOB_20251217T163546149327Z_OIHOBILDRZAH;0151-9001069
SOB_20251217T163546149447Z_MFTMFZX6XZFK;0151-9001070
SOB_20251217T163546149564Z_IALECBGIWNF6;0151-9001071
SOB_20251217T163546149683Z_Y5LBIL5JOVBP;0151-9001072
SOB_20251217T163546149812Z_3VL77AJNBNEW;0151-9001073
SOB_20251217T163546149929Z_ZVRCAH5RDFD6;0151-9001074
SOB_20251217T163546150051Z_RXG6M43W6RFB;0151-9001075
SOB_20251217T163546150171Z_V6RXUJ2SGBFC;0151-9001076
SOB_20251217T163546150288Z_BKP3TCM375CY;0151-9001077
SOB_20251217T163546150414Z_VMX6O3SHFNFB;0151-9001078
SOB_20251217T163546150537Z_IZWBEZXNNNFN;0151-9001079
SOB_20251217T163546150660Z_P3TJH4DX2JC5;0151-9001080
SOB_20251217T163546150778Z_Z7RYOJYJWVBI;0151-9001081
SOB_20251217T163546150895Z_FUOKMVZQVFAW;0151-9001082
SOB_20251217T163546151016Z_GJTF4SI4FREE;0151-9001083
SOB_20251217T163546151134Z_EH4IX32EH5BL;0151-9001084
SOB_20251217T163546151261Z_27ENV442WBGQ;0151-9001085
SOB_20251217T163546151389Z_XYYNDNOSIZHV;0151-9001086
SOB_20251217T163546151576Z_WP6NTW7UF5DP;0151-9001087
SOB_20251217T163546151784Z_X4WW47UKPRHD;0151-9001088
SOB_20251217T163546151950Z_OTHBRIYYUFGR;0151-9001089
SOB_20251217T163546152079Z_TVUYM6WJLFDC;0151-9001090
SOB_20251217T163546152225Z_3VCPKEUY5NAN;0151-9001091
SOB_20251217T163546152422Z_SVUMX7ILNRDI;0151-9001092
SOB_20251217T163546152554Z_KTF5HV5KIVGP;0151-9001093
SOB_20251217T163546152682Z_WDMC4YN3LBEU;0151-9001094
SOB_20251217T163546152820Z_FPU3CSBWOBF3;0151-9001095
SOB_20251217T163546153020Z_FXOT4ULCZFEQ;0151-9001096
SOB_20251217T163546153185Z_3BXWYETABVCY;0151-9001097
SOB_20251217T163546153324Z_UHBKSP4QTVDQ;0151-9001098
SOB_20251217T163546153459Z_5PN2WX3OE5BU;0151-9001099
SOB_20251217T163546153584Z_PC4XAPAHHFE7;0151-9001100
SOB_20251217T163546153722Z_LGFA3KSZ5BGF;0151-9001101
SOB_20251217T163546153865Z_MQJH6LRTSJDH;0151-9001102
SOB_20251217T163546153993Z_D7MAPEVP65DQ;0151-9001103
SOB_20251217T163546154119Z_2X7DSLWB6FCY;0151-9001104
SOB_20251217T163546154258Z_FE4IX2KOGRBV;0151-9001105
SOB_20251217T163546154389Z_YANIXUJ2ABHS;0151-9001106
SOB_20251217T163546154517Z_CN4BLZDCCZFH;0151-9001107
SOB_20251217T163546154643Z_OFJFZCNMYJCH;0151-9001108
SOB_20251217T163546154766Z_CGIIC5VR6RBH;0151-9001109
SOB_20251217T163546154894Z_JAMSHDB54ZGZ;0151-9001110
SOB_20251217T163546155029Z_PSA7CXKQXBBQ;0151-9001111
SOB_20251217T163546155155Z_KAAKVMLJZZC7;0151-9001112
SOB_20251217T163546155282Z_RDCJVWC3YRBB;0151-9001113
SOB_20251217T163546155410Z_QMCHU2P7TJBQ;0151-9001114
SOB_20251217T163546155575Z_BB7KBXPXY5DF;0151-9001115
SOB_20251217T163546155699Z_YQ7MDVUPFJA7;0151-9001116
SOB_20251217T163546155832Z_CXNLJR4IOJGH;0151-9001117
SOB_20251217T163546155959Z_UVKWHX2YZFFB;0151-9001118
SOB_20251217T163546156082Z_UP23CXI5DVE4;0151-9001119
SOB_20251217T163546156210Z_J6LH3GNSYNFE;0151-9001120
SOB_20251217T163546156339Z_NYJ6EA66GJGW;0151-9001121
SOB_20251217T163546156472Z_UYTYA3EB6NDM;0151-9001122
SOB_20251217T163546156600Z_FPERLN3WXFFN;0151-9001123
SOB_20251217T163546156729Z_FSYOGKZBMVE5;0151-9001124
SOB_20251217T163546156852Z_KTYCZY5JP5ER;0151-9001125
SOB_20251217T163546156974Z_Q5JDCNOBWFGI;0151-9001126
SOB_20251217T163546157110Z_GH37JAA26ZCE;0151-9001127
SOB_20251217T163546157233Z_GQY3BVQH4RD4;0151-9001128
SOB_20251217T163546157362Z_RGMJHDY62NFI;0151-9001129
SOB_20251217T163546157518Z_SYCHMB3ZBVBQ;0151-9001130
SOB_20251217T163546157639Z_IKO3CRKCSVEW;0151-9001131
SOB_20251217T163546157765Z_4LV5SLXTVJF5;0151-9001132
SOB_20251217T163546157890Z_MDJW6LOP5VHT;0151-9001133
SOB_20251217T163546158010Z_F73H7O6PRFGW;0151-9001134
SOB_20251217T163546158129Z_DQKHPIO2A5H6;0151-9001135
SOB_20251217T163546158253Z_OOE3PR7THRHJ;0151-9001136
SOB_20251217T163546158381Z_KXZCVXXSD5HD;0151-9001137
SOB_20251217T163546158512Z_MZ7YVGIVO5FL;0151-9001138
SOB_20251217T163546158631Z_7FBUQ3OBUZF7;0151-9001139
SOB_20251217T163546158755Z_J2PWSIKYJ5EF;0151-9001140
SOB_20251217T163546158875Z_KTPCFC2ASNB2;0151-9001141
SOB_20251217T163546159006Z_ECELQ2PGYFGC;0151-9001142
SOB_20251217T163546159134Z_Q5V55UFFGVGS;0151-9001143
SOB_20251217T163546159252Z_XEXWS3TPLBGQ;0151-9001144
SOB_20251217T163546159372Z_KL4VBKQGINBA;0151-9001145
SOB_20251217T163546159496Z_ODOSGEG4XFAY;0151-9001146
SOB_20251217T163546159621Z_OK7ZULM5HZEL;0151-9001147
SOB_20251217T163546159748Z_P5VDSZWUAND4;0151-9001148
SOB_20251217T163546159877Z_ID47OO4225GW;0151-9001149
SOB_20251217T163546160022Z_N3S3WAT2RVHO;0151-9001150
SOB_20251217T163546160166Z_MCSFOAHPGNDP;0151-9001151
SOB_20251217T163546160300Z_A5EPR2SGDBGD;0151-9001152
SOB_20251217T163546160436Z_T7PM64EI7ZGM;0151-9001153
SOB_20251217T163546160585Z_XJB5Q4IHYNBC;0151-9001154
SOB_20251217T163546161071Z_WX66G6IY2ZA6;0151-9001155
SOB_20251217T163546161470Z_AGOVER6GBNG5;0151-9001156
SOB_20251217T163546161924Z_RBJ5BFPXDFDK;0151-9001157
SOB_20251217T163546162185Z_CRIEN75U65DD;0151-9001158
SOB_20251217T163546162396Z_3WZMRXH7JVH2;0151-9001159
SOB_20251217T163546162583Z_75FMJMWCAFA2;0151-9001160
SOB_20251217T163546162773Z_D6HPPGD7VJFV;0151-9001161
SOB_20251217T163546162960Z_DNAOIKZSXNDK;0151-9001162
SOB_20251217T163546163147Z_QJ3GJE4O7NF2;0151-9001163
SOB_20251217T163546163337Z_WM7LF34OH5CQ;0151-9001164
SOB_20251217T163546163555Z_JKMSTPNL2VEZ;0151-9001165
SOB_20251217T163546163771Z_CVGLYAN64RAB;0151-9001166
SOB_20251217T163546163969Z_STQAG5BMINDI;0151-9001167
SOB_20251217T163546164160Z_OGAWLLHWTRE7;0151-9001168
SOB_20251217T163546164342Z_U363K2UO4RDH;0151-9001169
SOB_20251217T163546164538Z_CX2NOI3AN5BZ;0151-9001170
SOB_20251217T163546164725Z_TRGDKB6OSNHJ;0151-9001171
SOB_20251217T163546164906Z_GFT367RYABA7;0151-9001172
SOB_20251217T163546165060Z_VBVVRU2XKBGC;0151-9001173
SOB_20251217T163546165236Z_3HXU7FGKVJAF;0151-9001174
SOB_20251217T163546165390Z_L2QVQH5Q2BGR;0151-9001175
SOB_20251217T163546165535Z_NV2EC7TJVFG7;0151-9001176
SOB_20251217T163546165678Z_OS3CWSHMKBCB;0151-9001177
SOB_20251217T163546165825Z_ESZ65NZEUBH7;0151-9001178
SOB_20251217T163546165968Z_CDOC6J6MJVHD;0151-9001179
SOB_20251217T163546166122Z_3MACKYBYYRBX;0151-9001180
SOB_20251217T163546166267Z_7J2ESWYBPNBM;0151-9001181
SOB_20251217T163546166409Z_BGZZHPPA4VG4;0151-9001182
SOB_20251217T163546166606Z_JTIYI5ILSNFZ;0151-9001183
SOB_20251217T163546166761Z_RO5NB5EQQBHY;0151-9001184
SOB_20251217T163546166920Z_Y3K5OAJHDNGE;0151-9001185
SOB_20251217T163546167064Z_66QET47NRBB6;0151-9001186
SOB_20251217T163546167216Z_G6FDJXZFBRAN;0151-9001187
SOB_20251217T163546167366Z_KOLSI74KI5EW;0151-9001188
SOB_20251217T163546167512Z_C3G53RBJR5HV;0151-9001189
SOB_20251217T163546167653Z_ZFCVSZ27NJHV;0151-9001190
SOB_20251217T163546167825Z_5VEI2IDY3FCA;0151-9001191
SOB_20251217T163546168039Z_S33KKZBREJBK;0151-9001192
SOB_20251217T163546168271Z_D4XMGW2KTBCO;0151-9001193
SOB_20251217T163546168534Z_465GEALJYVAR;0151-9001194
SOB_20251217T163546168881Z_66BQ6XXEA5E3;0151-9001195
SOB_20251217T163546169179Z_MD2U7IU5SVAJ;0151-9001196
SOB_20251217T163546169420Z_D5N66IH7DNCR;0151-9001197
SOB_20251217T163546169567Z_4IJVWLPYSBGR;0151-9001198
SOB_20251217T163546169744Z_3UUKCB4PDBEZ;0151-9001199
SOB_20251217T163546169902Z_MOMQ6NYZMRFY;0151-9001200
SOB_20251217T163546170057Z_HJLAP76VQJFF;0151-9001201
SOB_20251217T163546170228Z_Q74NKGN52FAT;0151-9001202
SOB_20251217T163546170373Z_OCSZTHNOJNBD;0151-9001203
SOB_20251217T163546170517Z_L375DWX2ANFT;0151-9001204
SOB_20251217T163546170706Z_HDH7FME5HZCA;0151-9001205
SOB_20251217T163546170864Z_YC57RCTVCZEL;0151-9001206
SOB_20251217T163546171004Z_NDTT447J7FAF;0151-9001207
SOB_20251217T163546171141Z_6OKR5MH32VBG;0151-9001208
SOB_20251217T163546171262Z_UJCMP643BNAM;0151-9001209
SOB_20251217T163546171388Z_L43QVZZI6RGT;0151-9001210
SOB_20251217T163546171511Z_2S3LPTVG2VCX;0151-9001211
SOB_20251217T163546171645Z_YP5PFOKOHRDT;0151-9001212
SOB_20251217T163546171770Z_65ZU5XV5NBBL;0151-9001213
SOB_20251217T163546171895Z_K2HCK77WXNFM;0151-9001214
SOB_20251217T163546172022Z_DLW6XGWFPZGA;0151-9001215
SOB_20251217T163546172148Z_C7D6AGZAXVEH;0151-9001216
SOB_20251217T163546172274Z_UHPFD7FSJREN;0151-9001217
SOB_20251217T163546172401Z_OVZKUFSSVRD6;0151-9001218
SOB_20251217T163546172526Z_JXK6GFL4PZFK;0151-9001219
SOB_20251217T163546172635Z_JBU32PZ5UND3;0151-9001220
SOB_20251217T163546172748Z_Z4MHMNRCDBCN;0151-9001221
SOB_20251217T163546172870Z_3YZ4QJCYQVHZ;0151-9001222
SOB_20251217T163546172978Z_WWLGCFBZJFER;0151-9001223
SOB_20251217T163546173086Z_YKFLQ5VCRZDT;0151-9001224
SOB_20251217T163546173198Z_JQQJLPHHNVCV;0151-9001225
SOB_20251217T163546173312Z_AFUKOFVMOFC5;0151-9001226
SOB_20251217T163546173421Z_BDRWZDL6MNBW;0151-9001227
SOB_20251217T163546173536Z_PRLOBVDYLZGZ;0151-9001228
SOB_20251217T163546173650Z_NVPQSMSPDNA5;0151-9001229
SOB_20251217T163546173758Z_TCYSLYPEQZFL;0151-9001230
SOB_20251217T163546173873Z_YTLEGQUDG5FM;0151-9001231
SOB_20251217T163546173984Z_X4OBSG7H7NDX;0151-9001232
SOB_20251217T163546174099Z_4N2SFIA27VFA;0151-9001233
SOB_20251217T163546174228Z_OXTJPZZVZZFC;0151-9001234
SOB_20251217T163546174339Z_EX35FJI52FAB;0151-9001235
SOB_20251217T163546174447Z_CKFN2TO7FJHC;0151-9001236
SOB_20251217T163546174555Z_EWWJJT2RJRFU;0151-9001237
SOB_20251217T163546174675Z_RIZ6UI6WMREY;0151-9001238
SOB_20251217T163546174786Z_XIB5Z5PPTBDK;0151-9001239
SOB_20251217T163546174893Z_WEXYA5GVZ5A5;0151-9001240
SOB_20251217T163546175003Z_7VFVVJCAONBS;0151-9001241
SOB_20251217T163546175111Z_C2XJKH5DFVAO;0151-9001242
SOB_20251217T163546175219Z_X6J3LMS3AVCH;0151-9001243
SOB_20251217T163546175337Z_BTVYYC4JONE7;0151-9001244
SOB_20251217T163546175448Z_ZOIPRU7IK5GC;0151-9001245
SOB_20251217T163546175555Z_YNC4OCUTAFCA;0151-9001246
SOB_20251217T163546175665Z_6BUEYUFHPNFD;0151-9001247
SOB_20251217T163546175779Z_BWGUL2RSRFCC;0151-9001248
SOB_20251217T163546175896Z_5REXCQ3WG5HG;0151-9001249
SOB_20251217T163546176006Z_EQMKADQUTVFL;0151-9001250
SOB_20251217T163546176136Z_DODQYTPNHFB7;0151-9001251
SOB_20251217T163546176250Z_HUJOVT3WGJD7;0151-9001252
SOB_20251217T163546176359Z_4KCHW5JILJGW;0151-9001253
SOB_20251217T163546176477Z_QLQEAV43BVGU;0151-9001254
SOB_20251217T163546176595Z_W5B2GAUODVBH;0151-9001255
SOB_20251217T163546176743Z_YZGNUSAP2VET;0151-9001256
SOB_20251217T163546176940Z_34D6OAVZORES;0151-9001257
SOB_20251217T163546177154Z_VCIEHSKQERC6;0151-9001258
SOB_20251217T163546177356Z_X2PH74QPFZAR;0151-9001259
SOB_20251217T163546177588Z_UCGUBSQJUZCG;0151-9001260
SOB_20251217T163546177801Z_STRZBRBAL5FT;0151-9001261
SOB_20251217T163546178000Z_SYQVL4UECVC3;0151-9001262
SOB_20251217T163546178214Z_OHDASWNLNVCX;0151-9001263
SOB_20251217T163546178441Z_WEYKCPAEK5BN;0151-9001264
SOB_20251217T163546178652Z_C35VDJ5UEVGR;0151-9001265
SOB_20251217T163546178787Z_PNGTLW6RKVCE;0151-9001266
SOB_20251217T163546178928Z_U2GKROFUUJB3;0151-9001267
SOB_20251217T163546179061Z_GHFWLIERHJCN;0151-9001268
SOB_20251217T163546179188Z_EWIBMHKGCRCG;0151-9001269
SOB_20251217T163546179352Z_EZB4GMLS45EU;0151-9001270
SOB_20251217T163546179482Z_NWJURVUCGZBM;0151-9001271
SOB_20251217T163546179608Z_APLZR4B5FNHC;0151-9001272
SOB_20251217T163546179736Z_GKLQPSW6TNHH;0151-9001273
SOB_20251217T163546179857Z_EPFTWQTPZBDD;0151-9001274
SOB_20251217T163546179985Z_7SK7RDOR6FHG;0151-9001275
SOB_20251217T163546180111Z_OZCVHVFRHNCX;0151-9001276
SOB_20251217T163546180232Z_VOG7LTQF25HE;0151-9001277
SOB_20251217T163546180351Z_XV24SHKA3VH4;0151-9001278
SOB_20251217T163546180474Z_KXVJ5O44KRF7;0151-9001279
SOB_20251217T163546180593Z_RWQY2SBHVNHB;0151-9001280
SOB_20251217T163546180723Z_C2DUP2XMFFH5;0151-9001281
SOB_20251217T163546180848Z_N6NXV3M2XJGI;0151-9001282
SOB_20251217T163546180971Z_3NPKUHHFXFFG;0151-9001283
SOB_20251217T163546181091Z_OGISJVAXTFCX;0151-9001284
SOB_20251217T163546181214Z_MBWWTEXBQJB2;0151-9001285
SOB_20251217T163546181346Z_DLCZKHGGLJES;0151-9001286
SOB_20251217T163546181467Z_AUJYBUUWANGR;0151-9001287
SOB_20251217T163546181578Z_QQ44CQAW55AK;0151-9001288
SOB_20251217T163546181753Z_R6JGESLZMFFE;0151-9001289
SOB_20251217T163546181960Z_UAV4G5FTMRFC;0151-9001290
SOB_20251217T163546182110Z_45MZXU42SNFE;0151-9001291
SOB_20251217T163546182242Z_H2XDFMZQ6ZG6;0151-9001292
SOB_20251217T163546182367Z_B6R3NMXGXZAR;0151-9001293
SOB_20251217T163546182493Z_36CZAVMFNZBF;0151-9001294
SOB_20251217T163546182623Z_A5ON73C27ZDI;0151-9001295
SOB_20251217T163546182742Z_OWTQREXOENFS;0151-9001296
SOB_20251217T163546182875Z_UUHEX3KH5NGR;0151-9001297
SOB_20251217T163546183056Z_VQ6DSYOUCFCI;0151-9001298
SOB_20251217T163546183359Z_3TOVHP53OBHQ;0151-9001299
SOB_20251217T163546183598Z_MNQNRBGGKVBP;0151-9001300
SOB_20251217T163546183741Z_7UKRSM7ZZBC6;0151-9001301
SOB_20251217T163546183873Z_HXTCN3BMTND4;0151-9001302
SOB_20251217T163546183995Z_TJXFCK4NFFE2;0151-9001303
SOB_20251217T163546184116Z_JYZB6UTSLFAR;0151-9001304
SOB_20251217T163546184239Z_ZEYPXXKUJFBN;0151-9001305
SOB_20251217T163546184360Z_ENAZH36E7BD3;0151-9001306
SOB_20251217T163546184491Z_VKMYXQKI5NCP;0151-9001307
SOB_20251217T163546184615Z_TDIAFUZYDVDF;0151-9001308
SOB_20251217T163546184760Z_DLUC3FZ75NDZ;0151-9001309
SOB_20251217T163546185011Z_75NLLYYBYVBU;0151-9001310
SOB_20251217T163546185254Z_YJRSY6FSSZEC;0151-9001311
SOB_20251217T163546185462Z_CBDBF7VAS5CB;0151-9001312
SOB_20251217T163546185714Z_M5ZTWWKYJNBM;0151-9001313
SOB_20251217T163546185960Z_YCD5LDMAW5BI;0151-9001314
SOB_20251217T163546186182Z_WCPGBBB7HZAU;0151-9001315
SOB_20251217T163546186399Z_4I4GM7IS3JEZ;0151-9001316
SOB_20251217T163546186645Z_PFSBRYD7BNHD;0151-9001317
SOB_20251217T163546186820Z_6E6Z5QTUMJF2;0151-9001318
SOB_20251217T163546186950Z_PAKUAJYQMZDR;0151-9001319
SOB_20251217T163546187086Z_JSBEOJ5DFBGU;0151-9001320
SOB_20251217T163546187225Z_6OXSZP7GNVHO;0151-9001321
SOB_20251217T163546187348Z_2ECEBCLO3VDG;0151-9001322
SOB_20251217T163546187476Z_FRTGXDGJYNFX;0151-9001323
SOB_20251217T163546187615Z_5GXM5KEJVNHJ;0151-9001324
SOB_20251217T163546187736Z_ITYVSZ2UXNGU;0151-9001325
SOB_20251217T163546187855Z_HJ5XLSQL75AE;0151-9001326
SOB_20251217T163546187982Z_PCSKNDLC55AZ;0151-9001327
SOB_20251217T163546188102Z_WDQD4JBMB5HE;0151-9001328
SOB_20251217T163546188228Z_RBALW6I6V5GJ;0151-9001329
SOB_20251217T163546188350Z_IEYUQDXA4VCY;0151-9001330
SOB_20251217T163546188471Z_O5EYFRMMQVBR;0151-9001331
SOB_20251217T163546188588Z_KZKBT6JAJZGS;0151-9001332
SOB_20251217T163546188718Z_O4P4SUDCV5AV;0151-9001333
SOB_20251217T163546188843Z_MMC7KXJDRBD3;0151-9001334
SOB_20251217T163546188962Z_M4BUHBMUBJCX;0151-9001335
SOB_20251217T163546189081Z_VDXNXPYX2FHV;0151-9001336
SOB_20251217T163546189204Z_ND7NVLZLDFCF;0151-9001337
SOB_20251217T163546189323Z_Q7ZTBWCBLZAG;0151-9001338
SOB_20251217T163546189449Z_G7Q7LKPXYBB5;0151-9001339
SOB_20251217T163546189574Z_AE22JW2N3NFO;0151-9001340
SOB_20251217T163546189700Z_BEKHR5M2IZDI;0151-9001341
SOB_20251217T163546189819Z_CJ32654YANAP;0151-9001342
SOB_20251217T163546189942Z_YWYMBPG4TBCW;0151-9001343
SOB_20251217T163546190061Z_LT5GLMOESJGO;0151-9001344
SOB_20251217T163546190187Z_GZ6CHTLC4VC5;0151-9001345
SOB_20251217T163546190312Z_557BSRJUVJFD;0151-9001346
SOB_20251217T163546190443Z_KDGYRUTUFZDY;0151-9001347
SOB_20251217T163546190556Z_7ZEHYX32IZCF;0151-9001348
SOB_20251217T163546190671Z_TKEIVXYRPVCY;0151-9001349
SOB_20251217T163546190792Z_RRW7OBNF6VHO;0151-9001350
SOB_20251217T163546190901Z_RKB5FDUFPRGR;0151-9001351
SOB_20251217T163546191015Z_75Q3EA2FR5CP;0151-9001352
SOB_20251217T163546191128Z_WXIC3ILZM5G4;0151-9001353
SOB_20251217T163546191268Z_ZVJZAANFQRHG;0151-9001354
SOB_20251217T163546191386Z_Q674CMP3PNAS;0151-9001355
SOB_20251217T163546191500Z_FPOWJG2OOBEZ;0151-9001356
SOB_20251217T163546191614Z_DCHQG72POBHR;0151-9001357
SOB_20251217T163546191727Z_DXPIJ2ZANNEP;0151-9001358
SOB_20251217T163546191841Z_2AKIVQBUTFAP;0151-9001359
SOB_20251217T163546191960Z_XWMJSBX7Y5EE;0151-9001360
SOB_20251217T163546192091Z_UQ3ZL3QKVNC4;0151-9001361
SOB_20251217T163546192206Z_PL5RUFNUCNB6;0151-9001362
SOB_20251217T163546192317Z_MFTBWGOOR5DG;0151-9001363
SOB_20251217T163546192427Z_6NPM734RW5AJ;0151-9001364
SOB_20251217T163546192543Z_GJTJCNUCN5FI;0151-9001365
SOB_20251217T163546192664Z_RWRVOUJJMJAA;0151-9001366
SOB_20251217T163546192776Z_H3HRJ2SNVZCI;0151-9001367
SOB_20251217T163546192891Z_P2PI3OFGI5FZ;0151-9001368
SOB_20251217T163546193007Z_XHTKFKPAERCG;0151-9001369
SOB_20251217T163546193117Z_6TZJKBIFZVAJ;0151-9001370
SOB_20251217T163546193241Z_KX2KQOYVZFEV;0151-9001371
SOB_20251217T163546193363Z_HTXSZMZ4FRGI;0151-9001372
SOB_20251217T163546193527Z_DSBYVC5TCREH;0151-9001373
SOB_20251217T163546193759Z_3RDG6FFVWNGO;0151-9001374
SOB_20251217T163546193987Z_DSYQ6FUMZJDR;0151-9001375
SOB_20251217T163546194208Z_JGLW3TJAR5HQ;0151-9001376
SOB_20251217T163546194433Z_BTU7PE5L6JHF;0151-9001377
SOB_20251217T163546194654Z_VUYUGAHD2BE2;0151-9001378
SOB_20251217T163546194859Z_ZR4GYS6YMRCZ;0151-9001379
SOB_20251217T163546195056Z_DAIGHDWNFRHH;0151-9001380
SOB_20251217T163546195334Z_WESAHVW2QZAS;0151-9001381
SOB_20251217T163546195507Z_7NF36Z66ABEQ;0151-9001382
SOB_20251217T163546195633Z_OGR23QAPVFAI;0151-9001383
SOB_20251217T163546195790Z_F4KRPZNBWBC3;0151-9001384
SOB_20251217T163546195927Z_SDLTA4C4TRBV;0151-9001385
SOB_20251217T163546196048Z_TKSUPS6CUBAT;0151-9001386
SOB_20251217T163546196182Z_MLC7UHSRLNGR;0151-9001387
SOB_20251217T163546196310Z_2EDKZG6HI5HL;0151-9001388
SOB_20251217T163546196432Z_BNKPCSSDANGE;0151-9001389
SOB_20251217T163546196555Z_DFPA43EKPZB5;0151-9001390
SOB_20251217T163546196682Z_D6QY43JHJNGB;0151-9001391
SOB_20251217T163546196813Z_HD5ZW7HWZJBN;0151-9001392
SOB_20251217T163546196933Z_FYQ4XLPPA5FW;0151-9001393
SOB_20251217T163546197057Z_DQLKXPN7JNCB;0151-9001394
SOB_20251217T163546197177Z_CW5SE34KZZF3;0151-9001395
SOB_20251217T163546197296Z_KTBVSTH7F5DI;0151-9001396
SOB_20251217T163546197420Z_E2FTDQ7X4RFV;0151-9001397
SOB_20251217T163546197547Z_BWUXWKNJXVBE;0151-9001398
SOB_20251217T163546197715Z_GPU742QM7FHR;0151-9001399
SOB_20251217T163546197861Z_PLOQY56FWND5;0151-9001400
SOB_20251217T163546197984Z_EHC6B5KPPFAJ;0151-9001401
SOB_20251217T163546198156Z_DNWH7PIQXNHB;0151-9001402
SOB_20251217T163546198291Z_M6P7WDWIDRA5;0151-9001403
SOB_20251217T163546198411Z_DEQBVE7R4RDQ;0151-9001404
SOB_20251217T163546198530Z_KXJPAJJ3I5BF;0151-9001405
SOB_20251217T163546198656Z_VIS3PKJ5YJHD;0151-9001406
SOB_20251217T163546198777Z_3PT4UNZWT5D6;0151-9001407
SOB_20251217T163546198900Z_XXNHZRAIMBEL;0151-9001408
SOB_20251217T163546199021Z_IKNHQMOATNFK;0151-9001409
SOB_20251217T163546199146Z_AF7XPEV2QNEI;0151-9001410
SOB_20251217T163546199265Z_7EWTB5F6UBEX;0151-9001411
SOB_20251217T163546199387Z_OZDQVWX7PJB4;0151-9001412
SOB_20251217T163546199514Z_Y4DCYQOTPVEH;0151-9001413
SOB_20251217T163546199638Z_RGD5XVCMJ5FZ;0151-9001414
SOB_20251217T163546199757Z_35YC2C6KWZBK;0151-9001415
SOB_20251217T163546199882Z_6S4D2TZDYNHD;0151-9001416
SOB_20251217T163546200002Z_BVJU4OVCP5CK;0151-9001417
SOB_20251217T163546200123Z_FXSUJ5F43VDL;0151-9001418
SOB_20251217T163546200254Z_ZKHQ366BPFBH;0151-9001419
SOB_20251217T163546200373Z_PUYIWS65MZDK;0151-9001420
SOB_20251217T163546200491Z_SMARHDYOPNEM;0151-9001421
SOB_20251217T163546200659Z_FL7ONHIMB5FW;0151-9001422
SOB_20251217T163546200781Z_BWNR26IM3JBF;0151-9001423
SOB_20251217T163546200914Z_SOILTWCBOJBU;0151-9001424
SOB_20251217T163546201027Z_XWW65HV2LZE5;0151-9001425
SOB_20251217T163546201141Z_KD6DHVQ65BBF;0151-9001426
SOB_20251217T163546201253Z_WMNNWBZ5WBEZ;0151-9001427
SOB_20251217T163546201370Z_MRQGYQYHLNE3;0151-9001428
SOB_20251217T163546201490Z_F7N7EYPT3FDN;0151-9001429
SOB_20251217T163546201606Z_DWN6DECEX5DF;0151-9001430
SOB_20251217T163546201732Z_BRWBDVBUWZAJ;0151-9001431
SOB_20251217T163546201929Z_4YA3PFIXCFAU;0151-9001432
SOB_20251217T163546202155Z_554SFZBBL5AZ;0151-9001433
SOB_20251217T163546202355Z_PBI4YR6GIBEL;0151-9001434
SOB_20251217T163546202604Z_DMDWZWEW5NEY;0151-9001435
SOB_20251217T163546202846Z_P6JXWI5NJBFW;0151-9001436
SOB_20251217T163546203064Z_SFDUVTYK7BAD;0151-9001437
SOB_20251217T163546203285Z_3BCVO2FQQ5GT;0151-9001438
SOB_20251217T163546203533Z_CXX2TPF5KBEK;0151-9001439
SOB_20251217T163546203725Z_EQG654J33NAN;0151-9001440
SOB_20251217T163546203876Z_GPF4PBGVKZDJ;0151-9001441
SOB_20251217T163546204006Z_DXBCUFQZ3NA2;0151-9001442
SOB_20251217T163546204147Z_JNHYUXDVKNCK;0151-9001443
SOB_20251217T163546204270Z_KDWJVGUZJNG4;0151-9001444
SOB_20251217T163546204400Z_ZHSD5WILPZGR;0151-9001445
SOB_20251217T163546204521Z_MSDYH7U65ZEF;0151-9001446
SOB_20251217T163546204650Z_7QBT5MVBEBH6;0151-9001447
SOB_20251217T163546204776Z_PL7LKUCJIZDX;0151-9001448
SOB_20251217T163546204897Z_WBCSBBDVNBB4;0151-9001449
SOB_20251217T163546205017Z_T6IE7TOMTBFO;0151-9001450
SOB_20251217T163546205148Z_6CZN6SYTTREB;0151-9001451
SOB_20251217T163546205272Z_OSRJ6UTZCFHF;0151-9001452
SOB_20251217T163546205392Z_7TNLMZJDFREA;0151-9001453
SOB_20251217T163546205517Z_WPY76PF7MFFJ;0151-9001454
SOB_20251217T163546205641Z_D7HQS4R72RHR;0151-9001455
SOB_20251217T163546205767Z_QR3D4RVWYZH3;0151-9001456
SOB_20251217T163546205890Z_ONKBLDVJ7FEN;0151-9001457
SOB_20251217T163546206055Z_JUWVRRBEMNFV;0151-9001458
SOB_20251217T163546206178Z_JW5Y452X45DT;0151-9001459
SOB_20251217T163546206307Z_EIE26BFNL5CZ;0151-9001460
SOB_20251217T163546206435Z_NNAF7DAKCZHS;0151-9001461
SOB_20251217T163546206553Z_UYASRISBJRD5;0151-9001462
SOB_20251217T163546206678Z_GFGP6OT5UBGL;0151-9001463
SOB_20251217T163546206800Z_Y2YRJGNAWNFQ;0151-9001464
SOB_20251217T163546206926Z_TGH2H4KWTBA3;0151-9001465
SOB_20251217T163546207039Z_Y2M3N6NEPNHH;0151-9001466
SOB_20251217T163546207166Z_3ZWMH7RMCVDJ;0151-9001467
SOB_20251217T163546207276Z_HX4EQYVL6VBH;0151-9001468
SOB_20251217T163546207389Z_LCBO3HIIXRBB;0151-9001469
SOB_20251217T163546207504Z_JMDVVIASHBAG;0151-9001470
SOB_20251217T163546207625Z_UJHRJR3CRJFS;0151-9001471
SOB_20251217T163546207742Z_N3E2X247ERCO;0151-9001472
SOB_20251217T163546207862Z_LRJ5QTUIAFFT;0151-9001473
SOB_20251217T163546207973Z_2NAY3S24ANCM;0151-9001474
SOB_20251217T163546208105Z_5BZNAHVF5VDT;0151-9001475
SOB_20251217T163546208226Z_BVGNL4MM5NGA;0151-9001476
SOB_20251217T163546208347Z_V7K3KJF4RVBP;0151-9001477
SOB_20251217T163546208457Z_ZXTDHQ6IMVDC;0151-9001478
SOB_20251217T163546208567Z_RJFNQXKPWBGU;0151-9001479
SOB_20251217T163546208688Z_C7FFWCZWYZCS;0151-9001480
SOB_20251217T163546208799Z_IE6PJ44SVREV;0151-9001481
SOB_20251217T163546208908Z_ALFEI74ILJC6;0151-9001482
SOB_20251217T163546209030Z_EPVCXGZJX5DO;0151-9001483
SOB_20251217T163546209142Z_RSXPTN2EFBEJ;0151-9001484
SOB_20251217T163546209253Z_CMOIYN6W2RC6;0151-9001485
SOB_20251217T163546209373Z_MLM6T37NUJAL;0151-9001486
SOB_20251217T163546209485Z_NJ57HS52WBD5;0151-9001487
SOB_20251217T163546209603Z_U5ZF2VROJNGJ;0151-9001488
SOB_20251217T163546209721Z_2O7E3ROX7BFY;0151-9001489
SOB_20251217T163546209830Z_XDBU4QLK3ND7;0151-9001490
SOB_20251217T163546209948Z_UGPOIUCMVZGK;0151-9001491
SOB_20251217T163546210120Z_FIRMEN25GVBU;0151-9001492
SOB_20251217T163546210352Z_IVGVWWFQYZHU;0151-9001493
SOB_20251217T163546210568Z_A6CGFJ7NSNGV;0151-9001494
SOB_20251217T163546210778Z_6YQBBTRYJRAK;0151-9001495
SOB_20251217T163546210994Z_K2W2EXLL4RDX;0151-9001496
SOB_20251217T163546211199Z_X766BXFGBNCK;0151-9001497
SOB_20251217T163546211390Z_ZAJW5JU37VDD;0151-9001498
SOB_20251217T163546211634Z_ALRZTIFBANGY;0151-9001499
SOB_20251217T163546211893Z_YON5J4OW5BEV;0151-9001500
