SOB_ID;KFZ-Kennzeichen
SOB_20251217T163546138062Z_SGVGAWRLQRE4;MZ-AA1010
SOB_20251217T163546138570Z_RICIOOM7DBBX;MZ-AA1011
SOB_20251217T163546138841Z_UC64XLFVJVCZ;MZ-AA1012
SOB_20251217T163546139045Z_YKVUDV2E75EU;MZ-AA1013
SOB_20251217T163546139217Z_GIDFBGU7UBAF;MZ-AA1014
SOB_20251217T163546139377Z_2IVNSUQTIFA6;MZ-AA1015
SOB_20251217T163546139528Z_YK43ZTRGW5FJ;MZ-AA1016
SOB_20251217T163546139688Z_C2J5CW7S3RFY;MZ-AA1017
SOB_20251217T163546139841Z_7FQEYI6LQFF2;MZ-AA1018
SOB_20251217T163546139994Z_DZRYB7AD3JHA;MZ-AA1019
SOB_20251217T163546140149Z_NQ733A4RGZEX;MZ-AA1020
SOB_20251217T163546140301Z_2Z3JE2MHPJCX;MZ-AA1021
SOB_20251217T163546140501Z_ESEONTNU5VAI;MZ-AA1022
SOB_20251217T163546140711Z_7XYTJMEAXFDG;MZ-AA1023
SOB_20251217T163546140963Z_SHAVY2PVTZFG;MZ-AA1024
SOB_20251217T163546141206Z_CZ4GUDS7CJDT;MZ-AA1025
SOB_20251217T163546141434Z_H6RBAQOTCNBN;MZ-AA1026
SOB_20251217T163546141621Z_OHDJEFNPSVHE;MZ-AA1027
SOB_20251217T163546141776Z_5LTT5ZV4FZAE;MZ-AA1028
SOB_20251217T163546141926Z_OC4CEHDWR5FV;MZ-AA1029
SOB_20251217T163546142085Z_3Y45GBB3WRAG;MZ-AA1030
SOB_20251217T163546142236Z_YMLJUG4IM5AC;MZ-AA1031
SOB_20251217T163546142380Z_BNUXKQSC2FE7;MZ-AA1032
SOB_20251217T163546142529Z_SQAUU54WKBCQ;MZ-AA1033
SOB_20251217T163546142679Z_J4QDUGYXFNBI;MZ-AA1034
SOB_20251217T163546142823Z_TMHFK5ZESBHZ;MZ-AA1035
SOB_20251217T163546142986Z_MU5ENCSWFFBQ;MZ-AA1036
SOB_20251217T163546143139Z_O56T45AOOFDE;MZ-AA1037
SOB_20251217T163546143295Z_QROICQKS65BY;MZ-AA1038
SOB_20251217T163546143455Z_NWFWLI5TJ5FI;MZ-AA1039
SOB_20251217T163546143606Z_PRJ5OVRZSNDH;MZ-AA1040
SOB_20251217T163546143898Z_UWSQ3WYOLNAR;MZ-AA1041
SOB_20251217T163546144144Z_4SXVKSA24BFN;MZ-AA1042
SOB_20251217T163546144347Z_W5TRO7T5SJF3;MZ-AA1043
SOB_20251217T163546144535Z_I3NVPLX4IVAH;MZ-AA1044
SOB_20251217T163546144714Z_7YGSLAQ44BB3;MZ-AA1045
SOB_20251217T163546144915Z_P6FFDFT65NGD;MZ-AA1046
SOB_20251217T163546145102Z_OAR2KKROPJB6;MZ-AA1047
SOB_20251217T163546145271Z_XEHPBYJJERAK;MZ-AA1048
SOB_20251217T163546145438Z_QNAT3ZEYSVER;MZ-AA1049
SOB_20251217T163546145598Z_WQHSVWEGTRC2;MZ-AA1050
SOB_20251217T163546145747Z_IS47NIEHT5HL;MZ-AA1051
SOB_20251217T163546145903Z_L6VZGF3BQVD3;MZ-AA1052
SOB_20251217T163546146053Z_Q3KRMGLCFJCM;MZ-AA1053
SOB_20251217T163546146204Z_IXI2FI2OF5EF;MZ-AA1054
SOB_20251217T163546146350Z_JIJCKTKWMJHI;MZ-AA1055
SOB_20251217T163546146500Z_7QRQYMTZT5FN;MZ-AA1056
SOB_20251217T163546146656Z_YT3NCF77JZDH;MZ-AA1057
SOB_20251217T163546146805Z_MFSF3ZGGQND2;MZ-AA1058
SOB_20251217T163546146953Z_D2TRMSI3VNC2;MZ-AA1059
SOB_20251217T163546147081Z_QPZQ6K2M2NEA;MZ-AA1060
SOB_20251217T163546147208Z_MTDBKQZN7NDT;MZ-AA1061
SOB_20251217T163546147339Z_R57Z3QQ4A5CW;MZ-AA1062
SOB_20251217T163546147466Z_LLO4SXXJK5DX;MZ-AA1063
SOB_20251217T163546147588Z_4FQTDD6HBBEP;MZ-AA1064
SOB_20251217T163546147709Z_KSWRSJTA5JDP;MZ-AA1065
SOB_20251217T163546147840Z_TPW4FUTG7JED;MZ-AA1066
SOB_20251217T163546147963Z_FMD6LBEK4NBD;MZ-AA1067
SOB_20251217T163546148093Z_PXK332BWIBCM;MZ-AA1068
SOB_20251217T163546148220Z_YG4PWL6PEVAP;MZ-AA1069
SOB_20251217T163546148343Z_HTDVFK533ZHQ;MZ-AA1070
SOB_20251217T163546148465Z_VCC2PZWPR5GI;MZ-AA1071
SOB_20251217T163546148586Z_RQEGFV7OI5E4;MZ-AA1072
SOB_20251217T163546148713Z_XYI2H5YQAJD5;MZ-AA1073
SOB_20251217T163546148829Z_U5BWFLAKQJDG;MZ-AA1074
SOB_20251217T163546148962Z_KD57CDIDZRB7;MZ-AA1075
SOB_20251217T163546149083Z_X5SGXQHG6RDF;MZ-AA1076
SOB_20251217T163546149200Z_HMT5EU7KS5CM;MZ-AA1077
SOB_20251217T163546149327Z_OIHOBILDRZAH;MZ-AA1078
SOB_20251217T163546149447Z_MFTMFZX6XZFK;MZ-AA1079
SOB_20251217T163546149564Z_IALECBGIWNF6;MZ-AA1080
SOB_20251217T163546149683Z_Y5LBIL5JOVBP;MZ-AA1081
SOB_20251217T163546149812Z_3VL77AJNBNEW;MZ-AA1082
SOB_20251217T163546149929Z_ZVRCAH5RDFD6;MZ-AA1083
SOB_20251217T163546150051Z_RXG6M43W6RFB;MZ-AA1084
SOB_20251217T163546150171Z_V6RXUJ2SGBFC;MZ-AA1085
SOB_20251217T163546150288Z_BKP3TCM375CY;MZ-AA1086
SOB_20251217T163546150414Z_VMX6O3SHFNFB;MZ-AA1087
SOB_20251217T163546150537Z_IZWBEZXNNNFN;MZ-AA1088
SOB_20251217T163546150660Z_P3TJH4DX2JC5;MZ-AA1089
SOB_20251217T163546150778Z_Z7RYOJYJWVBI;MZ-AA1090
SOB_20251217T163546150895Z_FUOKMVZQVFAW;MZ-AA1091
SOB_20251217T163546151016Z_GJTF4SI4FREE;MZ-AA1092
SOB_20251217T163546151134Z_EH4IX32EH5BL;MZ-AA1093
SOB_20251217T163546151261Z_27ENV442WBGQ;MZ-AA1094
SOB_20251217T163546151389Z_XYYNDNOSIZHV;MZ-AA1095
SOB_20251217T163546151576Z_WP6NTW7UF5DP;MZ-AA1096
SOB_20251217T163546151784Z_X4WW47UKPRHD;MZ-AA1097
SOB_20251217T163546151950Z_OTHBRIYYUFGR;MZ-AA1098
SOB_20251217T163546152079Z_TVUYM6WJLFDC;MZ-AA1099
SOB_20251217T163546152225Z_3VCPKEUY5NAN;MZ-AA1100
SOB_20251217T163546152422Z_SVUMX7ILNRDI;MZ-AA1101
SOB_20251217T163546152554Z_KTF5HV5KIVGP;MZ-AA1102
SOB_20251217T163546152682Z_WDMC4YN3LBEU;MZ-AA1103
SOB_20251217T163546152820Z_FPU3CSBWOBF3;MZ-AA1104
SOB_20251217T163546153020Z_FXOT4ULCZFEQ;MZ-AA1105
SOB_20251217T163546153185Z_3BXWYETABVCY;MZ-AA1106
SOB_20251217T163546153324Z_UHBKSP4QTVDQ;MZ-AA1107
SOB_20251217T163546153459Z_5PN2WX3OE5BU;MZ-AA1108
SOB_20251217T163546153584Z_PC4XAPAHHFE7;MZ-AA1109
SOB_20251217T163546153722Z_LGFA3KSZ5BGF;MZ-AA1110
SOB_20251217T163546153865Z_MQJH6LRTSJDH;MZ-AA1111
SOB_20251217T163546153993Z_D7MAPEVP65DQ;MZ-AA1112
SOB_20251217T163546154119Z_2X7DSLWB6FCY;MZ-AA1113
SOB_20251217T163546154258Z_FE4IX2KOGRBV;MZ-AA1114
SOB_20251217T163546154389Z_YANIXUJ2ABHS;MZ-AA1115
SOB_20251217T163546154517Z_CN4BLZDCCZFH;MZ-AA1116
SOB_20251217T163546154643Z_OFJFZCNMYJCH;MZ-AA1117
SOB_20251217T163546154766Z_CGIIC5VR6RBH;MZ-AA1118
SOB_20251217T163546154894Z_JAMSHDB54ZGZ;MZ-AA1119
SOB_20251217T163546155029Z_PSA7CXKQXBBQ;MZ-AA1120
SOB_20251217T163546155155Z_KAAKVMLJZZC7;MZ-AA1121
SOB_20251217T163546155282Z_RDCJVWC3YRBB;MZ-AA1122
SOB_20251217T163546155410Z_QMCHU2P7TJBQ;MZ-AA1123
SOB_20251217T163546155575Z_BB7KBXPXY5DF;MZ-AA1124
SOB_20251217T163546155699Z_YQ7MDVUPFJA7;MZ-AA1125
SOB_20251217T163546155832Z_CXNLJR4IOJGH;MZ-AA1126
SOB_20251217T163546155959Z_UVKWHX2YZFFB;MZ-AA1127
SOB_20251217T163546156082Z_UP23CXI5DVE4;MZ-AA1128
SOB_20251217T163546156210Z_J6LH3GNSYNFE;MZ-AA1129
SOB_20251217T163546156339Z_NYJ6EA66GJGW;MZ-AA1130
SOB_20251217T163546156472Z_UYTYA3EB6NDM;MZ-AA1131
SOB_20251217T163546156600Z_FPERLN3WXFFN;MZ-AA1132
SOB_20251217T163546156729Z_FSYOGKZBMVE5;MZ-AA1133
SOB_20251217T163546156852Z_KTYCZY5JP5ER;MZ-AA1134
SOB_20251217T163546156974Z_Q5JDCNOBWFGI;MZ-AA1135
SOB_20251217T163546157110Z_GH37JAA26ZCE;MZ-AA1136
SOB_20251217T163546157233Z_GQY3BVQH4RD4;MZ-AA1137
SOB_20251217T163546157362Z_RGMJHDY62NFI;MZ-AA1138
SOB_20251217T163546157518Z_SYCHMB3ZBVBQ;MZ-AA1139
SOB_20251217T163546157639Z_IKO3CRKCSVEW;MZ-AA1140
SOB_20251217T163546157765Z_4LV5SLXTVJF5;MZ-AA1141
SOB_20251217T163546157890Z_MDJW6LOP5VHT;MZ-AA1142
SOB_20251217T163546158010Z_F73H7O6PRFGW;MZ-AA1143
SOB_20251217T163546158129Z_DQKHPIO2A5H6;MZ-AA1144
SOB_20251217T163546158253Z_OOE3PR7THRHJ;MZ-AA1145
SOB_20251217T163546158381Z_KXZCVXXSD5HD;MZ-AA1146
SOB_20251217T163546158512Z_MZ7YVGIVO5FL;MZ-AA1147
SOB_20251217T163546158631Z_7FBUQ3OBUZF7;MZ-AA1148
SOB_20251217T163546158755Z_J2PWSIKYJ5EF;MZ-AA1149
SOB_20251217T163546158875Z_KTPCFC2ASNB2;MZ-AA1150
SOB_20251217T163546159006Z_ECELQ2PGYFGC;MZ-AA1151
SOB_20251217T163546159134Z_Q5V55UFFGVGS;MZ-AA1152
SOB_20251217T163546159252Z_XEXWS3TPLBGQ;MZ-AA1153
SOB_20251217T163546159372Z_KL4VBKQGINBA;MZ-AA1154
SOB_20251217T163546159496Z_ODOSGEG4XFAY;MZ-AA1155
SOB_20251217T163546159621Z_OK7ZULM5HZEL;MZ-AA1156
SOB_20251217T163546159748Z_P5VDSZWUAND4;MZ-AA1157
SOB_20251217T163546159877Z_ID47OO4225GW;MZ-AA1158
SOB_20251217T163546160022Z_N3S3WAT2RVHO;MZ-AA1159
SOB_20251217T163546160166Z_MCSFOAHPGNDP;MZ-AA1160
SOB_20251217T163546160300Z_A5EPR2SGDBGD;MZ-AA1161
SOB_20251217T163546160436Z_T7PM64EI7ZGM;MZ-AA1162
SOB_20251217T163546160585Z_XJB5Q4IHYNBC;MZ-AA1163
SOB_20251217T163546161071Z_WX66G6IY2ZA6;MZ-AA1164
SOB_20251217T163546161470Z_AGOVER6GBNG5;MZ-AA1165
SOB_20251217T163546161924Z_RBJ5BFPXDFDK;MZ-AA1166
SOB_20251217T163546162185Z_CRIEN75U65DD;MZ-AA1167
SOB_20251217T163546162396Z_3WZMRXH7JVH2;MZ-AA1168
SOB_20251217T163546162583Z_75FMJMWCAFA2;MZ-AA1169
SOB_20251217T163546162773Z_D6HPPGD7VJFV;MZ-AA1170
SOB_20251217T163546162960Z_DNAOIKZSXNDK;MZ-AA1171
SOB_20251217T163546163147Z_QJ3GJE4O7NF2;MZ-AA1172
SOB_20251217T163546163337Z_WM7LF34OH5CQ;MZ-AA1173
SOB_20251217T163546163555Z_JKMSTPNL2VEZ;MZ-AA1174
SOB_20251217T163546163771Z_CVGLYAN64RAB;MZ-AA1175
SOB_20251217T163546163969Z_STQAG5BMINDI;MZ-AA1176
SOB_20251217T163546164160Z_OGAWLLHWTRE7;MZ-AA1177
SOB_20251217T163546164342Z_U363K2UO4RDH;MZ-AA1178
SOB_20251217T163546164538Z_CX2NOI3AN5BZ;MZ-AA1179
SOB_20251217T163546164725Z_TRGDKB6OSNHJ;MZ-AA1180
SOB_20251217T163546164906Z_GFT367RYABA7;MZ-AA1181
SOB_20251217T163546165060Z_VBVVRU2XKBGC;MZ-AA1182
SOB_20251217T163546165236Z_3HXU7FGKVJAF;MZ-AA1183
SOB_20251217T163546165390Z_L2QVQH5Q2BGR;MZ-AA1184
SOB_20251217T163546165535Z_NV2EC7TJVFG7;MZ-AA1185
SOB_20251217T163546165678Z_OS3CWSHMKBCB;MZ-AA1186
SOB_20251217T163546165825Z_ESZ65NZEUBH7;MZ-AA1187
SOB_20251217T163546165968Z_CDOC6J6MJVHD;MZ-AA1188
SOB_20251217T163546166122Z_3MACKYBYYRBX;MZ-AA1189
SOB_20251217T163546166267Z_7J2ESWYBPNBM;MZ-AA1190
SOB_20251217T163546166409Z_BGZZHPPA4VG4;MZ-AA1191
SOB_20251217T163546166606Z_JTIYI5ILSNFZ;MZ-AA1192
SOB_20251217T163546166761Z_RO5NB5EQQBHY;MZ-AA1193
SOB_20251217T163546166920Z_Y3K5OAJHDNGE;MZ-AA1194
SOB_20251217T163546167064Z_66QET47NRBB6;MZ-AA1195
SOB_20251217T163546167216Z_G6FDJXZFBRAN;MZ-AA1196
SOB_20251217T163546167366Z_KOLSI74KI5EW;MZ-AA1197
SOB_20251217T163546167512Z_C3G53RBJR5HV;MZ-AA1198
SOB_20251217T163546167653Z_ZFCVSZ27NJHV;MZ-AA1199
SOB_20251217T163546167825Z_5VEI2IDY3FCA;MZ-AA1200
SOB_20251217T163546168039Z_S33KKZBREJBK;MZ-AA1201
SOB_20251217T163546168271Z_D4XMGW2KTBCO;MZ-AA1202
SOB_20251217T163546168534Z_465GEALJYVAR;MZ-AA1203
SOB_20251217T163546168881Z_66BQ6XXEA5E3;MZ-AA1204
SOB_20251217T163546169179Z_MD2U7IU5SVAJ;MZ-AA1205
SOB_20251217T163546169420Z_D5N66IH7DNCR;MZ-AA1206
SOB_20251217T163546169567Z_4IJVWLPYSBGR;MZ-AA1207
SOB_20251217T163546169744Z_3UUKCB4PDBEZ;MZ-AA1208
SOB_20251217T163546169902Z_MOMQ6NYZMRFY;MZ-AA1209
SOB_20251217T163546170057Z_HJLAP76VQJFF;MZ-AB1210
SOB_20251217T163546170228Z_Q74NKGN52FAT;MZ-AB1211
SOB_20251217T163546170373Z_OCSZTHNOJNBD;MZ-AB1212
SOB_20251217T163546170517Z_L375DWX2ANFT;MZ-AB1213
SOB_20251217T163546170706Z_HDH7FME5HZCA;MZ-AB1214
SOB_20251217T163546170864Z_YC57RCTVCZEL;MZ-AB1215
SOB_20251217T163546171004Z_NDTT447J7FAF;MZ-AB1216
SOB_20251217T163546171141Z_6OKR5MH32VBG;MZ-AB1217
SOB_20251217T163546171262Z_UJCMP643BNAM;MZ-AB1218
SOB_20251217T163546171388Z_L43QVZZI6RGT;MZ-AB1219
SOB_20251217T163546171511Z_2S3LPTVG2VCX;MZ-AB1220
SOB_20251217T163546171645Z_YP5PFOKOHRDT;MZ-AB1221
SOB_20251217T163546171770Z_65ZU5XV5NBBL;MZ-AB1222
SOB_20251217T163546171895Z_K2HCK77WXNFM;MZ-AB1223
SOB_20251217T163546172022Z_DLW6XGWFPZGA;MZ-AB1224
SOB_20251217T163546172148Z_C7D6AGZAXVEH;MZ-AB1225
SOB_20251217T163546172274Z_UHPFD7FSJREN;MZ-AB1226
SOB_20251217T163546172401Z_OVZKUFSSVRD6;MZ-AB1227
SOB_20251217T163546172526Z_JXK6GFL4PZFK;MZ-AB1228
SOB_20251217T163546172635Z_JBU32PZ5UND3;MZ-AB1229
SOB_20251217T163546172748Z_Z4MHMNRCDBCN;MZ-AB1230
SOB_20251217T163546172870Z_3YZ4QJCYQVHZ;MZ-AB1231
SOB_20251217T163546172978Z_WWLGCFBZJFER;MZ-AB1232
SOB_20251217T163546173086Z_YKFLQ5VCRZDT;MZ-AB1233
SOB_20251217T163546173198Z_JQQJLPHHNVCV;MZ-AB1234
SOB_20251217T163546173312Z_AFUKOFVMOFC5;MZ-AB1235
SOB_20251217T163546173421Z_BDRWZDL6MNBW;MZ-AB1236
SOB_20251217T163546173536Z_PRLOBVDYLZGZ;MZ-AB1237
SOB_20251217T163546173650Z_NVPQSMSPDNA5;MZ-AB1238
SOB_20251217T163546173758Z_TCYSLYPEQZFL;MZ-AB1239
SOB_20251217T163546173873Z_YTLEGQUDG5FM;MZ-AB1240
SOB_20251217T163546173984Z_X4OBSG7H7NDX;MZ-AB1241
SOB_20251217T163546174099Z_4N2SFIA27VFA;MZ-AB1242
SOB_20251217T163546174228Z_OXTJPZZVZZFC;MZ-AB1243
SOB_20251217T163546174339Z_EX35FJI52FAB;MZ-AB1244
SOB_20251217T163546174447Z_CKFN2TO7FJHC;MZ-AB1245
SOB_20251217T163546174555Z_EWWJJT2RJRFU;MZ-AB1246
SOB_20251217T163546174675Z_RIZ6UI6WMREY;MZ-AB1247
SOB_20251217T163546174786Z_XIB5Z5PPTBDK;MZ-AB1248
SOB_20251217T163546174893Z_WEXYA5GVZ5A5;MZ-AB1249
SOB_20251217T163546175003Z_7VFVVJCAONBS;MZ-AB1250
SOB_20251217T163546175111Z_C2XJKH5DFVAO;MZ-AB1251
SOB_20251217T163546175219Z_X6J3LMS3AVCH;MZ-AB1252
SOB_20251217T163546175337Z_BTVYYC4JONE7;MZ-AB1253
SOB_20251217T163546175448Z_ZOIPRU7IK5GC;MZ-AB1254
SOB_20251217T163546175555Z_YNC4OCUTAFCA;MZ-AB1255
SOB_20251217T163546175665Z_6BUEYUFHPNFD;MZ-AB1256
SOB_20251217T163546175779Z_BWGUL2RSRFCC;MZ-AB1257
SOB_20251217T163546175896Z_5REXCQ3WG5HG;MZ-AB1258
SOB_20251217T163546176006Z_EQMKADQUTVFL;MZ-AB1259
SOB_20251217T163546176136Z_DODQYTPNHFB7;MZ-AB1260
SOB_20251217T163546176250Z_HUJOVT3WGJD7;MZ-AB1261
SOB_20251217T163546176359Z_4KCHW5JILJGW;MZ-AB1262
SOB_20251217T163546176477Z_QLQEAV43BVGU;MZ-AB1263
SOB_20251217T163546176595Z_W5B2GAUODVBH;MZ-AB1264
SOB_20251217T163546176743Z_YZGNUSAP2VET;MZ-AB1265
SOB_20251217T163546176940Z_34D6OAVZORES;MZ-AB1266
SOB_20251217T163546177154Z_VCIEHSKQERC6;MZ-AB1267
SOB_20251217T163546177356Z_X2PH74QPFZAR;MZ-AB1268
SOB_20251217T163546177588Z_UCGUBSQJUZCG;MZ-AB1269
SOB_20251217T163546177801Z_STRZBRBAL5FT;MZ-AB1270
SOB_20251217T163546178000Z_SYQVL4UECVC3;MZ-AB1271
SOB_20251217T163546178214Z_OHDASWNLNVCX;MZ-AB1272
SOB_20251217T163546178441Z_WEYKCPAEK5BN;MZ-AB1273
SOB_20251217T163546178652Z_C35VDJ5UEVGR;MZ-AB1274
SOB_20251217T163546178787Z_PNGTLW6RKVCE;MZ-AB1275
SOB_20251217T163546178928Z_U2GKROFUUJB3;MZ-AB1276
SOB_20251217T163546179061Z_GHFWLIERHJCN;MZ-AB1277
SOB_20251217T163546179188Z_EWIBMHKGCRCG;MZ-AB1278
SOB_20251217T163546179352Z_EZB4GMLS45EU;MZ-AB1279
SOB_20251217T163546179482Z_NWJURVUCGZBM;MZ-AB1280
SOB_20251217T163546179608Z_APLZR4B5FNHC;MZ-AB1281
SOB_20251217T163546179736Z_GKLQPSW6TNHH;MZ-AB1282
SOB_20251217T163546179857Z_EPFTWQTPZBDD;MZ-AB1283
SOB_20251217T163546179985Z_7SK7RDOR6FHG;MZ-AB1284
SOB_20251217T163546180111Z_OZCVHVFRHNCX;MZ-AB1285
SOB_20251217T163546180232Z_VOG7LTQF25HE;MZ-AB1286
SOB_20251217T163546180351Z_XV24SHKA3VH4;MZ-AB1287
SOB_20251217T163546180474Z_KXVJ5O44KRF7;MZ-AB1288
SOB_20251217T163546180593Z_RWQY2SBHVNHB;MZ-AB1289
SOB_20251217T163546180723Z_C2DUP2XMFFH5;MZ-AB1290
SOB_20251217T163546180848Z_N6NXV3M2XJGI;MZ-AB1291
SOB_20251217T163546180971Z_3NPKUHHFXFFG;MZ-AB1292
SOB_20251217T163546181091Z_OGISJVAXTFCX;MZ-AB1293
SOB_20251217T163546181214Z_MBWWTEXBQJB2;MZ-AB1294
SOB_20251217T163546181346Z_DLCZKHGGLJES;MZ-AB1295
SOB_20251217T163546181467Z_AUJYBUUWANGR;MZ-AB1296
SOB_20251217T163546181578Z_QQ44CQAW55AK;MZ-AB1297
SOB_20251217T163546181753Z_R6JGESLZMFFE;MZ-AB1298
SOB_20251217T163546181960Z_UAV4G5FTMRFC;MZ-AB1299
SOB_20251217T163546182110Z_45MZXU42SNFE;MZ-AB1300
SOB_20251217T163546182242Z_H2XDFMZQ6ZG6;MZ-AB1301
SOB_20251217T163546182367Z_B6R3NMXGXZAR;MZ-AB1302
SOB_20251217T163546182493Z_36CZAVMFNZBF;MZ-AB1303
SOB_20251217T163546182623Z_A5ON73C27ZDI;MZ-AB1304
SOB_20251217T163546182742Z_OWTQREXOENFS;MZ-AB1305
SOB_20251217T163546182875Z_UUHEX3KH5NGR;MZ-AB1306
SOB_20251217T163546183056Z_VQ6DSYOUCFCI;MZ-AB1307
SOB_20251217T163546183359Z_3TOVHP53OBHQ;MZ-AB1308
SOB_20251217T163546183598Z_MNQNRBGGKVBP;MZ-AB1309
SOB_20251217T163546183741Z_7UKRSM7ZZBC6;MZ-AB1310
SOB_20251217T163546183873Z_HXTCN3BMTND4;MZ-AB1311
SOB_20251217T163546183995Z_TJXFCK4NFFE2;MZ-AB1312
SOB_20251217T163546184116Z_JYZB6UTSLFAR;MZ-AB1313
SOB_20251217T163546184239Z_ZEYPXXKUJFBN;MZ-AB1314
SOB_20251217T163546184360Z_ENAZH36E7BD3;MZ-AB1315
SOB_20251217T163546184491Z_VKMYXQKI5NCP;MZ-AB1316
SOB_20251217T163546184615Z_TDIAFUZYDVDF;MZ-AB1317
SOB_20251217T163546184760Z_DLUC3FZ75NDZ;MZ-AB1318
SOB_20251217T163546185011Z_75NLLYYBYVBU;MZ-AB1319
SOB_20251217T163546185254Z_YJRSY6FSSZEC;MZ-AB1320
SOB_20251217T163546185462Z_CBDBF7VAS5CB;MZ-AB1321
SOB_20251217T163546185714Z_M5ZTWWKYJNBM;MZ-AB1322
SOB_20251217T163546185960Z_YCD5LDMAW5BI;MZ-AB1323
SOB_20251217T163546186182Z_WCPGBBB7HZAU;MZ-AB1324
SOB_20251217T163546186399Z_4I4GM7IS3JEZ;MZ-AB1325
SOB_20251217T163546186645Z_PFSBRYD7BNHD;MZ-AB1326
SOB_20251217T163546186820Z_6E6Z5QTUMJF2;MZ-AB1327
SOB_20251217T163546186950Z_PAKUAJYQMZDR;MZ-AB1328
SOB_20251217T163546187086Z_JSBEOJ5DFBGU;MZ-AB1329
SOB_20251217T163546187225Z_6OXSZP7GNVHO;MZ-AB1330
SOB_20251217T163546187348Z_2ECEBCLO3VDG;MZ-AB1331
SOB_20251217T163546187476Z_FRTGXDGJYNFX;MZ-AB1332
SOB_20251217T163546187615Z_5GXM5KEJVNHJ;MZ-AB1333
SOB_20251217T163546187736Z_ITYVSZ2UXNGU;MZ-AB1334
SOB_20251217T163546187855Z_HJ5XLSQL75AE;MZ-AB1335
SOB_20251217T163546187982Z_PCSKNDLC55AZ;MZ-AB1336
SOB_20251217T163546188102Z_WDQD4JBMB5HE;MZ-AB1337
SOB_20251217T163546188228Z_RBALW6I6V5GJ;MZ-AB1338
SOB_20251217T163546188350Z_IEYUQDXA4VCY;MZ-AB1339
SOB_20251217T163546188471Z_O5EYFRMMQVBR;MZ-AB1340
SOB_20251217T163546188588Z_KZKBT6JAJZGS;MZ-AB1341
SOB_20251217T163546188718Z_O4P4SUDCV5AV;MZ-AB1342
SOB_20251217T163546188843Z_MMC7KXJDRBD3;MZ-AB1343
SOB_20251217T163546188962Z_M4BUHBMUBJCX;MZ-AB1344
SOB_20251217T163546189081Z_VDXNXPYX2FHV;MZ-AB1345
SOB_20251217T163546189204Z_ND7NVLZLDFCF;MZ-AB1346
SOB_20251217T163546189323Z_Q7ZTBWCBLZAG;MZ-AB1347
SOB_20251217T163546189449Z_G7Q7LKPXYBB5;MZ-AB1348
SOB_20251217T163546189574Z_AE22JW2N3NFO;MZ-AB1349
SOB_20251217T163546189700Z_BEKHR5M2IZDI;MZ-AB1350
SOB_20251217T163546189819Z_CJ32654YANAP;MZ-AB1351
SOB_20251217T163546189942Z_YWYMBPG4TBCW;MZ-AB1352
SOB_20251217T163546190061Z_LT5GLMOESJGO;MZ-AB1353
SOB_20251217T163546190187Z_GZ6CHTLC4VC5;MZ-AB1354
SOB_20251217T163546190312Z_557BSRJUVJFD;MZ-AB1355
SOB_20251217T163546190443Z_KDGYRUTUFZDY;MZ-AB1356
SOB_20251217T163546190556Z_7ZEHYX32IZCF;MZ-AB1357
SOB_20251217T163546190671Z_TKEIVXYRPVCY;MZ-AB1358
SOB_20251217T163546190792Z_RRW7OBNF6VHO;MZ-AB1359
SOB_20251217T163546190901Z_RKB5FDUFPRGR;MZ-AB1360
SOB_20251217T163546191015Z_75Q3EA2FR5CP;MZ-AB1361
SOB_20251217T163546191128Z_WXIC3ILZM5G4;MZ-AB1362
SOB_20251217T163546191268Z_ZVJZAANFQRHG;MZ-AB1363
SOB_20251217T163546191386Z_Q674CMP3PNAS;MZ-AB1364
SOB_20251217T163546191500Z_FPOWJG2OOBEZ;MZ-AB1365
SOB_20251217T163546191614Z_DCHQG72POBHR;MZ-AB1366
SOB_20251217T163546191727Z_DXPIJ2ZANNEP;MZ-AB1367
SOB_20251217T163546191841Z_2AKIVQBUTFAP;MZ-AB1368
SOB_20251217T163546191960Z_XWMJSBX7Y5EE;MZ-AB1369
SOB_20251217T163546192091Z_UQ3ZL3QKVNC4;MZ-AB1370
SOB_20251217T163546192206Z_PL5RUFNUCNB6;MZ-AB1371
SOB_20251217T163546192317Z_MFTBWGOOR5DG;MZ-AB1372
SOB_20251217T163546192427Z_6NPM734RW5AJ;MZ-AB1373
SOB_20251217T163546192543Z_GJTJCNUCN5FI;MZ-AB1374
SOB_20251217T163546192664Z_RWRVOUJJMJAA;MZ-AB1375
SOB_20251217T163546192776Z_H3HRJ2SNVZCI;MZ-AB1376
SOB_20251217T163546192891Z_P2PI3OFGI5FZ;MZ-AB1377
SOB_20251217T163546193007Z_XHTKFKPAERCG;MZ-AB1378
SOB_20251217T163546193117Z_6TZJKBIFZVAJ;MZ-AB1379
SOB_20251217T163546193241Z_KX2KQOYVZFEV;MZ-AB1380
SOB_20251217T163546193363Z_HTXSZMZ4FRGI;MZ-AB1381
SOB_20251217T163546193527Z_DSBYVC5TCREH;MZ-AB1382
SOB_20251217T163546193759Z_3RDG6FFVWNGO;MZ-AB1383
SOB_20251217T163546193987Z_DSYQ6FUMZJDR;MZ-AB1384
SOB_20251217T163546194208Z_JGLW3TJAR5HQ;MZ-AB1385
SOB_20251217T163546194433Z_BTU7PE5L6JHF;MZ-AB1386
SOB_20251217T163546194654Z_VUYUGAHD2BE2;MZ-AB1387
SOB_20251217T163546194859Z_ZR4GYS6YMRCZ;MZ-AB1388
SOB_20251217T163546195056Z_DAIGHDWNFRHH;MZ-AB1389
SOB_20251217T163546195334Z_WESAHVW2QZAS;MZ-AB1390
SOB_20251217T163546195507Z_7NF36Z66ABEQ;MZ-AB1391
SOB_20251217T163546195633Z_OGR23QAPVFAI;MZ-AB1392
SOB_20251217T163546195790Z_F4KRPZNBWBC3;MZ-AB1393
SOB_20251217T163546195927Z_SDLTA4C4TRBV;MZ-AB1394
SOB_20251217T163546196048Z_TKSUPS6CUBAT;MZ-AB1395
SOB_20251217T163546196182Z_MLC7UHSRLNGR;MZ-AB1396
SOB_20251217T163546196310Z_2EDKZG6HI5HL;MZ-AB1397
SOB_20251217T163546196432Z_BNKPCSSDANGE;MZ-AB1398
SOB_20251217T163546196555Z_DFPA43EKPZB5;MZ-AB1399
SOB_20251217T163546196682Z_D6QY43JHJNGB;MZ-AB1400
SOB_20251217T163546196813Z_HD5ZW7HWZJBN;MZ-AB1401
SOB_20251217T163546196933Z_FYQ4XLPPA5FW;MZ-AB1402
SOB_20251217T163546197057Z_DQLKXPN7JNCB;MZ-AB1403
SOB_20251217T163546197177Z_CW5SE34KZZF3;MZ-AB1404
SOB_20251217T163546197296Z_KTBVSTH7F5DI;MZ-AB1405
SOB_20251217T163546197420Z_E2FTDQ7X4RFV;MZ-AB1406
SOB_20251217T163546197547Z_BWUXWKNJXVBE;MZ-AB1407
SOB_20251217T163546197715Z_GPU742QM7FHR;MZ-AB1408
SOB_20251217T163546197861Z_PLOQY56FWND5;MZ-AB1409
SOB_20251217T163546197984Z_EHC6B5KPPFAJ;MZ-AB1410
SOB_20251217T163546198156Z_DNWH7PIQXNHB;MZ-AB1411
SOB_20251217T163546198291Z_M6P7WDWIDRA5;MZ-AB1412
SOB_20251217T163546198411Z_DEQBVE7R4RDQ;MZ-AB1413
SOB_20251217T163546198530Z_KXJPAJJ3I5BF;MZ-AB1414
SOB_20251217T163546198656Z_VIS3PKJ5YJHD;MZ-AB1415
SOB_20251217T163546198777Z_3PT4UNZWT5D6;MZ-AB1416
SOB_20251217T163546198900Z_XXNHZRAIMBEL;MZ-AB1417
SOB_20251217T163546199021Z_IKNHQMOATNFK;MZ-AB1418
SOB_20251217T163546199146Z_AF7XPEV2QNEI;MZ-AB1419
SOB_20251217T163546199265Z_7EWTB5F6UBEX;MZ-AB1420
SOB_20251217T163546199387Z_OZDQVWX7PJB4;MZ-AB1421
SOB_20251217T163546199514Z_Y4DCYQOTPVEH;MZ-AB1422
SOB_20251217T163546199638Z_RGD5XVCMJ5FZ;MZ-AB1423
SOB_20251217T163546199757Z_35YC2C6KWZBK;MZ-AB1424
SOB_20251217T163546199882Z_6S4D2TZDYNHD;MZ-AB1425
SOB_20251217T163546200002Z_BVJU4OVCP5CK;MZ-AB1426
SOB_20251217T163546200123Z_FXSUJ5F43VDL;MZ-AB1427
SOB_20251217T163546200254Z_ZKHQ366BPFBH;MZ-AB1428
SOB_20251217T163546200373Z_PUYIWS65MZDK;MZ-AB1429
SOB_20251217T163546200491Z_SMARHDYOPNEM;MZ-AB1430
SOB_20251217T163546200659Z_FL7ONHIMB5FW;MZ-AB1431
SOB_20251217T163546200781Z_BWNR26IM3JBF;MZ-AB1432
SOB_20251217T163546200914Z_SOILTWCBOJBU;MZ-AB1433
SOB_20251217T163546201027Z_XWW65HV2LZE5;MZ-AB1434
SOB_20251217T163546201141Z_KD6DHVQ65BBF;MZ-AB1435
SOB_20251217T163546201253Z_WMNNWBZ5WBEZ;MZ-AB1436
SOB_20251217T163546201370Z_MRQGYQYHLNE3;MZ-AB1437
SOB_20251217T163546201490Z_F7N7EYPT3FDN;MZ-AB1438
SOB_20251217T163546201606Z_DWN6DECEX5DF;MZ-AB1439
SOB_20251217T163546201732Z_BRWBDVBUWZAJ;MZ-AB1440
SOB_20251217T163546201929Z_4YA3PFIXCFAU;MZ-AB1441
SOB_20251217T163546202155Z_554SFZBBL5AZ;MZ-AB1442
SOB_20251217T163546202355Z_PBI4YR6GIBEL;MZ-AB1443
SOB_20251217T163546202604Z_DMDWZWEW5NEY;MZ-AB1444
SOB_20251217T163546202846Z_P6JXWI5NJBFW;MZ-AB1445
SOB_20251217T163546203064Z_SFDUVTYK7BAD;MZ-AB1446
SOB_20251217T163546203285Z_3BCVO2FQQ5GT;MZ-AB1447
SOB_20251217T163546203533Z_CXX2TPF5KBEK;MZ-AB1448
SOB_20251217T163546203725Z_EQG654J33NAN;MZ-AB1449
SOB_20251217T163546203876Z_GPF4PBGVKZDJ;MZ-AB1450
SOB_20251217T163546204006Z_DXBCUFQZ3NA2;MZ-AB1451
SOB_20251217T163546204147Z_JNHYUXDVKNCK;MZ-AB1452
SOB_20251217T163546204270Z_KDWJVGUZJNG4;MZ-AB1453
SOB_20251217T163546204400Z_ZHSD5WILPZGR;MZ-AB1454
SOB_20251217T163546204521Z_MSDYH7U65ZEF;MZ-AB1455
SOB_20251217T163546204650Z_7QBT5MVBEBH6;MZ-AB1456
SOB_20251217T163546204776Z_PL7LKUCJIZDX;MZ-AB1457
SOB_20251217T163546204897Z_WBCSBBDVNBB4;MZ-AB1458
SOB_20251217T163546205017Z_T6IE7TOMTBFO;MZ-AB1459
SOB_20251217T163546205148Z_6CZN6SYTTREB;MZ-AB1460
SOB_20251217T163546205272Z_OSRJ6UTZCFHF;MZ-AB1461
SOB_20251217T163546205392Z_7TNLMZJDFREA;MZ-AB1462
SOB_20251217T163546205517Z_WPY76PF7MFFJ;MZ-AB1463
SOB_20251217T163546205641Z_D7HQS4R72RHR;MZ-AB1464
SOB_20251217T163546205767Z_QR3D4RVWYZH3;MZ-AB1465
SOB_20251217T163546205890Z_ONKBLDVJ7FEN;MZ-AB1466
SOB_20251217T163546206055Z_JUWVRRBEMNFV;MZ-AB1467
SOB_20251217T163546206178Z_JW5Y452X45DT;MZ-AB1468
SOB_20251217T163546206307Z_EIE26BFNL5CZ;MZ-AB1469
SOB_20251217T163546206435Z_NNAF7DAKCZHS;MZ-AB1470
SOB_20251217T163546206553Z_UYASRISBJRD5;MZ-AB1471
SOB_20251217T163546206678Z_GFGP6OT5UBGL;MZ-AB1472
SOB_20251217T163546206800Z_Y2YRJGNAWNFQ;MZ-AB1473
SOB_20251217T163546206926Z_TGH2H4KWTBA3;MZ-AB1474
SOB_20251217T163546207039Z_Y2M3N6NEPNHH;MZ-AB1475
SOB_20251217T163546207166Z_3ZWMH7RMCVDJ;MZ-AB1476
SOB_20251217T163546207276Z_HX4EQYVL6VBH;MZ-AB1477
SOB_20251217T163546207389Z_LCBO3HIIXRBB;MZ-AB1478
SOB_20251217T163546207504Z_JMDVVIASHBAG;MZ-AB1479
SOB_20251217T163546207625Z_UJHRJR3CRJFS;MZ-AB1480
SOB_20251217T163546207742Z_N3E2X247ERCO;MZ-AB1481
SOB_20251217T163546207862Z_LRJ5QTUIAFFT;MZ-AB1482
SOB_20251217T163546207973Z_2NAY3S24ANCM;MZ-AB1483
SOB_20251217T163546208105Z_5BZNAHVF5VDT;MZ-AB1484
SOB_20251217T163546208226Z_BVGNL4MM5NGA;MZ-AB1485
SOB_20251217T163546208347Z_V7K3KJF4RVBP;MZ-AB1486
SOB_20251217T163546208457Z_ZXTDHQ6IMVDC;MZ-AB1487
SOB_20251217T163546208567Z_RJFNQXKPWBGU;MZ-AB1488
SOB_20251217T163546208688Z_C7FFWCZWYZCS;MZ-AB1489
SOB_20251217T163546208799Z_IE6PJ44SVREV;MZ-AB1490
SOB_20251217T163546208908Z_ALFEI74ILJC6;MZ-AB1491
SOB_20251217T163546209030Z_EPVCXGZJX5DO;MZ-AB1492
SOB_20251217T163546209142Z_RSXPTN2EFBEJ;MZ-AB1493
SOB_20251217T163546209253Z_CMOIYN6W2RC6;MZ-AB1494
SOB_20251217T163546209373Z_MLM6T37NUJAL;MZ-AB1495
SOB_20251217T163546209485Z_NJ57HS52WBD5;MZ-AB1496
SOB_20251217T163546209603Z_U5ZF2VROJNGJ;MZ-AB1497
SOB_20251217T163546209721Z_2O7E3ROX7BFY;MZ-AB1498
SOB_20251217T163546209830Z_XDBU4QLK3ND7;MZ-AB1499
SOB_20251217T163546209948Z_UGPOIUCMVZGK;MZ-AB1500
SOB_20251217T163546210120Z_FIRMEN25GVBU;MZ-AB1501
SOB_20251217T163546210352Z_IVGVWWFQYZHU;MZ-AB1502
SOB_20251217T163546210568Z_A6CGFJ7NSNGV;MZ-AB1503
SOB_20251217T163546210778Z_6YQBBTRYJRAK;MZ-AB1504
SOB_20251217T163546210994Z_K2W2EXLL4RDX;MZ-AB1505
SOB_20251217T163546211199Z_X766BXFGBNCK;MZ-AB1506
SOB_20251217T163546211390Z_ZAJW5JU37VDD;MZ-AB1507
SOB_20251217T163546211634Z_ALRZTIFBANGY;MZ-AB1509
SOB_20251217T163546211893Z_YON5J4OW5BEV;MZ-AB1510
