SOB_ID;Datum
SOB_20251217T163546138062Z_SGVGAWRLQRE4;2025-01-03
SOB_20251217T163546138570Z_RICIOOM7DBBX;2025-01-04
SOB_20251217T163546138841Z_UC64XLFVJVCZ;2025-01-05
SOB_20251217T163546139045Z_YKVUDV2E75EU;2025-01-06
SOB_20251217T163546139217Z_GIDFBGU7UBAF;2025-01-07
SOB_20251217T163546139377Z_2IVNSUQTIFA6;2025-01-08
SOB_20251217T163546139528Z_YK43ZTRGW5FJ;2025-01-09
SOB_20251217T163546139688Z_C2J5CW7S3RFY;2025-01-10
SOB_20251217T163546139841Z_7FQEYI6LQFF2;2025-01-11
SOB_20251217T163546139994Z_DZRYB7AD3JHA;2025-01-12
SOB_20251217T163546140149Z_NQ733A4RGZEX;2025-01-13
SOB_20251217T163546140301Z_2Z3JE2MHPJCX;2025-01-14
SOB_20251217T163546140501Z_ESEONTNU5VAI;2025-01-15
SOB_20251217T163546140711Z_7XYTJMEAXFDG;2025-01-16
SOB_20251217T163546140963Z_SHAVY2PVTZFG;2025-01-17
SOB_20251217T163546141206Z_CZ4GUDS7CJDT;2025-01-18
SOB_20251217T163546141434Z_H6RBAQOTCNBN;2025-01-19
SOB_20251217T163546141621Z_OHDJEFNPSVHE;2025-01-20
SOB_20251217T163546141776Z_5LTT5ZV4FZAE;2025-01-21
SOB_20251217T163546141926Z_OC4CEHDWR5FV;2025-01-22
SOB_20251217T163546142085Z_3Y45GBB3WRAG;2025-01-23
SOB_20251217T163546142236Z_YMLJUG4IM5AC;2025-01-24
SOB_20251217T163546142380Z_BNUXKQSC2FE7;2025-01-25
SOB_20251217T163546142529Z_SQAUU54WKBCQ;2025-01-26
SOB_20251217T163546142679Z_J4QDUGYXFNBI;2025-01-27
SOB_20251217T163546142823Z_TMHFK5ZESBHZ;2025-01-28
SOB_20251217T163546142986Z_MU5ENCSWFFBQ;2025-01-29
SOB_20251217T163546143139Z_O56T45AOOFDE;2025-01-30
SOB_20251217T163546143295Z_QROICQKS65BY;2025-01-31
SOB_20251217T163546143455Z_NWFWLI5TJ5FI;2025-02-01
SOB_20251217T163546143606Z_PRJ5OVRZSNDH;2025-02-02
SOB_20251217T163546143898Z_UWSQ3WYOLNAR;2025-02-03
SOB_20251217T163546144144Z_4SXVKSA24BFN;2025-02-04
SOB_20251217T163546144347Z_W5TRO7T5SJF3;2025-02-05
SOB_20251217T163546144535Z_I3NVPLX4IVAH;2025-02-06
SOB_20251217T163546144714Z_7YGSLAQ44BB3;2025-02-07
SOB_20251217T163546144915Z_P6FFDFT65NGD;2025-02-08
SOB_20251217T163546145102Z_OAR2KKROPJB6;2025-02-09
SOB_20251217T163546145271Z_XEHPBYJJERAK;2025-02-10
SOB_20251217T163546145438Z_QNAT3ZEYSVER;2025-02-11
SOB_20251217T163546145598Z_WQHSVWEGTRC2;2025-02-12
SOB_20251217T163546145747Z_IS47NIEHT5HL;2025-02-13
SOB_20251217T163546145903Z_L6VZGF3BQVD3;2025-02-14
SOB_20251217T163546146053Z_Q3KRMGLCFJCM;2025-02-15
SOB_20251217T163546146204Z_IXI2FI2OF5EF;2025-02-16
SOB_20251217T163546146350Z_JIJCKTKWMJHI;2025-02-17
SOB_20251217T163546146500Z_7QRQYMTZT5FN;2025-02-18
SOB_20251217T163546146656Z_YT3NCF77JZDH;2025-02-19
SOB_20251217T163546146805Z_MFSF3ZGGQND2;2025-02-20
SOB_20251217T163546146953Z_D2TRMSI3VNC2;2025-02-21
SOB_20251217T163546147081Z_QPZQ6K2M2NEA;2025-02-22
SOB_20251217T163546147208Z_MTDBKQZN7NDT;2025-02-23
SOB_20251217T163546147339Z_R57Z3QQ4A5CW;2025-02-24
SOB_20251217T163546147466Z_LLO4SXXJK5DX;2025-02-25
SOB_20251217T163546147588Z_4FQTDD6HBBEP;2025-02-26
SOB_20251217T163546147709Z_KSWRSJTA5JDP;2025-02-27
SOB_20251217T163546147840Z_TPW4FUTG7JED;2025-02-28
SOB_20251217T163546147963Z_FMD6LBEK4NBD;2025-03-01
SOB_20251217T163546148093Z_PXK332BWIBCM;2025-03-02
SOB_20251217T163546148220Z_YG4PWL6PEVAP;2025-03-03
SOB_20251217T163546148343Z_HTDVFK533ZHQ;2025-03-04
SOB_20251217T163546148465Z_VCC2PZWPR5GI;2025-03-05
SOB_20251217T163546148586Z_RQEGFV7OI5E4;2025-03-06
SOB_20251217T163546148713Z_XYI2H5YQAJD5;2025-03-07
SOB_20251217T163546148829Z_U5BWFLAKQJDG;2025-03-08
SOB_20251217T163546148962Z_KD57CDIDZRB7;2025-03-09
SOB_20251217T163546149083Z_X5SGXQHG6RDF;2025-03-10
SOB_20251217T163546149200Z_HMT5EU7KS5CM;2025-03-11
SOB_20251217T163546149327Z_OIHOBILDRZAH;2025-03-12
SOB_20251217T163546149447Z_MFTMFZX6XZFK;2025-03-13
SOB_20251217T163546149564Z_IALECBGIWNF6;2025-03-14
SOB_20251217T163546149683Z_Y5LBIL5JOVBP;2025-03-15
SOB_20251217T163546149812Z_3VL77AJNBNEW;2025-03-16
SOB_20251217T163546149929Z_ZVRCAH5RDFD6;2025-03-17
SOB_20251217T163546150051Z_RXG6M43W6RFB;2025-03-18
SOB_20251217T163546150171Z_V6RXUJ2SGBFC;2025-03-19
SOB_20251217T163546150288Z_BKP3TCM375CY;2025-03-20
SOB_20251217T163546150414Z_VMX6O3SHFNFB;2025-03-21
SOB_20251217T163546150537Z_IZWBEZXNNNFN;2025-03-22
SOB_20251217T163546150660Z_P3TJH4DX2JC5;2025-03-23
SOB_20251217T163546150778Z_Z7RYOJYJWVBI;2025-03-24
SOB_20251217T163546150895Z_FUOKMVZQVFAW;2025-03-25
SOB_20251217T163546151016Z_GJTF4SI4FREE;2025-03-26
SOB_20251217T163546151134Z_EH4IX32EH5BL;2025-03-27
SOB_20251217T163546151261Z_27ENV442WBGQ;2025-03-28
SOB_20251217T163546151389Z_XYYNDNOSIZHV;2025-03-29
SOB_20251217T163546151576Z_WP6NTW7UF5DP;2025-03-30
SOB_20251217T163546151784Z_X4WW47UKPRHD;2025-03-31
SOB_20251217T163546151950Z_OTHBRIYYUFGR;2025-04-01
SOB_20251217T163546152079Z_TVUYM6WJLFDC;2025-04-02
SOB_20251217T163546152225Z_3VCPKEUY5NAN;2025-04-03
SOB_20251217T163546152422Z_SVUMX7ILNRDI;2025-04-04
SOB_20251217T163546152554Z_KTF5HV5KIVGP;2025-04-05
SOB_20251217T163546152682Z_WDMC4YN3LBEU;2025-04-06
SOB_20251217T163546152820Z_FPU3CSBWOBF3;2025-04-07
SOB_20251217T163546153020Z_FXOT4ULCZFEQ;2025-04-08
SOB_20251217T163546153185Z_3BXWYETABVCY;2025-04-09
SOB_20251217T163546153324Z_UHBKSP4QTVDQ;2025-04-10
SOB_20251217T163546153459Z_5PN2WX3OE5BU;2025-04-11
SOB_20251217T163546153584Z_PC4XAPAHHFE7;2025-04-12
SOB_20251217T163546153722Z_LGFA3KSZ5BGF;2025-04-13
SOB_20251217T163546153865Z_MQJH6LRTSJDH;2025-04-14
SOB_20251217T163546153993Z_D7MAPEVP65DQ;2025-04-15
SOB_20251217T163546154119Z_2X7DSLWB6FCY;2025-04-16
SOB_20251217T163546154258Z_FE4IX2KOGRBV;2025-04-17
SOB_20251217T163546154389Z_YANIXUJ2ABHS;2025-04-18
SOB_20251217T163546154517Z_CN4BLZDCCZFH;2025-04-19
SOB_20251217T163546154643Z_OFJFZCNMYJCH;2025-04-20
SOB_20251217T163546154766Z_CGIIC5VR6RBH;2025-04-21
SOB_20251217T163546154894Z_JAMSHDB54ZGZ;2025-04-22
SOB_20251217T163546155029Z_PSA7CXKQXBBQ;2025-04-23
SOB_20251217T163546155155Z_KAAKVMLJZZC7;2025-04-24
SOB_20251217T163546155282Z_RDCJVWC3YRBB;2025-04-25
SOB_20251217T163546155410Z_QMCHU2P7TJBQ;2025-04-26
SOB_20251217T163546155575Z_BB7KBXPXY5DF;2025-04-27
SOB_20251217T163546155699Z_YQ7MDVUPFJA7;2025-04-28
SOB_20251217T163546155832Z_CXNLJR4IOJGH;2025-04-29
SOB_20251217T163546155959Z_UVKWHX2YZFFB;2025-04-30
SOB_20251217T163546156082Z_UP23CXI5DVE4;2025-05-01
SOB_20251217T163546156210Z_J6LH3GNSYNFE;2025-05-02
SOB_20251217T163546156339Z_NYJ6EA66GJGW;2025-05-03
SOB_20251217T163546156472Z_UYTYA3EB6NDM;2025-05-04
SOB_20251217T163546156600Z_FPERLN3WXFFN;2025-05-05
SOB_20251217T163546156729Z_FSYOGKZBMVE5;2025-05-06
SOB_20251217T163546156852Z_KTYCZY5JP5ER;2025-05-07
SOB_20251217T163546156974Z_Q5JDCNOBWFGI;2025-05-08
SOB_20251217T163546157110Z_GH37JAA26ZCE;2025-05-09
SOB_20251217T163546157233Z_GQY3BVQH4RD4;2025-05-10
SOB_20251217T163546157362Z_RGMJHDY62NFI;2025-05-11
SOB_20251217T163546157518Z_SYCHMB3ZBVBQ;2025-05-12
SOB_20251217T163546157639Z_IKO3CRKCSVEW;2025-05-13
SOB_20251217T163546157765Z_4LV5SLXTVJF5;2025-05-14
SOB_20251217T163546157890Z_MDJW6LOP5VHT;2025-05-15
SOB_20251217T163546158010Z_F73H7O6PRFGW;2025-05-16
SOB_20251217T163546158129Z_DQKHPIO2A5H6;2025-05-17
SOB_20251217T163546158253Z_OOE3PR7THRHJ;2025-05-18
SOB_20251217T163546158381Z_KXZCVXXSD5HD;2025-05-19
SOB_20251217T163546158512Z_MZ7YVGIVO5FL;2025-05-20
SOB_20251217T163546158631Z_7FBUQ3OBUZF7;2025-05-21
SOB_20251217T163546158755Z_J2PWSIKYJ5EF;2025-05-22
SOB_20251217T163546158875Z_KTPCFC2ASNB2;2025-05-23
SOB_20251217T163546159006Z_ECELQ2PGYFGC;2025-05-24
SOB_20251217T163546159134Z_Q5V55UFFGVGS;2025-05-25
SOB_20251217T163546159252Z_XEXWS3TPLBGQ;2025-05-26
SOB_20251217T163546159372Z_KL4VBKQGINBA;2025-05-27
SOB_20251217T163546159496Z_ODOSGEG4XFAY;2025-05-28
SOB_20251217T163546159621Z_OK7ZULM5HZEL;2025-05-29
SOB_20251217T163546159748Z_P5VDSZWUAND4;2025-05-30
SOB_20251217T163546159877Z_ID47OO4225GW;2025-05-31
SOB_20251217T163546160022Z_N3S3WAT2RVHO;2025-06-01
SOB_20251217T163546160166Z_MCSFOAHPGNDP;2025-06-02
SOB_20251217T163546160300Z_A5EPR2SGDBGD;2025-06-03
SOB_20251217T163546160436Z_T7PM64EI7ZGM;2025-06-04
SOB_20251217T163546160585Z_XJB5Q4IHYNBC;2025-06-05
SOB_20251217T163546161071Z_WX66G6IY2ZA6;2025-06-06
SOB_20251217T163546161470Z_AGOVER6GBNG5;2025-06-07
SOB_20251217T163546161924Z_RBJ5BFPXDFDK;2025-06-08
SOB_20251217T163546162185Z_CRIEN75U65DD;2025-06-09
SOB_20251217T163546162396Z_3WZMRXH7JVH2;2025-06-10
SOB_20251217T163546162583Z_75FMJMWCAFA2;2025-06-11
SOB_20251217T163546162773Z_D6HPPGD7VJFV;2025-06-12
SOB_20251217T163546162960Z_DNAOIKZSXNDK;2025-06-13
SOB_20251217T163546163147Z_QJ3GJE4O7NF2;2025-06-14
SOB_20251217T163546163337Z_WM7LF34OH5CQ;2025-06-15
SOB_20251217T163546163555Z_JKMSTPNL2VEZ;2025-06-16
SOB_20251217T163546163771Z_CVGLYAN64RAB;2025-06-17
SOB_20251217T163546163969Z_STQAG5BMINDI;2025-06-18
SOB_20251217T163546164160Z_OGAWLLHWTRE7;2025-06-19
SOB_20251217T163546164342Z_U363K2UO4RDH;2025-06-20
SOB_20251217T163546164538Z_CX2NOI3AN5BZ;2025-06-21
SOB_20251217T163546164725Z_TRGDKB6OSNHJ;2025-06-22
SOB_20251217T163546164906Z_GFT367RYABA7;2025-06-23
SOB_20251217T163546165060Z_VBVVRU2XKBGC;2025-06-24
SOB_20251217T163546165236Z_3HXU7FGKVJAF;2025-06-25
SOB_20251217T163546165390Z_L2QVQH5Q2BGR;2025-06-26
SOB_20251217T163546165535Z_NV2EC7TJVFG7;2025-06-27
SOB_20251217T163546165678Z_OS3CWSHMKBCB;2025-06-28
SOB_20251217T163546165825Z_ESZ65NZEUBH7;2025-06-29
SOB_20251217T163546165968Z_CDOC6J6MJVHD;2025-06-30
SOB_20251217T163546166122Z_3MACKYBYYRBX;2025-07-01
SOB_20251217T163546166267Z_7J2ESWYBPNBM;2025-07-02
SOB_20251217T163546166409Z_BGZZHPPA4VG4;2025-07-03
SOB_20251217T163546166606Z_JTIYI5ILSNFZ;2025-07-04
SOB_20251217T163546166761Z_RO5NB5EQQBHY;2025-07-05
SOB_20251217T163546166920Z_Y3K5OAJHDNGE;2025-07-06
SOB_20251217T163546167064Z_66QET47NRBB6;2025-07-07
SOB_20251217T163546167216Z_G6FDJXZFBRAN;2025-07-08
SOB_20251217T163546167366Z_KOLSI74KI5EW;2025-07-09
SOB_20251217T163546167512Z_C3G53RBJR5HV;2025-07-10
SOB_20251217T163546167653Z_ZFCVSZ27NJHV;2025-07-11
SOB_20251217T163546167825Z_5VEI2IDY3FCA;2025-07-12
SOB_20251217T163546168039Z_S33KKZBREJBK;2025-07-13
SOB_20251217T163546168271Z_D4XMGW2KTBCO;2025-07-14
SOB_20251217T163546168534Z_465GEALJYVAR;2025-07-15
SOB_20251217T163546168881Z_66BQ6XXEA5E3;2025-07-16
SOB_20251217T163546169179Z_MD2U7IU5SVAJ;2025-07-17
SOB_20251217T163546169420Z_D5N66IH7DNCR;2025-07-18
SOB_20251217T163546169567Z_4IJVWLPYSBGR;2025-07-19
SOB_20251217T163546169744Z_3UUKCB4PDBEZ;2025-07-20
SOB_20251217T163546169902Z_MOMQ6NYZMRFY;2025-07-21
SOB_20251217T163546170057Z_HJLAP76VQJFF;2025-07-22
SOB_20251217T163546170228Z_Q74NKGN52FAT;2025-07-23
SOB_20251217T163546170373Z_OCSZTHNOJNBD;2025-07-24
SOB_20251217T163546170517Z_L375DWX2ANFT;2025-07-25
SOB_20251217T163546170706Z_HDH7FME5HZCA;2025-07-26
SOB_20251217T163546170864Z_YC57RCTVCZEL;2025-07-27
SOB_20251217T163546171004Z_NDTT447J7FAF;2025-07-28
SOB_20251217T163546171141Z_6OKR5MH32VBG;2025-07-29
SOB_20251217T163546171262Z_UJCMP643BNAM;2025-07-30
SOB_20251217T163546171388Z_L43QVZZI6RGT;2025-07-31
SOB_20251217T163546171511Z_2S3LPTVG2VCX;2025-08-01
SOB_20251217T163546171645Z_YP5PFOKOHRDT;2025-08-02
SOB_20251217T163546171770Z_65ZU5XV5NBBL;2025-08-03
SOB_20251217T163546171895Z_K2HCK77WXNFM;2025-08-04
SOB_20251217T163546172022Z_DLW6XGWFPZGA;2025-08-05
SOB_20251217T163546172148Z_C7D6AGZAXVEH;2025-08-06
SOB_20251217T163546172274Z_UHPFD7FSJREN;2025-08-07
SOB_20251217T163546172401Z_OVZKUFSSVRD6;2025-08-08
SOB_20251217T163546172526Z_JXK6GFL4PZFK;2025-08-09
SOB_20251217T163546172635Z_JBU32PZ5UND3;2025-08-10
SOB_20251217T163546172748Z_Z4MHMNRCDBCN;2025-08-11
SOB_20251217T163546172870Z_3YZ4QJCYQVHZ;2025-08-12
SOB_20251217T163546172978Z_WWLGCFBZJFER;2025-08-13
SOB_20251217T163546173086Z_YKFLQ5VCRZDT;2025-08-14
SOB_20251217T163546173198Z_JQQJLPHHNVCV;2025-08-15
SOB_20251217T163546173312Z_AFUKOFVMOFC5;2025-08-16
SOB_20251217T163546173421Z_BDRWZDL6MNBW;2025-08-17
SOB_20251217T163546173536Z_PRLOBVDYLZGZ;2025-08-18
SOB_20251217T163546173650Z_NVPQSMSPDNA5;2025-08-19
SOB_20251217T163546173758Z_TCYSLYPEQZFL;2025-08-20
SOB_20251217T163546173873Z_YTLEGQUDG5FM;2025-08-21
SOB_20251217T163546173984Z_X4OBSG7H7NDX;2025-08-22
SOB_20251217T163546174099Z_4N2SFIA27VFA;2025-08-23
SOB_20251217T163546174228Z_OXTJPZZVZZFC;2025-08-24
SOB_20251217T163546174339Z_EX35FJI52FAB;2025-08-25
SOB_20251217T163546174447Z_CKFN2TO7FJHC;2025-08-26
SOB_20251217T163546174555Z_EWWJJT2RJRFU;2025-08-27
SOB_20251217T163546174675Z_RIZ6UI6WMREY;2025-08-28
SOB_20251217T163546174786Z_XIB5Z5PPTBDK;2025-08-29
SOB_20251217T163546174893Z_WEXYA5GVZ5A5;2025-08-30
SOB_20251217T163546175003Z_7VFVVJCAONBS;2025-08-31
SOB_20251217T163546175111Z_C2XJKH5DFVAO;2025-09-01
SOB_20251217T163546175219Z_X6J3LMS3AVCH;2025-09-02
SOB_20251217T163546175337Z_BTVYYC4JONE7;2025-09-03
SOB_20251217T163546175448Z_ZOIPRU7IK5GC;2025-09-04
SOB_20251217T163546175555Z_YNC4OCUTAFCA;2025-09-05
SOB_20251217T163546175665Z_6BUEYUFHPNFD;2025-09-06
SOB_20251217T163546175779Z_BWGUL2RSRFCC;2025-09-07
SOB_20251217T163546175896Z_5REXCQ3WG5HG;2025-09-08
SOB_20251217T163546176006Z_EQMKADQUTVFL;2025-09-09
SOB_20251217T163546176136Z_DODQYTPNHFB7;2025-09-10
SOB_20251217T163546176250Z_HUJOVT3WGJD7;2025-09-11
SOB_20251217T163546176359Z_4KCHW5JILJGW;2025-09-12
SOB_20251217T163546176477Z_QLQEAV43BVGU;2025-09-13
SOB_20251217T163546176595Z_W5B2GAUODVBH;2025-09-14
SOB_20251217T163546176743Z_YZGNUSAP2VET;2025-09-15
SOB_20251217T163546176940Z_34D6OAVZORES;2025-09-16
SOB_20251217T163546177154Z_VCIEHSKQERC6;2025-09-17
SOB_20251217T163546177356Z_X2PH74QPFZAR;2025-09-18
SOB_20251217T163546177588Z_UCGUBSQJUZCG;2025-09-19
SOB_20251217T163546177801Z_STRZBRBAL5FT;2025-09-20
SOB_20251217T163546178000Z_SYQVL4UECVC3;2025-09-21
SOB_20251217T163546178214Z_OHDASWNLNVCX;2025-09-22
SOB_20251217T163546178441Z_WEYKCPAEK5BN;2025-09-23
SOB_20251217T163546178652Z_C35VDJ5UEVGR;2025-09-24
SOB_20251217T163546178787Z_PNGTLW6RKVCE;2025-09-25
SOB_20251217T163546178928Z_U2GKROFUUJB3;2025-09-26
SOB_20251217T163546179061Z_GHFWLIERHJCN;2025-09-27
SOB_20251217T163546179188Z_EWIBMHKGCRCG;2025-09-28
SOB_20251217T163546179352Z_EZB4GMLS45EU;2025-09-29
SOB_20251217T163546179482Z_NWJURVUCGZBM;2025-09-30
SOB_20251217T163546179608Z_APLZR4B5FNHC;2025-10-01
SOB_20251217T163546179736Z_GKLQPSW6TNHH;2025-10-02
SOB_20251217T163546179857Z_EPFTWQTPZBDD;2025-10-03
SOB_20251217T163546179985Z_7SK7RDOR6FHG;2025-10-04
SOB_20251217T163546180111Z_OZCVHVFRHNCX;2025-10-05
SOB_20251217T163546180232Z_VOG7LTQF25HE;2025-10-06
SOB_20251217T163546180351Z_XV24SHKA3VH4;2025-10-07
SOB_20251217T163546180474Z_KXVJ5O44KRF7;2025-10-08
SOB_20251217T163546180593Z_RWQY2SBHVNHB;2025-10-09
SOB_20251217T163546180723Z_C2DUP2XMFFH5;2025-10-10
SOB_20251217T163546180848Z_N6NXV3M2XJGI;2025-10-11
SOB_20251217T163546180971Z_3NPKUHHFXFFG;2025-10-12
SOB_20251217T163546181091Z_OGISJVAXTFCX;2025-10-13
SOB_20251217T163546181214Z_MBWWTEXBQJB2;2025-10-14
SOB_20251217T163546181346Z_DLCZKHGGLJES;2025-10-15
SOB_20251217T163546181467Z_AUJYBUUWANGR;2025-10-16
SOB_20251217T163546181578Z_QQ44CQAW55AK;2025-10-17
SOB_20251217T163546181753Z_R6JGESLZMFFE;2025-10-18
SOB_20251217T163546181960Z_UAV4G5FTMRFC;2025-10-19
SOB_20251217T163546182110Z_45MZXU42SNFE;2025-10-20
SOB_20251217T163546182242Z_H2XDFMZQ6ZG6;2025-10-21
SOB_20251217T163546182367Z_B6R3NMXGXZAR;2025-10-22
SOB_20251217T163546182493Z_36CZAVMFNZBF;2025-10-23
SOB_20251217T163546182623Z_A5ON73C27ZDI;2025-10-24
SOB_20251217T163546182742Z_OWTQREXOENFS;2025-10-25
SOB_20251217T163546182875Z_UUHEX3KH5NGR;2025-10-26
SOB_20251217T163546183056Z_VQ6DSYOUCFCI;2025-10-27
SOB_20251217T163546183359Z_3TOVHP53OBHQ;2025-10-28
SOB_20251217T163546183598Z_MNQNRBGGKVBP;2025-10-29
SOB_20251217T163546183741Z_7UKRSM7ZZBC6;2025-10-30
SOB_20251217T163546183873Z_HXTCN3BMTND4;2025-10-31
SOB_20251217T163546183995Z_TJXFCK4NFFE2;2025-11-01
SOB_20251217T163546184116Z_JYZB6UTSLFAR;2025-11-02
SOB_20251217T163546184239Z_ZEYPXXKUJFBN;2025-11-03
SOB_20251217T163546184360Z_ENAZH36E7BD3;2025-11-04
SOB_20251217T163546184491Z_VKMYXQKI5NCP;2025-11-05
SOB_20251217T163546184615Z_TDIAFUZYDVDF;2025-11-06
SOB_20251217T163546184760Z_DLUC3FZ75NDZ;2025-11-07
SOB_20251217T163546185011Z_75NLLYYBYVBU;2025-11-08
SOB_20251217T163546185254Z_YJRSY6FSSZEC;2025-11-09
SOB_20251217T163546185462Z_CBDBF7VAS5CB;2025-11-10
SOB_20251217T163546185714Z_M5ZTWWKYJNBM;2025-11-11
SOB_20251217T163546185960Z_YCD5LDMAW5BI;2025-11-12
SOB_20251217T163546186182Z_WCPGBBB7HZAU;2025-11-13
SOB_20251217T163546186399Z_4I4GM7IS3JEZ;2025-11-14
SOB_20251217T163546186645Z_PFSBRYD7BNHD;2025-11-15
SOB_20251217T163546186820Z_6E6Z5QTUMJF2;2025-11-16
SOB_20251217T163546186950Z_PAKUAJYQMZDR;2025-11-17
SOB_20251217T163546187086Z_JSBEOJ5DFBGU;2025-11-18
SOB_20251217T163546187225Z_6OXSZP7GNVHO;2025-11-19
SOB_20251217T163546187348Z_2ECEBCLO3VDG;2025-11-20
SOB_20251217T163546187476Z_FRTGXDGJYNFX;2025-11-21
SOB_20251217T163546187615Z_5GXM5KEJVNHJ;2025-11-22
SOB_20251217T163546187736Z_ITYVSZ2UXNGU;2025-11-23
SOB_20251217T163546187855Z_HJ5XLSQL75AE;2025-11-24
SOB_20251217T163546187982Z_PCSKNDLC55AZ;2025-11-25
SOB_20251217T163546188102Z_WDQD4JBMB5HE;2025-11-26
SOB_20251217T163546188228Z_RBALW6I6V5GJ;2025-11-27
SOB_20251217T163546188350Z_IEYUQDXA4VCY;2025-11-28
SOB_20251217T163546188471Z_O5EYFRMMQVBR;2025-11-29
SOB_20251217T163546188588Z_KZKBT6JAJZGS;2025-11-30
SOB_20251217T163546188718Z_O4P4SUDCV5AV;2025-12-01
SOB_20251217T163546188843Z_MMC7KXJDRBD3;2025-12-02
SOB_20251217T163546188962Z_M4BUHBMUBJCX;2025-12-03
SOB_20251217T163546189081Z_VDXNXPYX2FHV;2025-12-04
SOB_20251217T163546189204Z_ND7NVLZLDFCF;2025-12-05
SOB_20251217T163546189323Z_Q7ZTBWCBLZAG;2025-12-06
SOB_20251217T163546189449Z_G7Q7LKPXYBB5;2025-12-07
SOB_20251217T163546189574Z_AE22JW2N3NFO;2025-12-08
SOB_20251217T163546189700Z_BEKHR5M2IZDI;2025-12-09
SOB_20251217T163546189819Z_CJ32654YANAP;2025-12-10
SOB_20251217T163546189942Z_YWYMBPG4TBCW;2025-12-11
SOB_20251217T163546190061Z_LT5GLMOESJGO;2025-12-12
SOB_20251217T163546190187Z_GZ6CHTLC4VC5;2025-12-13
SOB_20251217T163546190312Z_557BSRJUVJFD;2025-12-14
SOB_20251217T163546190443Z_KDGYRUTUFZDY;2025-12-15
SOB_20251217T163546190556Z_7ZEHYX32IZCF;2025-12-16
SOB_20251217T163546190671Z_TKEIVXYRPVCY;2025-12-17
SOB_20251217T163546190792Z_RRW7OBNF6VHO;2025-12-18
SOB_20251217T163546190901Z_RKB5FDUFPRGR;2025-12-19
SOB_20251217T163546191015Z_75Q3EA2FR5CP;2025-12-20
SOB_20251217T163546191128Z_WXIC3ILZM5G4;2025-12-21
SOB_20251217T163546191268Z_ZVJZAANFQRHG;2025-12-22
SOB_20251217T163546191386Z_Q674CMP3PNAS;2025-12-23
SOB_20251217T163546191500Z_FPOWJG2OOBEZ;2025-12-24
SOB_20251217T163546191614Z_DCHQG72POBHR;2025-12-25
SOB_20251217T163546191727Z_DXPIJ2ZANNEP;2025-12-26
SOB_20251217T163546191841Z_2AKIVQBUTFAP;2025-12-27
SOB_20251217T163546191960Z_XWMJSBX7Y5EE;2025-12-28
SOB_20251217T163546192091Z_UQ3ZL3QKVNC4;2025-12-29
SOB_20251217T163546192206Z_PL5RUFNUCNB6;2025-12-30
SOB_20251217T163546192317Z_MFTBWGOOR5DG;2025-12-31
SOB_20251217T163546192427Z_6NPM734RW5AJ;2025-01-01
SOB_20251217T163546192543Z_GJTJCNUCN5FI;2025-01-02
SOB_20251217T163546192664Z_RWRVOUJJMJAA;2025-01-03
SOB_20251217T163546192776Z_H3HRJ2SNVZCI;2025-01-04
SOB_20251217T163546192891Z_P2PI3OFGI5FZ;2025-01-05
SOB_20251217T163546193007Z_XHTKFKPAERCG;2025-01-06
SOB_20251217T163546193117Z_6TZJKBIFZVAJ;2025-01-07
SOB_20251217T163546193241Z_KX2KQOYVZFEV;2025-01-08
SOB_20251217T163546193363Z_HTXSZMZ4FRGI;2025-01-09
SOB_20251217T163546193527Z_DSBYVC5TCREH;2025-01-10
SOB_20251217T163546193759Z_3RDG6FFVWNGO;2025-01-11
SOB_20251217T163546193987Z_DSYQ6FUMZJDR;2025-01-12
SOB_20251217T163546194208Z_JGLW3TJAR5HQ;2025-01-13
SOB_20251217T163546194433Z_BTU7PE5L6JHF;2025-01-14
SOB_20251217T163546194654Z_VUYUGAHD2BE2;2025-01-15
SOB_20251217T163546194859Z_ZR4GYS6YMRCZ;2025-01-16
SOB_20251217T163546195056Z_DAIGHDWNFRHH;2025-01-17
SOB_20251217T163546195334Z_WESAHVW2QZAS;2025-01-18
SOB_20251217T163546195507Z_7NF36Z66ABEQ;2025-01-19
SOB_20251217T163546195633Z_OGR23QAPVFAI;2025-01-20
SOB_20251217T163546195790Z_F4KRPZNBWBC3;2025-01-21
SOB_20251217T163546195927Z_SDLTA4C4TRBV;2025-01-22
SOB_20251217T163546196048Z_TKSUPS6CUBAT;2025-01-23
SOB_20251217T163546196182Z_MLC7UHSRLNGR;2025-01-24
SOB_20251217T163546196310Z_2EDKZG6HI5HL;2025-01-25
SOB_20251217T163546196432Z_BNKPCSSDANGE;2025-01-26
SOB_20251217T163546196555Z_DFPA43EKPZB5;2025-01-27
SOB_20251217T163546196682Z_D6QY43JHJNGB;2025-01-28
SOB_20251217T163546196813Z_HD5ZW7HWZJBN;2025-01-29
SOB_20251217T163546196933Z_FYQ4XLPPA5FW;2025-01-30
SOB_20251217T163546197057Z_DQLKXPN7JNCB;2025-01-31
SOB_20251217T163546197177Z_CW5SE34KZZF3;2025-02-01
SOB_20251217T163546197296Z_KTBVSTH7F5DI;2025-02-02
SOB_20251217T163546197420Z_E2FTDQ7X4RFV;2025-02-03
SOB_20251217T163546197547Z_BWUXWKNJXVBE;2025-02-04
SOB_20251217T163546197715Z_GPU742QM7FHR;2025-02-05
SOB_20251217T163546197861Z_PLOQY56FWND5;2025-02-06
SOB_20251217T163546197984Z_EHC6B5KPPFAJ;2025-02-07
SOB_20251217T163546198156Z_DNWH7PIQXNHB;2025-02-08
SOB_20251217T163546198291Z_M6P7WDWIDRA5;2025-02-09
SOB_20251217T163546198411Z_DEQBVE7R4RDQ;2025-02-10
SOB_20251217T163546198530Z_KXJPAJJ3I5BF;2025-02-11
SOB_20251217T163546198656Z_VIS3PKJ5YJHD;2025-02-12
SOB_20251217T163546198777Z_3PT4UNZWT5D6;2025-02-13
SOB_20251217T163546198900Z_XXNHZRAIMBEL;2025-02-14
SOB_20251217T163546199021Z_IKNHQMOATNFK;2025-02-15
SOB_20251217T163546199146Z_AF7XPEV2QNEI;2025-02-16
SOB_20251217T163546199265Z_7EWTB5F6UBEX;2025-02-17
SOB_20251217T163546199387Z_OZDQVWX7PJB4;2025-02-18
SOB_20251217T163546199514Z_Y4DCYQOTPVEH;2025-02-19
SOB_20251217T163546199638Z_RGD5XVCMJ5FZ;2025-02-20
SOB_20251217T163546199757Z_35YC2C6KWZBK;2025-02-21
SOB_20251217T163546199882Z_6S4D2TZDYNHD;2025-02-22
SOB_20251217T163546200002Z_BVJU4OVCP5CK;2025-02-23
SOB_20251217T163546200123Z_FXSUJ5F43VDL;2025-02-24
SOB_20251217T163546200254Z_ZKHQ366BPFBH;2025-02-25
SOB_20251217T163546200373Z_PUYIWS65MZDK;2025-02-26
SOB_20251217T163546200491Z_SMARHDYOPNEM;2025-02-27
SOB_20251217T163546200659Z_FL7ONHIMB5FW;2025-02-28
SOB_20251217T163546200781Z_BWNR26IM3JBF;2025-03-01
SOB_20251217T163546200914Z_SOILTWCBOJBU;2025-03-02
SOB_20251217T163546201027Z_XWW65HV2LZE5;2025-03-03
SOB_20251217T163546201141Z_KD6DHVQ65BBF;2025-03-04
SOB_20251217T163546201253Z_WMNNWBZ5WBEZ;2025-03-05
SOB_20251217T163546201370Z_MRQGYQYHLNE3;2025-03-06
SOB_20251217T163546201490Z_F7N7EYPT3FDN;2025-03-07
SOB_20251217T163546201606Z_DWN6DECEX5DF;2025-03-08
SOB_20251217T163546201732Z_BRWBDVBUWZAJ;2025-03-09
SOB_20251217T163546201929Z_4YA3PFIXCFAU;2025-03-10
SOB_20251217T163546202155Z_554SFZBBL5AZ;2025-03-11
SOB_20251217T163546202355Z_PBI4YR6GIBEL;2025-03-12
SOB_20251217T163546202604Z_DMDWZWEW5NEY;2025-03-13
SOB_20251217T163546202846Z_P6JXWI5NJBFW;2025-03-14
SOB_20251217T163546203064Z_SFDUVTYK7BAD;2025-03-15
SOB_20251217T163546203285Z_3BCVO2FQQ5GT;2025-03-16
SOB_20251217T163546203533Z_CXX2TPF5KBEK;2025-03-17
SOB_20251217T163546203725Z_EQG654J33NAN;2025-03-18
SOB_20251217T163546203876Z_GPF4PBGVKZDJ;2025-03-19
SOB_20251217T163546204006Z_DXBCUFQZ3NA2;2025-03-20
SOB_20251217T163546204147Z_JNHYUXDVKNCK;2025-03-21
SOB_20251217T163546204270Z_KDWJVGUZJNG4;2025-03-22
SOB_20251217T163546204400Z_ZHSD5WILPZGR;2025-03-23
SOB_20251217T163546204521Z_MSDYH7U65ZEF;2025-03-24
SOB_20251217T163546204650Z_7QBT5MVBEBH6;2025-03-25
SOB_20251217T163546204776Z_PL7LKUCJIZDX;2025-03-26
SOB_20251217T163546204897Z_WBCSBBDVNBB4;2025-03-27
SOB_20251217T163546205017Z_T6IE7TOMTBFO;2025-03-28
SOB_20251217T163546205148Z_6CZN6SYTTREB;2025-03-29
SOB_20251217T163546205272Z_OSRJ6UTZCFHF;2025-03-30
SOB_20251217T163546205392Z_7TNLMZJDFREA;2025-03-31
SOB_20251217T163546205517Z_WPY76PF7MFFJ;2025-04-01
SOB_20251217T163546205641Z_D7HQS4R72RHR;2025-04-02
SOB_20251217T163546205767Z_QR3D4RVWYZH3;2025-04-03
SOB_20251217T163546205890Z_ONKBLDVJ7FEN;2025-04-04
SOB_20251217T163546206055Z_JUWVRRBEMNFV;2025-04-05
SOB_20251217T163546206178Z_JW5Y452X45DT;2025-04-06
SOB_20251217T163546206307Z_EIE26BFNL5CZ;2025-04-07
SOB_20251217T163546206435Z_NNAF7DAKCZHS;2025-04-08
SOB_20251217T163546206553Z_UYASRISBJRD5;2025-04-09
SOB_20251217T163546206678Z_GFGP6OT5UBGL;2025-04-10
SOB_20251217T163546206800Z_Y2YRJGNAWNFQ;2025-04-11
SOB_20251217T163546206926Z_TGH2H4KWTBA3;2025-04-12
SOB_20251217T163546207039Z_Y2M3N6NEPNHH;2025-04-13
SOB_20251217T163546207166Z_3ZWMH7RMCVDJ;2025-04-14
SOB_20251217T163546207276Z_HX4EQYVL6VBH;2025-04-15
SOB_20251217T163546207389Z_LCBO3HIIXRBB;2025-04-16
SOB_20251217T163546207504Z_JMDVVIASHBAG;2025-04-17
SOB_20251217T163546207625Z_UJHRJR3CRJFS;2025-04-18
SOB_20251217T163546207742Z_N3E2X247ERCO;2025-04-19
SOB_20251217T163546207862Z_LRJ5QTUIAFFT;2025-04-20
SOB_20251217T163546207973Z_2NAY3S24ANCM;2025-04-21
SOB_20251217T163546208105Z_5BZNAHVF5VDT;2025-04-22
SOB_20251217T163546208226Z_BVGNL4MM5NGA;2025-04-23
SOB_20251217T163546208347Z_V7K3KJF4RVBP;2025-04-24
SOB_20251217T163546208457Z_ZXTDHQ6IMVDC;2025-04-25
SOB_20251217T163546208567Z_RJFNQXKPWBGU;2025-04-26
SOB_20251217T163546208688Z_C7FFWCZWYZCS;2025-04-27
SOB_20251217T163546208799Z_IE6PJ44SVREV;2025-04-28
SOB_20251217T163546208908Z_ALFEI74ILJC6;2025-04-29
SOB_20251217T163546209030Z_EPVCXGZJX5DO;2025-04-30
SOB_20251217T163546209142Z_RSXPTN2EFBEJ;2025-05-01
SOB_20251217T163546209253Z_CMOIYN6W2RC6;2025-05-02
SOB_20251217T163546209373Z_MLM6T37NUJAL;2025-05-03
SOB_20251217T163546209485Z_NJ57HS52WBD5;2025-05-04
SOB_20251217T163546209603Z_U5ZF2VROJNGJ;2025-05-05
SOB_20251217T163546209721Z_2O7E3ROX7BFY;2025-05-06
SOB_20251217T163546209830Z_XDBU4QLK3ND7;2025-05-07
SOB_20251217T163546209948Z_UGPOIUCMVZGK;2025-05-08
SOB_20251217T163546210120Z_FIRMEN25GVBU;2025-05-09
SOB_20251217T163546210352Z_IVGVWWFQYZHU;2025-05-10
SOB_20251217T163546210568Z_A6CGFJ7NSNGV;2025-05-11
SOB_20251217T163546210778Z_6YQBBTRYJRAK;2025-05-12
SOB_20251217T163546210994Z_K2W2EXLL4RDX;2025-05-13
SOB_20251217T163546211199Z_X766BXFGBNCK;2025-05-14
SOB_20251217T163546211390Z_ZAJW5JU37VDD;2025-05-15
SOB_20251217T163546211634Z_ALRZTIFBANGY;2025-05-16
SOB_20251217T163546211893Z_YON5J4OW5BEV;2025-05-17
