SOB_ID;entry_id
SOB_20251217T163546138062Z_SGVGAWRLQRE4;189bf20f-0dd5-4afd-bf84-2e27fc5e7fb9
SOB_20251217T163546138570Z_RICIOOM7DBBX;05337b3d-84fa-4224-b86b-b2ac3e37870d
SOB_20251217T163546138841Z_UC64XLFVJVCZ;031996f1-b749-4f32-a9cd-53606797c1c7
SOB_20251217T163546139045Z_YKVUDV2E75EU;9904d02b-0aa4-46e1-9de9-b74f6b0759c8
SOB_20251217T163546139217Z_GIDFBGU7UBAF;4a2e8979-df65-4fd7-a1ce-456bccceaeb4
SOB_20251217T163546139377Z_2IVNSUQTIFA6;1efe591d-c9fd-44a8-8e38-e6349aae287d
SOB_20251217T163546139528Z_YK43ZTRGW5FJ;7ffb51ef-eb77-4d05-b8e9-98401beca300
SOB_20251217T163546139688Z_C2J5CW7S3RFY;9f5fdb82-28cb-42af-bcdb-c9d0a999d1ab
SOB_20251217T163546139841Z_7FQEYI6LQFF2;5aa89d0b-d423-454f-977c-fef42f8af98a
SOB_20251217T163546139994Z_DZRYB7AD3JHA;812c79e0-9188-4d58-89e7-0cb691f18818
SOB_20251217T163546140149Z_NQ733A4RGZEX;7b7bf6d7-b1ae-4e64-8ac0-e149fdc6fe0d
SOB_20251217T163546140301Z_2Z3JE2MHPJCX;062e4090-fe0f-433c-b957-c81a17c38bf6
SOB_20251217T163546140501Z_ESEONTNU5VAI;b68588cf-5d5b-421e-b2bc-5f450a73b5a4
SOB_20251217T163546140711Z_7XYTJMEAXFDG;0f894825-a220-4956-86be-9bfc5170285e
SOB_20251217T163546140963Z_SHAVY2PVTZFG;ea2724ea-b251-4a1e-88fe-0a4d2ff97c5a
SOB_20251217T163546141206Z_CZ4GUDS7CJDT;16e8d67c-4643-445b-9590-5df529c31c5b
SOB_20251217T163546141434Z_H6RBAQOTCNBN;12729557-9ff8-4d96-82ed-2b3c1c0d952c
SOB_20251217T163546141621Z_OHDJEFNPSVHE;04131bd9-eb13-45a2-90b5-6582b39a0684
SOB_20251217T163546141776Z_5LTT5ZV4FZAE;e21e1207-cee2-493a-b6cc-3e9490032b33
SOB_20251217T163546141926Z_OC4CEHDWR5FV;f0da20f5-ecff-4fe8-a72e-43ff93ac07f9
SOB_20251217T163546142085Z_3Y45GBB3WRAG;e298c5da-49b5-4ab7-ba05-5cfd91212e4c
SOB_20251217T163546142236Z_YMLJUG4IM5AC;a867dd47-d007-49d3-a499-85e348e0a8e5
SOB_20251217T163546142380Z_BNUXKQSC2FE7;5b86bb5f-e4fa-4bd5-881f-d04e931ac168
SOB_20251217T163546142529Z_SQAUU54WKBCQ;95831737-f484-42f3-8588-6923bcc24e90
SOB_20251217T163546142679Z_J4QDUGYXFNBI;97baeec6-0067-45de-a9c7-5275bab079a7
SOB_20251217T163546142823Z_TMHFK5ZESBHZ;b59f4c51-fc56-47f2-95ed-0840f6f2e549
SOB_20251217T163546142986Z_MU5ENCSWFFBQ;53212fcd-2f3e-4c0b-8887-14c02650592a
SOB_20251217T163546143139Z_O56T45AOOFDE;6e3b791e-e416-4628-b33f-ae847bdaf9ad
SOB_20251217T163546143295Z_QROICQKS65BY;936afb8e-a0cd-47c6-9ede-7faec9d759d5
SOB_20251217T163546143455Z_NWFWLI5TJ5FI;261bdf40-863d-4c1a-9d7f-160c7cab198f
SOB_20251217T163546143606Z_PRJ5OVRZSNDH;733b49ff-9bc7-4893-b716-6668790a6230
SOB_20251217T163546143898Z_UWSQ3WYOLNAR;a080dae1-85c9-477b-aa41-9a99d28c8307
SOB_20251217T163546144144Z_4SXVKSA24BFN;83ae4af1-e2fb-4083-a6d9-c1ca5b2847f1
SOB_20251217T163546144347Z_W5TRO7T5SJF3;5b839edd-d86a-4d79-b1dc-345161af7fcf
SOB_20251217T163546144535Z_I3NVPLX4IVAH;baeb4082-0d5b-4e4d-90ed-1c0f269dcab9
SOB_20251217T163546144714Z_7YGSLAQ44BB3;81ee46fc-6d99-45ce-9347-5e50eb1923c8
SOB_20251217T163546144915Z_P6FFDFT65NGD;645b1388-f34b-46ed-a5c2-ee55180fb3b9
SOB_20251217T163546145102Z_OAR2KKROPJB6;a28ba1bc-3c26-4f44-b666-5d5d942a2013
SOB_20251217T163546145271Z_XEHPBYJJERAK;45e2b27f-0125-4461-bc20-b7c3fbbad9d4
SOB_20251217T163546145438Z_QNAT3ZEYSVER;ae245790-6443-4c6b-ba9f-dd730655b322
SOB_20251217T163546145598Z_WQHSVWEGTRC2;cf955ed6-70bf-4280-9219-3419e48198bc
SOB_20251217T163546145747Z_IS47NIEHT5HL;828a05e9-be78-40e0-a207-fa78daec46cd
SOB_20251217T163546145903Z_L6VZGF3BQVD3;51479203-bd0b-4e10-94da-3b242f89e7bb
SOB_20251217T163546146053Z_Q3KRMGLCFJCM;9abe4a2c-36fd-4ffc-adf9-0323896ac737
SOB_20251217T163546146204Z_IXI2FI2OF5EF;7f15b1f5-9114-4f99-8cda-f752c0bd1eba
SOB_20251217T163546146350Z_JIJCKTKWMJHI;b4e04434-9d69-4ab7-a54b-4c3139930b54
SOB_20251217T163546146500Z_7QRQYMTZT5FN;0413d502-ee51-4ce1-afef-98a846c2f1d9
SOB_20251217T163546146656Z_YT3NCF77JZDH;38892b2f-a5d5-4f5c-a232-10bd497e0707
SOB_20251217T163546146805Z_MFSF3ZGGQND2;4c3c5b94-f8a1-43e1-ad67-f0cfa0a7a04d
SOB_20251217T163546146953Z_D2TRMSI3VNC2;9f2eeae2-f31e-4d94-a936-c0c3f9f86a82
SOB_20251217T163546147081Z_QPZQ6K2M2NEA;795cd9bd-5fe1-431b-a31b-270837b4b5a9
SOB_20251217T163546147208Z_MTDBKQZN7NDT;046c6f54-f12c-4adc-a5ed-203ba41fee32
SOB_20251217T163546147339Z_R57Z3QQ4A5CW;7f4a39df-4e6f-4dda-8861-01cb37ce53ec
SOB_20251217T163546147466Z_LLO4SXXJK5DX;7d262a9a-615a-4e19-a0f2-591c23823bcd
SOB_20251217T163546147588Z_4FQTDD6HBBEP;bc0054e4-7bbc-432e-b3b0-a555387880ce
SOB_20251217T163546147709Z_KSWRSJTA5JDP;10a49eac-8532-4713-a1c6-d5b489bbf982
SOB_20251217T163546147840Z_TPW4FUTG7JED;d9e83aa5-0d51-43d6-972a-8e2ce35ecb52
SOB_20251217T163546147963Z_FMD6LBEK4NBD;7506544b-15dd-4251-9181-d551fa88cea9
SOB_20251217T163546148093Z_PXK332BWIBCM;d2d473f7-53f5-4e41-826d-72f4f55c9e2a
SOB_20251217T163546148220Z_YG4PWL6PEVAP;64877bd7-c6c5-4805-ada9-61b1a1fef774
SOB_20251217T163546148343Z_HTDVFK533ZHQ;4bed02ad-183a-4395-b507-0c9c2eb4fade
SOB_20251217T163546148465Z_VCC2PZWPR5GI;20947a15-37b4-49b4-8487-803fcd7589a6
SOB_20251217T163546148586Z_RQEGFV7OI5E4;a976eec5-988d-4af0-8ea1-296c13c376eb
SOB_20251217T163546148713Z_XYI2H5YQAJD5;f1567c5c-16eb-4018-85c6-c4963def3c19
SOB_20251217T163546148829Z_U5BWFLAKQJDG;65865cff-744c-4f5a-8957-875586e43373
SOB_20251217T163546148962Z_KD57CDIDZRB7;2e2f688e-c217-4f6a-8364-b792e6c61e45
SOB_20251217T163546149083Z_X5SGXQHG6RDF;5587c01a-5856-4bdd-b88d-113ec8fbce31
SOB_20251217T163546149200Z_HMT5EU7KS5CM;73bc6687-1991-4858-97d1-9de99b3df73e
SOB_20251217T163546149327Z_OIHOBILDRZAH;d7fc6161-5260-46f5-9ea6-d3cbb9d2430f
SOB_20251217T163546149447Z_MFTMFZX6XZFK;97284034-ef75-4801-9901-84b216f7c820
SOB_20251217T163546149564Z_IALECBGIWNF6;01338589-e71d-4ae3-80cf-5a0f595f55ba
SOB_20251217T163546149683Z_Y5LBIL5JOVBP;192590ec-8f3e-4e2e-830a-d44b040ded18
SOB_20251217T163546149812Z_3VL77AJNBNEW;c02b50ee-8836-4ff5-afbf-450ba1ca1b0a
SOB_20251217T163546149929Z_ZVRCAH5RDFD6;f6ac28ad-718f-481a-8fe8-2d99615b066e
SOB_20251217T163546150051Z_RXG6M43W6RFB;1b3f7672-075a-46db-a9d2-0f99103c2546
SOB_20251217T163546150171Z_V6RXUJ2SGBFC;eda40f54-7bb9-4e28-88fd-e84a8e6889a6
SOB_20251217T163546150288Z_BKP3TCM375CY;bd8282d4-9762-4a4f-8a58-f30911734f03
SOB_20251217T163546150414Z_VMX6O3SHFNFB;18f57547-69c7-4bc1-80d4-858aeef34b6e
SOB_20251217T163546150537Z_IZWBEZXNNNFN;1a989683-65b2-4c22-b4ac-82189ea7d6b5
SOB_20251217T163546150660Z_P3TJH4DX2JC5;120adddb-d670-417a-9c1c-fb964b70acc9
SOB_20251217T163546150778Z_Z7RYOJYJWVBI;d7a58bfd-ee63-468c-810c-5bf4ca661373
SOB_20251217T163546150895Z_FUOKMVZQVFAW;0263973d-7a26-45e1-8c53-cabbb8ef7448
SOB_20251217T163546151016Z_GJTF4SI4FREE;5224f3f1-09ba-4476-a65b-4453f9f5e08e
SOB_20251217T163546151134Z_EH4IX32EH5BL;b72f4a25-1273-44e9-929e-ba11c2f21400
SOB_20251217T163546151261Z_27ENV442WBGQ;51f452bc-a1d1-432d-a411-dca456cf60ed
SOB_20251217T163546151389Z_XYYNDNOSIZHV;4f0e6a02-187a-48bb-8e45-9ee4e2f82008
SOB_20251217T163546151576Z_WP6NTW7UF5DP;03b11e17-dd97-414d-854a-c01143e0d476
SOB_20251217T163546151784Z_X4WW47UKPRHD;28d73c43-c1e8-4e65-b3de-606fca6c7389
SOB_20251217T163546151950Z_OTHBRIYYUFGR;9cb12e9c-79c3-4901-8d1e-73736ac51fc1
SOB_20251217T163546152079Z_TVUYM6WJLFDC;dd6e70d4-b23a-402f-9434-a09db6cf8610
SOB_20251217T163546152225Z_3VCPKEUY5NAN;19684996-e04a-4a27-80fc-ab3c46a4af60
SOB_20251217T163546152422Z_SVUMX7ILNRDI;3e69c2d1-4034-4d4a-b7c7-8c192e995cf8
SOB_20251217T163546152554Z_KTF5HV5KIVGP;2432a867-f8c6-4da7-95f3-987b742ac2f8
SOB_20251217T163546152682Z_WDMC4YN3LBEU;66d40dde-ce67-4ed7-9225-2d4e3012514a
SOB_20251217T163546152820Z_FPU3CSBWOBF3;12656c53-eafe-4edf-8074-e3ae45660a70
SOB_20251217T163546153020Z_FXOT4ULCZFEQ;29d2761f-85b5-4f6b-887d-ee9e4ef8f3f1
SOB_20251217T163546153185Z_3BXWYETABVCY;94ce3f87-6251-4519-bc3c-95f823170c43
SOB_20251217T163546153324Z_UHBKSP4QTVDQ;78a21d4f-0017-4a1a-8816-80b5a6263b83
SOB_20251217T163546153459Z_5PN2WX3OE5BU;39f49260-255b-411c-89fa-5c5d216bf374
SOB_20251217T163546153584Z_PC4XAPAHHFE7;9b9360ff-d9e6-430d-9f18-a3ae70d87223
SOB_20251217T163546153722Z_LGFA3KSZ5BGF;b6367244-b542-44c7-9aae-468a71b374aa
SOB_20251217T163546153865Z_MQJH6LRTSJDH;58a7c9bb-6a5a-4d24-81cc-f6d476d60a1a
SOB_20251217T163546153993Z_D7MAPEVP65DQ;2457f93a-a840-40a0-a999-9b7016a19b1c
SOB_20251217T163546154119Z_2X7DSLWB6FCY;1b485130-d662-47ef-91ae-e96207e84c5b
SOB_20251217T163546154258Z_FE4IX2KOGRBV;559921f5-b520-431f-bdaf-5796fb0d0ef3
SOB_20251217T163546154389Z_YANIXUJ2ABHS;568addcf-206b-4df3-8648-ce25504c850d
SOB_20251217T163546154517Z_CN4BLZDCCZFH;a1193fe4-bac2-44ed-b676-0d6d6af06384
SOB_20251217T163546154643Z_OFJFZCNMYJCH;95661e4b-fda1-49ef-a6e3-2af49de37886
SOB_20251217T163546154766Z_CGIIC5VR6RBH;dc044bc7-5094-4b40-9548-a7063376223d
SOB_20251217T163546154894Z_JAMSHDB54ZGZ;bd5482d6-2b4f-454c-a835-ce3a2e22939e
SOB_20251217T163546155029Z_PSA7CXKQXBBQ;3bb9dcd8-3a1b-4fd0-aee4-64c4b3dd66c6
SOB_20251217T163546155155Z_KAAKVMLJZZC7;3001378b-3545-42f4-97c4-aab79c7164a5
SOB_20251217T163546155282Z_RDCJVWC3YRBB;aafbbdac-6ffb-4228-b933-94ceff28e587
SOB_20251217T163546155410Z_QMCHU2P7TJBQ;a013264f-163d-4dc2-b8cc-ac3b429d38ad
SOB_20251217T163546155575Z_BB7KBXPXY5DF;90e53183-93a6-4d0a-8e74-58b2cc17f980
SOB_20251217T163546155699Z_YQ7MDVUPFJA7;43ecd6a6-90ef-48de-8fe4-af6f9272e9ac
SOB_20251217T163546155832Z_CXNLJR4IOJGH;9d24fa16-8cb7-44ed-8c9c-1f1fca6f0005
SOB_20251217T163546155959Z_UVKWHX2YZFFB;80716c3e-a520-417e-8102-f5be77dc1550
SOB_20251217T163546156082Z_UP23CXI5DVE4;ed5c1a9a-2585-4b08-b378-e233d39fd117
SOB_20251217T163546156210Z_J6LH3GNSYNFE;821dea43-f949-427a-9e83-27d9acfeaef0
SOB_20251217T163546156339Z_NYJ6EA66GJGW;f6aa70df-9e7e-4764-9829-7f3c4782e36b
SOB_20251217T163546156472Z_UYTYA3EB6NDM;bee2080f-841c-42c4-9379-3601ede7f831
SOB_20251217T163546156600Z_FPERLN3WXFFN;16cea5d8-d9e0-453e-ac09-af060c1c9bed
SOB_20251217T163546156729Z_FSYOGKZBMVE5;4fa5eaac-22e7-4d3e-aa37-796d3576d046
SOB_20251217T163546156852Z_KTYCZY5JP5ER;d93b5618-e2f4-41a1-abae-728112a8dbd5
SOB_20251217T163546156974Z_Q5JDCNOBWFGI;bf2c7d20-6bca-4f07-872e-3aff98c32d1a
SOB_20251217T163546157110Z_GH37JAA26ZCE;b1b5a0d8-a525-43ba-962d-12dec5535d9c
SOB_20251217T163546157233Z_GQY3BVQH4RD4;410d29eb-500a-4db4-9333-511bf99dddbe
SOB_20251217T163546157362Z_RGMJHDY62NFI;b382990b-2250-4c70-a6cc-be5a6c44b4f7
SOB_20251217T163546157518Z_SYCHMB3ZBVBQ;2a73774f-d424-43f2-89ed-f15bb1736917
SOB_20251217T163546157639Z_IKO3CRKCSVEW;c1f40253-e578-4990-8381-8e13747e09a8
SOB_20251217T163546157765Z_4LV5SLXTVJF5;6164d4fc-9e75-4e70-acb6-90471fe3d027
SOB_20251217T163546157890Z_MDJW6LOP5VHT;f6edc52c-6bc3-4c9b-8716-dce3ee05b9eb
SOB_20251217T163546158010Z_F73H7O6PRFGW;5d4735e7-f8d8-4401-b447-eff549aa391f
SOB_20251217T163546158129Z_DQKHPIO2A5H6;1680fe25-58dc-41d4-8d78-64e2348801d0
SOB_20251217T163546158253Z_OOE3PR7THRHJ;35698a85-0b47-4678-bee3-e8568f1f1881
SOB_20251217T163546158381Z_KXZCVXXSD5HD;0db4d296-52be-4358-a62c-8ac2152e461b
SOB_20251217T163546158512Z_MZ7YVGIVO5FL;c5fb063e-fb1d-4e36-b326-828973bd6b5c
SOB_20251217T163546158631Z_7FBUQ3OBUZF7;b2d1d29b-53bd-4073-a750-fececa671204
SOB_20251217T163546158755Z_J2PWSIKYJ5EF;b1ddae68-09e9-4bba-b4e3-1eb8b3e61e85
SOB_20251217T163546158875Z_KTPCFC2ASNB2;c55af3aa-1cbf-498c-9d66-26129cae1cd7
SOB_20251217T163546159006Z_ECELQ2PGYFGC;7e284ef2-bca7-463f-9161-a6c2c082e0b1
SOB_20251217T163546159134Z_Q5V55UFFGVGS;cf163c58-06a1-4b66-ad13-5c3343c74170
SOB_20251217T163546159252Z_XEXWS3TPLBGQ;32d7e0eb-136c-4522-b9bf-1d3c8afbfce9
SOB_20251217T163546159372Z_KL4VBKQGINBA;69ee8c0c-9b0b-45c8-96b4-adcd087b9dda
SOB_20251217T163546159496Z_ODOSGEG4XFAY;69e5db51-4340-4b46-8fe5-f87587acac9b
SOB_20251217T163546159621Z_OK7ZULM5HZEL;89686f49-27d7-4078-b730-c882af7eb24e
SOB_20251217T163546159748Z_P5VDSZWUAND4;3440abda-c296-4a40-ba73-24ed1749bb7e
SOB_20251217T163546159877Z_ID47OO4225GW;f0494991-20e5-4e65-92bd-f72407b7bb41
SOB_20251217T163546160022Z_N3S3WAT2RVHO;0a3a7649-6158-4051-b110-abd4d5b8428e
SOB_20251217T163546160166Z_MCSFOAHPGNDP;b1d838fb-cdf8-4f6a-b304-14220097c400
SOB_20251217T163546160300Z_A5EPR2SGDBGD;ec418533-c7c0-45d3-807a-34c7dfc912a8
SOB_20251217T163546160436Z_T7PM64EI7ZGM;8f0517a1-e533-4884-a195-157fde7ff258
SOB_20251217T163546160585Z_XJB5Q4IHYNBC;0460b7e0-63fd-4fd7-9192-5723f7a4394a
SOB_20251217T163546161071Z_WX66G6IY2ZA6;760fe3a3-1466-49d4-89d8-f363eb9f7fd3
SOB_20251217T163546161470Z_AGOVER6GBNG5;c86ea5f3-1c0d-4cea-a413-a15a30822b5c
SOB_20251217T163546161924Z_RBJ5BFPXDFDK;68ce4747-1da8-4a73-9774-49eabf58ed79
SOB_20251217T163546162185Z_CRIEN75U65DD;a706e67d-6063-475d-8b44-a797a4a6200c
SOB_20251217T163546162396Z_3WZMRXH7JVH2;710ac2e0-4fe8-41a1-975a-eb0670ca2df7
SOB_20251217T163546162583Z_75FMJMWCAFA2;ede9d57a-6dd3-44f0-bc33-5af08e22d664
SOB_20251217T163546162773Z_D6HPPGD7VJFV;e2ec3da6-1c93-4192-88dd-621cc7e70b7f
SOB_20251217T163546162960Z_DNAOIKZSXNDK;90ee8f41-ad38-44ac-83bc-ed93eb954967
SOB_20251217T163546163147Z_QJ3GJE4O7NF2;07a9bde5-72a7-4a09-be58-559bf6d11f9a
SOB_20251217T163546163337Z_WM7LF34OH5CQ;0074f807-8343-4d9d-87ba-a03f76f704dd
SOB_20251217T163546163555Z_JKMSTPNL2VEZ;fd836d16-940d-4d5f-9d9c-2bf11345274f
SOB_20251217T163546163771Z_CVGLYAN64RAB;a1523437-4d3c-4cc6-9d13-e4b3921b56b0
SOB_20251217T163546163969Z_STQAG5BMINDI;2dbdeec4-7b4b-414a-98a7-534bad815546
SOB_20251217T163546164160Z_OGAWLLHWTRE7;db9bce98-4a56-4b70-9e56-61f1c67c59a9
SOB_20251217T163546164342Z_U363K2UO4RDH;f68cf3a2-3d14-49ff-ab72-453660061848
SOB_20251217T163546164538Z_CX2NOI3AN5BZ;168714c9-43fd-449a-9dd5-f05bfdc18cc6
SOB_20251217T163546164725Z_TRGDKB6OSNHJ;3332abaa-f0ae-4d76-86a6-bf6bc095ed90
SOB_20251217T163546164906Z_GFT367RYABA7;5190dce0-b8af-484c-8248-d6ac4c1dcb34
SOB_20251217T163546165060Z_VBVVRU2XKBGC;9586d2f1-627e-467b-839d-e1e5d07b8827
SOB_20251217T163546165236Z_3HXU7FGKVJAF;fbb3a1ce-db5c-4924-87d2-9fe28bcc6dc0
SOB_20251217T163546165390Z_L2QVQH5Q2BGR;b9b4ea2b-0248-4c6c-9a16-13a4c9eaf5b6
SOB_20251217T163546165535Z_NV2EC7TJVFG7;69500a33-f33a-4bbf-888b-4e398f6aa50c
SOB_20251217T163546165678Z_OS3CWSHMKBCB;a6e12abc-6548-433e-bf99-283270cf1e8d
SOB_20251217T163546165825Z_ESZ65NZEUBH7;7d81f099-fd41-4530-96e1-1ad831fbd96e
SOB_20251217T163546165968Z_CDOC6J6MJVHD;878c7df5-5a8c-4c58-9911-7a6122e14d97
SOB_20251217T163546166122Z_3MACKYBYYRBX;837f6eed-0ccd-4495-a8ae-76423f811a68
SOB_20251217T163546166267Z_7J2ESWYBPNBM;5cb32f0a-26c0-48c7-b2dd-f22775c7e82c
SOB_20251217T163546166409Z_BGZZHPPA4VG4;8d1d4c49-1b99-4cd6-b778-534184085441
SOB_20251217T163546166606Z_JTIYI5ILSNFZ;f56f986f-e91b-4559-b2ed-3e19eb944a64
SOB_20251217T163546166761Z_RO5NB5EQQBHY;96caaaa5-11f7-4da7-8509-f3eb565d0e3f
SOB_20251217T163546166920Z_Y3K5OAJHDNGE;2acbf426-bb42-4bc7-85c6-7240d71ab5b7
SOB_20251217T163546167064Z_66QET47NRBB6;517dcb94-fb6b-4b86-a45d-9adc26a7f31b
SOB_20251217T163546167216Z_G6FDJXZFBRAN;b5d3d9cf-4b67-4be0-a089-510ffc3b6c0f
SOB_20251217T163546167366Z_KOLSI74KI5EW;2624c76b-ac61-4aae-8753-808c619aa0dc
SOB_20251217T163546167512Z_C3G53RBJR5HV;0d57d040-ba4d-4b31-9497-e00f5ff2e25e
SOB_20251217T163546167653Z_ZFCVSZ27NJHV;adb64453-dc22-4d72-b0d6-38cdbac80f9f
SOB_20251217T163546167825Z_5VEI2IDY3FCA;2df46708-861f-4999-8e6c-e34796156cb4
SOB_20251217T163546168039Z_S33KKZBREJBK;4eec4183-6b5b-4414-a3a4-3c75315a46c6
SOB_20251217T163546168271Z_D4XMGW2KTBCO;f26fdf21-0a8f-4054-92d1-a73941030cf9
SOB_20251217T163546168534Z_465GEALJYVAR;3df54fed-0fd2-411b-9aa3-b2f6b42e9f10
SOB_20251217T163546168881Z_66BQ6XXEA5E3;b2eb4057-4475-44c1-aa2a-3575bcdf4ee9
SOB_20251217T163546169179Z_MD2U7IU5SVAJ;dac4ff35-d862-41c4-ade6-23ad9a055a09
SOB_20251217T163546169420Z_D5N66IH7DNCR;13a9b80d-b4c3-44e8-a4b3-2d68f96e1fc1
SOB_20251217T163546169567Z_4IJVWLPYSBGR;f4408f70-d1d9-4010-9cc5-c9cf3d775e8a
SOB_20251217T163546169744Z_3UUKCB4PDBEZ;636da17f-d75a-4f4b-b63e-81812e4968e2
SOB_20251217T163546169902Z_MOMQ6NYZMRFY;0d9d4a14-912e-44d6-9683-5eed5a297f34
SOB_20251217T163546170057Z_HJLAP76VQJFF;513e4f8f-c567-4c72-a4a9-2fc3d3e5aeec
SOB_20251217T163546170228Z_Q74NKGN52FAT;1e9ca349-e2a2-4dfd-9799-a68a4b5e865f
SOB_20251217T163546170373Z_OCSZTHNOJNBD;811d3fde-c64f-46be-ad02-76aa94ffcaca
SOB_20251217T163546170517Z_L375DWX2ANFT;b8997754-cad8-45d5-8ac5-8f7507dd88e6
SOB_20251217T163546170706Z_HDH7FME5HZCA;3b43f17b-de58-4d99-844b-a00555489b4a
SOB_20251217T163546170864Z_YC57RCTVCZEL;57dda47c-dd1d-4591-b8ba-6144c7e60119
SOB_20251217T163546171004Z_NDTT447J7FAF;8cc48b20-4299-4c3e-8361-389c9f2a9045
SOB_20251217T163546171141Z_6OKR5MH32VBG;5186f629-47b1-49b5-8ad0-83b10525dd88
SOB_20251217T163546171262Z_UJCMP643BNAM;d2e458a8-b926-4b7f-b1b0-d00ef3ba9416
SOB_20251217T163546171388Z_L43QVZZI6RGT;a9f024fd-9a6d-4eee-80a6-d8d81269d9f0
SOB_20251217T163546171511Z_2S3LPTVG2VCX;c13103a0-1f65-4489-830a-eefdb52ce63b
SOB_20251217T163546171645Z_YP5PFOKOHRDT;517a74d1-e9f4-4079-82f0-a3227c6d314c
SOB_20251217T163546171770Z_65ZU5XV5NBBL;2d452a60-2460-4c99-9b04-d4f42ca7ef87
SOB_20251217T163546171895Z_K2HCK77WXNFM;7983af39-da20-4ce0-9c9d-0767852c3e2c
SOB_20251217T163546172022Z_DLW6XGWFPZGA;5c0a9c6d-50ef-40a6-be3c-b784cd1d0ddf
SOB_20251217T163546172148Z_C7D6AGZAXVEH;3c4b0476-bf50-49e2-a98d-559c28af994c
SOB_20251217T163546172274Z_UHPFD7FSJREN;f6661c93-b2f7-45ed-9f4e-152641628fdb
SOB_20251217T163546172401Z_OVZKUFSSVRD6;ce44dcde-83a4-4338-bd3b-b0186ec84d37
SOB_20251217T163546172526Z_JXK6GFL4PZFK;8a875ae5-11c7-4cc3-a088-d1f2fea6fee9
SOB_20251217T163546172635Z_JBU32PZ5UND3;8c756342-ce7e-42cf-852b-557619ad69a2
SOB_20251217T163546172748Z_Z4MHMNRCDBCN;c9b8b614-32c6-44d6-84b8-0602ae38efcc
SOB_20251217T163546172870Z_3YZ4QJCYQVHZ;ccd5851b-a771-4132-9d2a-7b122b942554
SOB_20251217T163546172978Z_WWLGCFBZJFER;5ebce283-7990-452b-951a-51a39b79a633
SOB_20251217T163546173086Z_YKFLQ5VCRZDT;39df9b67-ea44-4245-bb7f-b58c7deff842
SOB_20251217T163546173198Z_JQQJLPHHNVCV;de881f3e-82c6-47b5-981c-2b196b39b127
SOB_20251217T163546173312Z_AFUKOFVMOFC5;80de3f08-6458-4c7b-841d-9a60bba79c1b
SOB_20251217T163546173421Z_BDRWZDL6MNBW;e32e63ec-1c15-4dda-85b7-c429cc7f0858
SOB_20251217T163546173536Z_PRLOBVDYLZGZ;5a15f8f3-5f8b-4957-b881-b609d0e17eb8
SOB_20251217T163546173650Z_NVPQSMSPDNA5;3d28fa14-99b8-4db5-bb7f-e781a8d731c1
SOB_20251217T163546173758Z_TCYSLYPEQZFL;65665f55-31af-4d1f-9740-140eba62113e
SOB_20251217T163546173873Z_YTLEGQUDG5FM;3568f698-5ade-4fc8-95bb-9aaae0ef39a4
SOB_20251217T163546173984Z_X4OBSG7H7NDX;73320642-ea69-414b-aa65-35073a9efe6f
SOB_20251217T163546174099Z_4N2SFIA27VFA;43bcce9c-6b77-472f-a188-948d6abdc41d
SOB_20251217T163546174228Z_OXTJPZZVZZFC;1397a8d6-3e3f-44cc-be9a-548f022fe883
SOB_20251217T163546174339Z_EX35FJI52FAB;8e1a56ed-1d97-4a38-ac68-f352e9e3719c
SOB_20251217T163546174447Z_CKFN2TO7FJHC;7c91c3cb-d021-4ce5-856a-a39b02bb8099
SOB_20251217T163546174555Z_EWWJJT2RJRFU;36c663bf-e0c5-4f85-b19b-2153a68cf012
SOB_20251217T163546174675Z_RIZ6UI6WMREY;fcbd59cd-38db-43af-88c4-48604e6e02fb
SOB_20251217T163546174786Z_XIB5Z5PPTBDK;142d77ca-d5f5-4e6f-b4a5-8979f915561f
SOB_20251217T163546174893Z_WEXYA5GVZ5A5;ade3e4d3-13b9-4467-91c2-aba7e6ead6d4
SOB_20251217T163546175003Z_7VFVVJCAONBS;fb7fd8ce-b722-4dcd-8fc3-386722a70d6e
SOB_20251217T163546175111Z_C2XJKH5DFVAO;2a03c09e-3e38-4abb-95af-e1c1479a638e
SOB_20251217T163546175219Z_X6J3LMS3AVCH;7ed4f8ea-e9d4-47c0-883d-8d4d75d8a61e
SOB_20251217T163546175337Z_BTVYYC4JONE7;34a70a62-c781-447b-a1b0-50330b5c7efd
SOB_20251217T163546175448Z_ZOIPRU7IK5GC;c93275d9-1fbe-4406-b4bb-aaae82f06de3
SOB_20251217T163546175555Z_YNC4OCUTAFCA;fd5c9f75-e8dc-45a3-bca9-0f41f4685383
SOB_20251217T163546175665Z_6BUEYUFHPNFD;b734f194-66a7-4769-9398-340f405bba89
SOB_20251217T163546175779Z_BWGUL2RSRFCC;35136a2b-a3d3-4812-9877-428cb0f1d90d
SOB_20251217T163546175896Z_5REXCQ3WG5HG;ffd4fbb1-b1aa-4231-9bfb-9c4758cd4106
SOB_20251217T163546176006Z_EQMKADQUTVFL;f84fa331-85de-4fd1-9c4c-122607d49ef2
SOB_20251217T163546176136Z_DODQYTPNHFB7;711ce82e-23db-4abb-b70c-11b501164a9e
SOB_20251217T163546176250Z_HUJOVT3WGJD7;4b9ad2a9-b9ce-4ec9-a167-1ed47af28669
SOB_20251217T163546176359Z_4KCHW5JILJGW;2176c7e9-4166-448d-bb12-a1a7a13a3116
SOB_20251217T163546176477Z_QLQEAV43BVGU;beefbe44-5c27-4bca-ba94-04062f7ea34e
SOB_20251217T163546176595Z_W5B2GAUODVBH;b045bfc3-ce62-4ba7-a669-b05a7d67f4b8
SOB_20251217T163546176743Z_YZGNUSAP2VET;d00c2fe1-0dfd-4bd5-b59c-d4297574840e
SOB_20251217T163546176940Z_34D6OAVZORES;75827918-227a-43f1-ac04-13ee78859fc0
SOB_20251217T163546177154Z_VCIEHSKQERC6;f33d7e33-99f7-4782-9d93-c706d68a5fd8
SOB_20251217T163546177356Z_X2PH74QPFZAR;ee26dba2-2f50-4c10-aebf-050420c0ddea
SOB_20251217T163546177588Z_UCGUBSQJUZCG;89c4b1b4-7b6a-4678-a4c4-77596647620e
SOB_20251217T163546177801Z_STRZBRBAL5FT;d8826f3b-e146-4747-a365-0d2907e36850
SOB_20251217T163546178000Z_SYQVL4UECVC3;ca8f785e-966e-42b7-8509-2f08003072e1
SOB_20251217T163546178214Z_OHDASWNLNVCX;715524f2-2701-4da6-afba-65e26c35cf23
SOB_20251217T163546178441Z_WEYKCPAEK5BN;0be7413c-b203-49d7-8c38-1a8518107af9
SOB_20251217T163546178652Z_C35VDJ5UEVGR;0cecb8cc-bbd0-42c7-a144-ec92350fd9d8
SOB_20251217T163546178787Z_PNGTLW6RKVCE;146a40b4-7180-4dc9-aac3-c36b499ae9f1
SOB_20251217T163546178928Z_U2GKROFUUJB3;e8de5262-16a7-4074-9c16-2c1b5d498ae8
SOB_20251217T163546179061Z_GHFWLIERHJCN;385d726f-ceed-46ee-b7dc-fa4907be0e4d
SOB_20251217T163546179188Z_EWIBMHKGCRCG;ec67a057-70ae-44df-8ea5-9e7a5d50f973
SOB_20251217T163546179352Z_EZB4GMLS45EU;12aadcb7-b6e9-48a6-b0b1-7c5c256b255c
SOB_20251217T163546179482Z_NWJURVUCGZBM;77c7499e-9c4e-4bdd-a841-e6a7b42720c2
SOB_20251217T163546179608Z_APLZR4B5FNHC;b6521996-d32d-4620-b640-3edcfd3eec69
SOB_20251217T163546179736Z_GKLQPSW6TNHH;57d8f4f3-b283-4f4c-8a12-fd353df96e02
SOB_20251217T163546179857Z_EPFTWQTPZBDD;45c15bf7-5224-46be-83f6-e8d9eb04612f
SOB_20251217T163546179985Z_7SK7RDOR6FHG;13dd84b2-e9fd-4d7b-8ef0-8d6c4a4a53b6
SOB_20251217T163546180111Z_OZCVHVFRHNCX;85a98172-aca0-4b16-9edc-0bdef5ac3710
SOB_20251217T163546180232Z_VOG7LTQF25HE;4db8c669-fc61-4723-adb4-0a019ce23dac
SOB_20251217T163546180351Z_XV24SHKA3VH4;44bec041-9e6f-4bbd-93ef-e7fedfb56f52
SOB_20251217T163546180474Z_KXVJ5O44KRF7;0b3ce460-a88d-487f-b68b-1be373c3e1f6
SOB_20251217T163546180593Z_RWQY2SBHVNHB;5deacba7-f14e-491a-88b4-5299c491300f
SOB_20251217T163546180723Z_C2DUP2XMFFH5;e4d02c08-14d2-49bb-af66-687beeb2a8f3
SOB_20251217T163546180848Z_N6NXV3M2XJGI;6cd9cc79-8e2f-4e18-b208-8f38cc5d9187
SOB_20251217T163546180971Z_3NPKUHHFXFFG;c2af48a5-5f52-4872-96cc-2fefd30066b9
SOB_20251217T163546181091Z_OGISJVAXTFCX;f0c42863-bb18-4c34-b790-a2cfa9229232
SOB_20251217T163546181214Z_MBWWTEXBQJB2;1366aa39-1eef-47da-a410-6a6e9500dc71
SOB_20251217T163546181346Z_DLCZKHGGLJES;8ac24f26-6903-4ab9-ac1e-235d2cc42a2d
SOB_20251217T163546181467Z_AUJYBUUWANGR;089203cb-a312-40fd-ae66-e922094a832f
SOB_20251217T163546181578Z_QQ44CQAW55AK;7a70b76e-a518-4ca6-b96f-c547a47d4979
SOB_20251217T163546181753Z_R6JGESLZMFFE;fba1be6e-81f6-447b-a368-b0d0722b91d7
SOB_20251217T163546181960Z_UAV4G5FTMRFC;6fb96894-c0d4-449c-bdb9-fc6b4baca749
SOB_20251217T163546182110Z_45MZXU42SNFE;9b7f1619-d21d-41c4-959e-29e69b92d6c9
SOB_20251217T163546182242Z_H2XDFMZQ6ZG6;4d45f537-ea7c-4498-9696-e27b84182957
SOB_20251217T163546182367Z_B6R3NMXGXZAR;69dc635b-ba13-4c55-8153-3ed54f8ea703
SOB_20251217T163546182493Z_36CZAVMFNZBF;82078c63-0dbb-42d4-8d49-852678cd4fe1
SOB_20251217T163546182623Z_A5ON73C27ZDI;b64dded3-6a58-43be-9f8f-7cd891004423
SOB_20251217T163546182742Z_OWTQREXOENFS;67250550-9a8f-4929-a634-69bd78d92ea5
SOB_20251217T163546182875Z_UUHEX3KH5NGR;b8379af6-d0c9-4371-bff3-a9d00c01d20d
SOB_20251217T163546183056Z_VQ6DSYOUCFCI;e82feaa1-e7b4-427c-bd02-f9d3b0b22204
SOB_20251217T163546183359Z_3TOVHP53OBHQ;dd76ec07-e570-42f2-ae6a-c7f472dec101
SOB_20251217T163546183598Z_MNQNRBGGKVBP;a1a8b7d9-5e8e-4b53-9388-2cd38c1962cb
SOB_20251217T163546183741Z_7UKRSM7ZZBC6;21519064-641f-4f67-9d2f-bf007f5530a3
SOB_20251217T163546183873Z_HXTCN3BMTND4;4ef4ef63-a21f-4b12-962d-cc5f0e5af25c
SOB_20251217T163546183995Z_TJXFCK4NFFE2;36e892c9-209c-40f2-9168-a692c3310647
SOB_20251217T163546184116Z_JYZB6UTSLFAR;36254bbc-275f-4508-9d8f-598f01425976
SOB_20251217T163546184239Z_ZEYPXXKUJFBN;b56c3bcf-d69a-49c6-8aba-69886640547c
SOB_20251217T163546184360Z_ENAZH36E7BD3;21ceb629-b673-4eae-96bb-6d2f5d36ad7f
SOB_20251217T163546184491Z_VKMYXQKI5NCP;03d059b6-686d-45c0-9dca-8e9bdcf6a946
SOB_20251217T163546184615Z_TDIAFUZYDVDF;cd41d9ae-2ed3-4e43-9e5d-c232e5c14b73
SOB_20251217T163546184760Z_DLUC3FZ75NDZ;639d3080-4aa1-4a0c-b191-1b597643e101
SOB_20251217T163546185011Z_75NLLYYBYVBU;65ebac98-52fe-4c97-a86b-10d080426018
SOB_20251217T163546185254Z_YJRSY6FSSZEC;6f0b0dca-3c1e-498d-bbae-abdca1ba1ffb
SOB_20251217T163546185462Z_CBDBF7VAS5CB;871d054a-6cd1-4059-afc3-6fc689ec317e
SOB_20251217T163546185714Z_M5ZTWWKYJNBM;a3f656ad-8fc0-4167-bed4-6a2bffe24c8d
SOB_20251217T163546185960Z_YCD5LDMAW5BI;3517429a-c494-44b7-a45d-c5da9ac68978
SOB_20251217T163546186182Z_WCPGBBB7HZAU;fb310fc2-cfea-4cf8-a17f-2ca163adde29
SOB_20251217T163546186399Z_4I4GM7IS3JEZ;e8f633af-e0c4-4215-a70e-804fe0f224fc
SOB_20251217T163546186645Z_PFSBRYD7BNHD;7fc8c57f-8578-4771-a799-30ea63a40768
SOB_20251217T163546186820Z_6E6Z5QTUMJF2;509a1cc2-3a38-4b85-9d63-8ffb1c6b6bdc
SOB_20251217T163546186950Z_PAKUAJYQMZDR;5d864669-03e1-4abb-a722-7dd75c4586fa
SOB_20251217T163546187086Z_JSBEOJ5DFBGU;5c4e65ff-3bd1-4a1d-86a5-9b39b22d91fb
SOB_20251217T163546187225Z_6OXSZP7GNVHO;19351649-c567-4ed0-9849-76b84f191d74
SOB_20251217T163546187348Z_2ECEBCLO3VDG;cfd34da4-6bc2-45dd-bd1a-f7d3688251eb
SOB_20251217T163546187476Z_FRTGXDGJYNFX;ad80ed82-7685-42bd-9d70-e1ae4b88ce7f
SOB_20251217T163546187615Z_5GXM5KEJVNHJ;3492b6db-8502-4cb2-850e-a4b67dfbaf61
SOB_20251217T163546187736Z_ITYVSZ2UXNGU;9b961290-3332-49e9-ad75-218ccb30e3f5
SOB_20251217T163546187855Z_HJ5XLSQL75AE;48b67c84-acde-450c-9820-5c723aada55f
SOB_20251217T163546187982Z_PCSKNDLC55AZ;a88db1e9-10b5-40cc-a389-f871dfd6a490
SOB_20251217T163546188102Z_WDQD4JBMB5HE;8ad5f7a4-5a1f-435f-97fe-bbda0ba3ad95
SOB_20251217T163546188228Z_RBALW6I6V5GJ;ec2d1df0-f8e3-4dde-bbd7-2be9c2ed8e82
SOB_20251217T163546188350Z_IEYUQDXA4VCY;e66c9b30-6a97-426d-bfdf-48b076a5e623
SOB_20251217T163546188471Z_O5EYFRMMQVBR;fa903c52-4c40-4dd0-aa47-954bdc47539b
SOB_20251217T163546188588Z_KZKBT6JAJZGS;83d02b42-9d35-4488-8c2f-a178b45ee97b
SOB_20251217T163546188718Z_O4P4SUDCV5AV;da7b245a-892b-4e72-9eb6-b109254afb4e
SOB_20251217T163546188843Z_MMC7KXJDRBD3;7ff70624-21b2-41c7-a0ff-e02c104d16bd
SOB_20251217T163546188962Z_M4BUHBMUBJCX;1924cb77-7234-43b0-aafb-e94f9b294e49
SOB_20251217T163546189081Z_VDXNXPYX2FHV;36376cee-375e-40a6-854d-2ef2251b2c0b
SOB_20251217T163546189204Z_ND7NVLZLDFCF;8965aeda-aa41-4c2d-acd5-8c96bc6727cc
SOB_20251217T163546189323Z_Q7ZTBWCBLZAG;9d7a1396-7f94-40b7-941f-68bbf7b701ff
SOB_20251217T163546189449Z_G7Q7LKPXYBB5;657d45a7-3a7b-4735-a882-a0ef2a2b5370
SOB_20251217T163546189574Z_AE22JW2N3NFO;57a27ef5-a29a-4e7e-9d31-ebe7ff221cea
SOB_20251217T163546189700Z_BEKHR5M2IZDI;6de0c953-bd28-46ee-93b6-f49ba5828d50
SOB_20251217T163546189819Z_CJ32654YANAP;d5ea98c3-c637-4c00-bb43-7bb364ca7e6e
SOB_20251217T163546189942Z_YWYMBPG4TBCW;6c72d08c-9201-417f-9cb7-b617edc8b2e1
SOB_20251217T163546190061Z_LT5GLMOESJGO;9f165f88-a1d3-4039-a031-4def26798ea3
SOB_20251217T163546190187Z_GZ6CHTLC4VC5;7471e955-ae2e-4e1b-88b4-9b4356a83e97
SOB_20251217T163546190312Z_557BSRJUVJFD;45a0ac01-0311-4f34-8c38-a2ff25a249ac
SOB_20251217T163546190443Z_KDGYRUTUFZDY;263ca615-6d31-422d-b485-5ece771c18d0
SOB_20251217T163546190556Z_7ZEHYX32IZCF;7c7d6e40-6a1b-4845-b4db-de339a7928f9
SOB_20251217T163546190671Z_TKEIVXYRPVCY;d4367e6e-c1bc-4bf0-8f0b-33d37bc13a46
SOB_20251217T163546190792Z_RRW7OBNF6VHO;b9ba91c2-c68a-45e6-a1a5-32e7ed6afb22
SOB_20251217T163546190901Z_RKB5FDUFPRGR;6cd97f58-cbf4-4668-ac00-032b152da663
SOB_20251217T163546191015Z_75Q3EA2FR5CP;b3fc7857-ac25-4649-b2f3-5536b02538cc
SOB_20251217T163546191128Z_WXIC3ILZM5G4;6f2e9f40-17aa-493e-82d2-d13de0b6fec7
SOB_20251217T163546191268Z_ZVJZAANFQRHG;7e2e82d7-8acf-4839-84aa-11ccd6c40240
SOB_20251217T163546191386Z_Q674CMP3PNAS;97528212-47d2-46eb-a5cb-d7395dda37da
SOB_20251217T163546191500Z_FPOWJG2OOBEZ;ae02f158-0d92-4089-a43c-ea40a099e80e
SOB_20251217T163546191614Z_DCHQG72POBHR;529f6119-6120-42b7-a460-e736d4a86b52
SOB_20251217T163546191727Z_DXPIJ2ZANNEP;8133b5ae-cdd2-4196-aee1-f19a9a9c0483
SOB_20251217T163546191841Z_2AKIVQBUTFAP;faf4e8b7-4ad3-453e-a132-1d4b3afe8acb
SOB_20251217T163546191960Z_XWMJSBX7Y5EE;e473e667-7c98-46fe-b08d-e9e2b13dc7d6
SOB_20251217T163546192091Z_UQ3ZL3QKVNC4;516de89d-f81f-468e-a297-b0042d0c5950
SOB_20251217T163546192206Z_PL5RUFNUCNB6;87aca8dd-6b83-426a-b8a9-04052983ca5b
SOB_20251217T163546192317Z_MFTBWGOOR5DG;2f6133b8-00d7-4870-afed-3890c5d39e2e
SOB_20251217T163546192427Z_6NPM734RW5AJ;d58ccdee-e19f-4feb-90c9-cff91a1ceb71
SOB_20251217T163546192543Z_GJTJCNUCN5FI;a7f7460f-6d51-4214-8ed3-705cd16ab6ee
SOB_20251217T163546192664Z_RWRVOUJJMJAA;820d2344-9613-4366-bbb2-55f933d2e51d
SOB_20251217T163546192776Z_H3HRJ2SNVZCI;58a28a52-1ed7-4e75-9b7d-5685e0173819
SOB_20251217T163546192891Z_P2PI3OFGI5FZ;a7893c56-fdda-4a9f-8b3b-aae73f6aa0c8
SOB_20251217T163546193007Z_XHTKFKPAERCG;3ca32bae-69c0-47c0-b12f-9016370b396e
SOB_20251217T163546193117Z_6TZJKBIFZVAJ;b5e670c4-df8c-43b7-aceb-174659d8cb21
SOB_20251217T163546193241Z_KX2KQOYVZFEV;e54736f3-5994-4d73-ac97-a0832611bda1
SOB_20251217T163546193363Z_HTXSZMZ4FRGI;01e0e551-c28f-415e-b0e5-1016fee07644
SOB_20251217T163546193527Z_DSBYVC5TCREH;4abc26dc-b3c2-43ee-ba50-2b2a6e7bb932
SOB_20251217T163546193759Z_3RDG6FFVWNGO;5e45d240-b8e1-48d8-8c61-23b2ae97c88a
SOB_20251217T163546193987Z_DSYQ6FUMZJDR;f1640a10-8e72-49c1-8f8b-f6062cc2c241
SOB_20251217T163546194208Z_JGLW3TJAR5HQ;1b7f0283-db7e-4d7f-99d0-71747cc1175d
SOB_20251217T163546194433Z_BTU7PE5L6JHF;d7294783-16fe-47f8-b87a-8fbe6877447e
SOB_20251217T163546194654Z_VUYUGAHD2BE2;25e44e16-e1ce-450e-8726-fafb91f6ebc4
SOB_20251217T163546194859Z_ZR4GYS6YMRCZ;4bbfb55a-de2e-4db4-be93-d9321dd8ac55
SOB_20251217T163546195056Z_DAIGHDWNFRHH;6649908b-cb2d-45f4-b7b2-061c4bc609c5
SOB_20251217T163546195334Z_WESAHVW2QZAS;37b5a810-d81b-4bc2-b7de-b9aaaf74b17d
SOB_20251217T163546195507Z_7NF36Z66ABEQ;f0aa0dec-24b7-4062-87dc-95697ee327f6
SOB_20251217T163546195633Z_OGR23QAPVFAI;1359b81c-5e47-4ea7-a29a-ba2f3846111d
SOB_20251217T163546195790Z_F4KRPZNBWBC3;1ae04fc2-cd34-4fd5-8d14-66d9831694a3
SOB_20251217T163546195927Z_SDLTA4C4TRBV;7f99742e-12d5-4154-ba69-ee4362eef0cc
SOB_20251217T163546196048Z_TKSUPS6CUBAT;ae9a03b8-d31d-415d-b100-3d339573b79e
SOB_20251217T163546196182Z_MLC7UHSRLNGR;a826a5a5-475c-469f-9445-92a04f577b4b
SOB_20251217T163546196310Z_2EDKZG6HI5HL;277821fc-2088-4cc5-b6a2-89e5cd494ecd
SOB_20251217T163546196432Z_BNKPCSSDANGE;bac1903d-83c4-4a14-888c-7119e7fd33be
SOB_20251217T163546196555Z_DFPA43EKPZB5;bfa5f66f-b22e-4ff3-93dd-ce75ee848c76
SOB_20251217T163546196682Z_D6QY43JHJNGB;43c39ae1-2f2b-46fb-8b95-2f95448227d6
SOB_20251217T163546196813Z_HD5ZW7HWZJBN;fb1bb851-38d2-4e52-ac46-174d01c776f3
SOB_20251217T163546196933Z_FYQ4XLPPA5FW;6668d419-7cea-434e-b1ec-26ffe36a2280
SOB_20251217T163546197057Z_DQLKXPN7JNCB;18278f3e-ce7e-4c1f-ad66-0fe5c3bd891e
SOB_20251217T163546197177Z_CW5SE34KZZF3;1f810697-6220-4453-b795-cc373e6834ea
SOB_20251217T163546197296Z_KTBVSTH7F5DI;b4bd6f45-a3c2-45e9-84ff-bdc45cefcb02
SOB_20251217T163546197420Z_E2FTDQ7X4RFV;a34ff767-d29c-4e49-8e86-f51305328762
SOB_20251217T163546197547Z_BWUXWKNJXVBE;48dbbcfb-9dc7-4197-94e2-c207a46c0cf9
SOB_20251217T163546197715Z_GPU742QM7FHR;c2010091-fd3c-4528-b6e9-09a38977f4d2
SOB_20251217T163546197861Z_PLOQY56FWND5;6c818680-abdf-4938-9387-0d649420fa7f
SOB_20251217T163546197984Z_EHC6B5KPPFAJ;0dd1e9c7-c123-41c0-84ff-128a0774a537
SOB_20251217T163546198156Z_DNWH7PIQXNHB;3ba73726-b819-4d87-9fd0-c0bd61062e95
SOB_20251217T163546198291Z_M6P7WDWIDRA5;2c73757b-01b6-4707-968d-f25578243433
SOB_20251217T163546198411Z_DEQBVE7R4RDQ;15b3bcb2-b530-4101-b967-625ae945c55b
SOB_20251217T163546198530Z_KXJPAJJ3I5BF;813c6ea0-c9ca-4fe5-89a9-81810f7c05c5
SOB_20251217T163546198656Z_VIS3PKJ5YJHD;f1ed7e88-617c-4e5c-b8e6-9d3bc7a386da
SOB_20251217T163546198777Z_3PT4UNZWT5D6;441d9237-5720-427d-a79d-2fa36e054eac
SOB_20251217T163546198900Z_XXNHZRAIMBEL;57d1532f-44aa-4b23-8bf2-ff80633232b4
SOB_20251217T163546199021Z_IKNHQMOATNFK;0dd98882-ac8d-48dc-9922-5b5e74ff28af
SOB_20251217T163546199146Z_AF7XPEV2QNEI;f8c2220f-83f9-42a4-bd1c-72481cb8829c
SOB_20251217T163546199265Z_7EWTB5F6UBEX;d37ffe83-b2f1-4d2d-8092-5ec93b0a131c
SOB_20251217T163546199387Z_OZDQVWX7PJB4;2ce688b8-2847-47ab-8fbc-d69ebb710d62
SOB_20251217T163546199514Z_Y4DCYQOTPVEH;5ca5d8b3-f1ac-4e1e-bde5-719fd0687743
SOB_20251217T163546199638Z_RGD5XVCMJ5FZ;f6f4f635-d4fa-4125-999d-6cb2606fd36d
SOB_20251217T163546199757Z_35YC2C6KWZBK;2d0e898d-ac8c-4a92-bd46-6508f73a5e2b
SOB_20251217T163546199882Z_6S4D2TZDYNHD;8e254a9f-02ff-469b-88f2-6b6c7b49cd7e
SOB_20251217T163546200002Z_BVJU4OVCP5CK;6d5a98dc-4d75-4415-81f6-e696738faeea
SOB_20251217T163546200123Z_FXSUJ5F43VDL;5768d273-7a07-49e9-9bea-09d79bbb20d5
SOB_20251217T163546200254Z_ZKHQ366BPFBH;b2ec7cd3-0e6c-4c16-ae7d-386272e8ee19
SOB_20251217T163546200373Z_PUYIWS65MZDK;5aefa7a4-183b-4090-89f4-c2141539d120
SOB_20251217T163546200491Z_SMARHDYOPNEM;659c7cf7-df38-4cf3-b092-cbdcae30cb43
SOB_20251217T163546200659Z_FL7ONHIMB5FW;92266473-ec46-4818-ae6f-3d84c6daef8d
SOB_20251217T163546200781Z_BWNR26IM3JBF;4b454427-452a-468f-b5d9-ff22d9694f5d
SOB_20251217T163546200914Z_SOILTWCBOJBU;323512cd-f259-4931-9e80-c4c0c4712e8e
SOB_20251217T163546201027Z_XWW65HV2LZE5;a283dec5-e169-4638-99b8-972b6b3ed193
SOB_20251217T163546201141Z_KD6DHVQ65BBF;4da5045f-8be8-46e0-a52c-58c6aca4bac4
SOB_20251217T163546201253Z_WMNNWBZ5WBEZ;2288745b-7cb9-4048-bdad-d99c451d0cd7
SOB_20251217T163546201370Z_MRQGYQYHLNE3;509d00ba-7393-4145-bde6-83144d742515
SOB_20251217T163546201490Z_F7N7EYPT3FDN;0eda522e-2b39-4806-a4be-8f451105989c
SOB_20251217T163546201606Z_DWN6DECEX5DF;94bd1572-a7fe-43a7-aedf-35f4d4b44396
SOB_20251217T163546201732Z_BRWBDVBUWZAJ;0e075565-3e1d-4bfc-86ee-672f7ab153bf
SOB_20251217T163546201929Z_4YA3PFIXCFAU;733d3da6-e46b-4539-becd-7fd57dd8b92b
SOB_20251217T163546202155Z_554SFZBBL5AZ;f08c3005-eb97-40a3-8217-a2e5f25e10e7
SOB_20251217T163546202355Z_PBI4YR6GIBEL;eed18189-e231-4634-9907-dc3e242eea99
SOB_20251217T163546202604Z_DMDWZWEW5NEY;9f2574cc-02ff-4943-b921-6e09d67acf5a
SOB_20251217T163546202846Z_P6JXWI5NJBFW;8caa7e99-fc8a-41c0-8d11-a69fda5f67d5
SOB_20251217T163546203064Z_SFDUVTYK7BAD;976808ee-4cf6-4077-b12d-2beea626ea3d
SOB_20251217T163546203285Z_3BCVO2FQQ5GT;ad8a3221-b621-4278-9853-deea2931b77e
SOB_20251217T163546203533Z_CXX2TPF5KBEK;1c1d1c24-9614-4784-8295-0ec648cf45d1
SOB_20251217T163546203725Z_EQG654J33NAN;3252bb4a-210a-4551-a382-5133cb53739a
SOB_20251217T163546203876Z_GPF4PBGVKZDJ;d233b0e1-a72d-4b75-9bf0-a185c2df63d0
SOB_20251217T163546204006Z_DXBCUFQZ3NA2;fb6fd65f-89f5-43b8-967e-76804a65aeb0
SOB_20251217T163546204147Z_JNHYUXDVKNCK;83f69344-8c4c-4d1a-8485-fe2616ca421e
SOB_20251217T163546204270Z_KDWJVGUZJNG4;20ea71a3-8d92-41ba-9f16-a3ca9efdd3f4
SOB_20251217T163546204400Z_ZHSD5WILPZGR;925086b4-fa52-4961-a73b-db7a7b07cbc1
SOB_20251217T163546204521Z_MSDYH7U65ZEF;5a1e1a9d-8f95-4500-8676-f80d12071e79
SOB_20251217T163546204650Z_7QBT5MVBEBH6;08a2175f-96ff-42cd-97ce-2b24a8a9d8d8
SOB_20251217T163546204776Z_PL7LKUCJIZDX;b8c5e31a-cf81-4177-ade3-ae63451982ac
SOB_20251217T163546204897Z_WBCSBBDVNBB4;854019e0-76cd-4d4d-a3e4-be3871bddb1f
SOB_20251217T163546205017Z_T6IE7TOMTBFO;dc883631-e74f-4d2e-8efd-a3dbe7f001ee
SOB_20251217T163546205148Z_6CZN6SYTTREB;020cd93e-b363-48e6-9b97-593f7379ad22
SOB_20251217T163546205272Z_OSRJ6UTZCFHF;cc509509-6dfd-4891-a00d-fbfcf6d27da2
SOB_20251217T163546205392Z_7TNLMZJDFREA;d714528e-cbe0-48d7-9844-7a3129f9b103
SOB_20251217T163546205517Z_WPY76PF7MFFJ;c1bc98d6-b21a-4b5e-9eb7-ec96953f1983
SOB_20251217T163546205641Z_D7HQS4R72RHR;3e1c699c-5875-40b7-b0ed-44772d4d6dfd
SOB_20251217T163546205767Z_QR3D4RVWYZH3;4ce4ca01-19c2-4908-a6b5-f2dda445489d
SOB_20251217T163546205890Z_ONKBLDVJ7FEN;03dd3526-4848-4f70-b45a-ea9cdfbcb8cf
SOB_20251217T163546206055Z_JUWVRRBEMNFV;a04367e8-bb13-4237-95d7-f0e9cb2ceeaa
SOB_20251217T163546206178Z_JW5Y452X45DT;98432293-acee-4015-a895-98ed207b6af0
SOB_20251217T163546206307Z_EIE26BFNL5CZ;e8f45253-f97a-4f47-88c6-3a4202a1e584
SOB_20251217T163546206435Z_NNAF7DAKCZHS;e23e1f0e-1c06-4a5e-ab65-136704722153
SOB_20251217T163546206553Z_UYASRISBJRD5;0fa2f5c7-5793-4007-86c1-47e2db9c42f4
SOB_20251217T163546206678Z_GFGP6OT5UBGL;eddcf112-ff24-4ce3-b7c7-e07cd95ecdf2
SOB_20251217T163546206800Z_Y2YRJGNAWNFQ;f45d4162-4b17-400f-b7d1-79f263be243e
SOB_20251217T163546206926Z_TGH2H4KWTBA3;4bea3f69-2178-4ff0-b1be-5a04ab3cbbab
SOB_20251217T163546207039Z_Y2M3N6NEPNHH;4980201f-a47c-4992-8c0e-4b0db7f47a0d
SOB_20251217T163546207166Z_3ZWMH7RMCVDJ;09a5537e-8306-415f-be35-ee41056dcf08
SOB_20251217T163546207276Z_HX4EQYVL6VBH;3078bfde-3e4a-44c7-af4b-0bc5d0e22031
SOB_20251217T163546207389Z_LCBO3HIIXRBB;ad2e6e03-ddc2-4336-9f6b-9ca67439449e
SOB_20251217T163546207504Z_JMDVVIASHBAG;358dde83-588f-4667-9f5f-a79d3d0b9f55
SOB_20251217T163546207625Z_UJHRJR3CRJFS;6618fc5f-2b06-43eb-b228-29263488bc2c
SOB_20251217T163546207742Z_N3E2X247ERCO;6b17cff6-195a-4619-b11b-a53fe94347e6
SOB_20251217T163546207862Z_LRJ5QTUIAFFT;c308a4fe-057d-4711-a677-8099e3d8d4d7
SOB_20251217T163546207973Z_2NAY3S24ANCM;6ae21504-7e51-4565-a1a8-d7071b68557c
SOB_20251217T163546208105Z_5BZNAHVF5VDT;8f347b66-5efc-4e4d-86a8-49e89103843d
SOB_20251217T163546208226Z_BVGNL4MM5NGA;7d77322c-1d65-43c2-884f-20c2526af1ab
SOB_20251217T163546208347Z_V7K3KJF4RVBP;ceef75fe-f016-432e-8ace-660aab8e555d
SOB_20251217T163546208457Z_ZXTDHQ6IMVDC;31283509-91c1-4f76-817c-f7c9f316578f
SOB_20251217T163546208567Z_RJFNQXKPWBGU;abe71896-3fc3-46c3-b8be-8768c81ea4d9
SOB_20251217T163546208688Z_C7FFWCZWYZCS;52d7c6cc-85bf-430d-8ad6-26e80efca6e4
SOB_20251217T163546208799Z_IE6PJ44SVREV;f53f16a7-68a5-421f-be77-19e2d43d51c8
SOB_20251217T163546208908Z_ALFEI74ILJC6;eeffb7bc-8bea-4c30-9ea5-0b365eba3e0d
SOB_20251217T163546209030Z_EPVCXGZJX5DO;9b9f3dfd-e7ab-4146-a8fb-47a1041d2d86
SOB_20251217T163546209142Z_RSXPTN2EFBEJ;6a9494ea-411a-407d-8ed6-2dfef7b792ba
SOB_20251217T163546209253Z_CMOIYN6W2RC6;7fef632c-a9fb-4004-a477-adab0bde18f8
SOB_20251217T163546209373Z_MLM6T37NUJAL;30b89483-01c7-4740-9b2e-88efe8625a14
SOB_20251217T163546209485Z_NJ57HS52WBD5;af801044-96b0-40bc-833a-4b5eded9093b
SOB_20251217T163546209603Z_U5ZF2VROJNGJ;68bc4afb-d785-4216-8307-4f5090c60014
SOB_20251217T163546209721Z_2O7E3ROX7BFY;cd007590-9e96-4056-8cd9-d9f830cd678b
SOB_20251217T163546209830Z_XDBU4QLK3ND7;8e48e297-3420-4f47-90c6-2356f6c931a7
SOB_20251217T163546209948Z_UGPOIUCMVZGK;6984ab9e-84c9-45c3-bf99-d1fa7a6f95ea
SOB_20251217T163546210120Z_FIRMEN25GVBU;6b4be5cd-0e90-4b47-9d74-5d40664e6d3c
SOB_20251217T163546210352Z_IVGVWWFQYZHU;b744ff08-3300-427e-b2a1-bbdfffcf140f
SOB_20251217T163546210568Z_A6CGFJ7NSNGV;56f98214-6afe-46e8-a3fd-20d4b13382d6
SOB_20251217T163546210778Z_6YQBBTRYJRAK;31c4a444-f564-4491-8e18-d338143e15c2
SOB_20251217T163546210994Z_K2W2EXLL4RDX;3cdd9ef1-e887-44cb-972a-d0665c4d3e06
SOB_20251217T163546211199Z_X766BXFGBNCK;89867715-9f04-4a7c-9469-cfd2d15b1be5
SOB_20251217T163546211390Z_ZAJW5JU37VDD;b917ddf8-4822-4e17-9912-8f1cd7271574
SOB_20251217T163546211634Z_ALRZTIFBANGY;c66ac328-fb27-420d-b168-cd8bae053702
SOB_20251217T163546211893Z_YON5J4OW5BEV;da62e5a1-8220-428e-97fc-42765f92fd15
