SOB_ID;Uhrzeit
SOB_20251217T163546138062Z_SGVGAWRLQRE4;08:15
SOB_20251217T163546138570Z_RICIOOM7DBBX;09:22
SOB_20251217T163546138841Z_UC64XLFVJVCZ;14:10
SOB_20251217T163546139045Z_YKVUDV2E75EU;17:40
SOB_20251217T163546139217Z_GIDFBGU7UBAF;11:55
SOB_20251217T163546139377Z_2IVNSUQTIFA6;07:33
SOB_20251217T163546139528Z_YK43ZTRGW5FJ;20:10
SOB_20251217T163546139688Z_C2J5CW7S3RFY;13:28
SOB_20251217T163546139841Z_7FQEYI6LQFF2;16:44
SOB_20251217T163546139994Z_DZRYB7AD3JHA;10:05
SOB_20251217T163546140149Z_NQ733A4RGZEX;18:22
SOB_20251217T163546140301Z_2Z3JE2MHPJCX;21:40
SOB_20251217T163546140501Z_ESEONTNU5VAI;12:33
SOB_20251217T163546140711Z_7XYTJMEAXFDG;19:05
SOB_20251217T163546140963Z_SHAVY2PVTZFG;08:18
SOB_20251217T163546141206Z_CZ4GUDS7CJDT;15:55
SOB_20251217T163546141434Z_H6RBAQOTCNBN;16:50
SOB_20251217T163546141621Z_OHDJEFNPSVHE;09:27
SOB_20251217T163546141776Z_5LTT5ZV4FZAE;11:11
SOB_20251217T163546141926Z_OC4CEHDWR5FV;13:48
SOB_20251217T163546142085Z_3Y45GBB3WRAG;17:33
SOB_20251217T163546142236Z_YMLJUG4IM5AC;08:44
SOB_20251217T163546142380Z_BNUXKQSC2FE7;07:32
SOB_20251217T163546142529Z_SQAUU54WKBCQ;14:58
SOB_20251217T163546142679Z_J4QDUGYXFNBI;19:10
SOB_20251217T163546142823Z_TMHFK5ZESBHZ;20:22
SOB_20251217T163546142986Z_MU5ENCSWFFBQ;10:14
SOB_20251217T163546143139Z_O56T45AOOFDE;11:37
SOB_20251217T163546143295Z_QROICQKS65BY;18:45
SOB_20251217T163546143455Z_NWFWLI5TJ5FI;16:58
SOB_20251217T163546143606Z_PRJ5OVRZSNDH;07:05
SOB_20251217T163546143898Z_UWSQ3WYOLNAR;13:16
SOB_20251217T163546144144Z_4SXVKSA24BFN;15:29
SOB_20251217T163546144347Z_W5TRO7T5SJF3;08:55
SOB_20251217T163546144535Z_I3NVPLX4IVAH;12:39
SOB_20251217T163546144714Z_7YGSLAQ44BB3;20:11
SOB_20251217T163546144915Z_P6FFDFT65NGD;22:02
SOB_20251217T163546145102Z_OAR2KKROPJB6;09:09
SOB_20251217T163546145271Z_XEHPBYJJERAK;14:45
SOB_20251217T163546145438Z_QNAT3ZEYSVER;08:21
SOB_20251217T163546145598Z_WQHSVWEGTRC2;17:44
SOB_20251217T163546145747Z_IS47NIEHT5HL;11:33
SOB_20251217T163546145903Z_L6VZGF3BQVD3;18:26
SOB_20251217T163546146053Z_Q3KRMGLCFJCM;20:48
SOB_20251217T163546146204Z_IXI2FI2OF5EF;07:18
SOB_20251217T163546146350Z_JIJCKTKWMJHI;16:19
SOB_20251217T163546146500Z_7QRQYMTZT5FN;19:20
SOB_20251217T163546146656Z_YT3NCF77JZDH;13:02
SOB_20251217T163546146805Z_MFSF3ZGGQND2;08:09
SOB_20251217T163546146953Z_D2TRMSI3VNC2;10:44
SOB_20251217T163546147081Z_QPZQ6K2M2NEA;11:55
SOB_20251217T163546147208Z_MTDBKQZN7NDT;17:33
SOB_20251217T163546147339Z_R57Z3QQ4A5CW;19:44
SOB_20251217T163546147466Z_LLO4SXXJK5DX;08:51
SOB_20251217T163546147588Z_4FQTDD6HBBEP;12:22
SOB_20251217T163546147709Z_KSWRSJTA5JDP;16:18
SOB_20251217T163546147840Z_TPW4FUTG7JED;21:09
SOB_20251217T163546147963Z_FMD6LBEK4NBD;09:00
SOB_20251217T163546148093Z_PXK332BWIBCM;13:50
SOB_20251217T163546148220Z_YG4PWL6PEVAP;17:44
SOB_20251217T163546148343Z_HTDVFK533ZHQ;08:12
SOB_20251217T163546148465Z_VCC2PZWPR5GI;14:11
SOB_20251217T163546148586Z_RQEGFV7OI5E4;18:30
SOB_20251217T163546148713Z_XYI2H5YQAJD5;21:44
SOB_20251217T163546148829Z_U5BWFLAKQJDG;06:55
SOB_20251217T163546148962Z_KD57CDIDZRB7;13:30
SOB_20251217T163546149083Z_X5SGXQHG6RDF;19:12
SOB_20251217T163546149200Z_HMT5EU7KS5CM;08:44
SOB_20251217T163546149327Z_OIHOBILDRZAH;10:18
SOB_20251217T163546149447Z_MFTMFZX6XZFK;15:40
SOB_20251217T163546149564Z_IALECBGIWNF6;19:55
SOB_20251217T163546149683Z_Y5LBIL5JOVBP;23:10
SOB_20251217T163546149812Z_3VL77AJNBNEW;11:33
SOB_20251217T163546149929Z_ZVRCAH5RDFD6;08:55
SOB_20251217T163546150051Z_RXG6M43W6RFB;16:01
SOB_20251217T163546150171Z_V6RXUJ2SGBFC;07:44
SOB_20251217T163546150288Z_BKP3TCM375CY;13:18
SOB_20251217T163546150414Z_VMX6O3SHFNFB;17:19
SOB_20251217T163546150537Z_IZWBEZXNNNFN;21:50
SOB_20251217T163546150660Z_P3TJH4DX2JC5;06:55
SOB_20251217T163546150778Z_Z7RYOJYJWVBI;09:11
SOB_20251217T163546150895Z_FUOKMVZQVFAW;15:29
SOB_20251217T163546151016Z_GJTF4SI4FREE;19:55
SOB_20251217T163546151134Z_EH4IX32EH5BL;22:44
SOB_20251217T163546151261Z_27ENV442WBGQ;13:33
SOB_20251217T163546151389Z_XYYNDNOSIZHV;17:08
SOB_20251217T163546151576Z_WP6NTW7UF5DP;10:14
SOB_20251217T163546151784Z_X4WW47UKPRHD;12:12
SOB_20251217T163546151950Z_OTHBRIYYUFGR;18:22
SOB_20251217T163546152079Z_TVUYM6WJLFDC;21:40
SOB_20251217T163546152225Z_3VCPKEUY5NAN;07:55
SOB_20251217T163546152422Z_SVUMX7ILNRDI;11:28
SOB_20251217T163546152554Z_KTF5HV5KIVGP;14:22
SOB_20251217T163546152682Z_WDMC4YN3LBEU;16:44
SOB_20251217T163546152820Z_FPU3CSBWOBF3;20:33
SOB_20251217T163546153020Z_FXOT4ULCZFEQ;22:10
SOB_20251217T163546153185Z_3BXWYETABVCY;08:08
SOB_20251217T163546153324Z_UHBKSP4QTVDQ;10:33
SOB_20251217T163546153459Z_5PN2WX3OE5BU;15:44
SOB_20251217T163546153584Z_PC4XAPAHHFE7;19:21
SOB_20251217T163546153722Z_LGFA3KSZ5BGF;08:55
SOB_20251217T163546153865Z_MQJH6LRTSJDH;12:44
SOB_20251217T163546153993Z_D7MAPEVP65DQ;17:01
SOB_20251217T163546154119Z_2X7DSLWB6FCY;21:39
SOB_20251217T163546154258Z_FE4IX2KOGRBV;09:11
SOB_20251217T163546154389Z_YANIXUJ2ABHS;12:26
SOB_20251217T163546154517Z_CN4BLZDCCZFH;15:02
SOB_20251217T163546154643Z_OFJFZCNMYJCH;18:27
SOB_20251217T163546154766Z_CGIIC5VR6RBH;08:51
SOB_20251217T163546154894Z_JAMSHDB54ZGZ;11:22
SOB_20251217T163546155029Z_PSA7CXKQXBBQ;15:44
SOB_20251217T163546155155Z_KAAKVMLJZZC7;20:19
SOB_20251217T163546155282Z_RDCJVWC3YRBB;22:41
SOB_20251217T163546155410Z_QMCHU2P7TJBQ;07:35
SOB_20251217T163546155575Z_BB7KBXPXY5DF;10:22
SOB_20251217T163546155699Z_YQ7MDVUPFJA7;14:10
SOB_20251217T163546155832Z_CXNLJR4IOJGH;18:55
SOB_20251217T163546155959Z_UVKWHX2YZFFB;13:31
SOB_20251217T163546156082Z_UP23CXI5DVE4;09:45
SOB_20251217T163546156210Z_J6LH3GNSYNFE;16:50
SOB_20251217T163546156339Z_NYJ6EA66GJGW;20:40
SOB_20251217T163546156472Z_UYTYA3EB6NDM;11:59
SOB_20251217T163546156600Z_FPERLN3WXFFN;08:33
SOB_20251217T163546156729Z_FSYOGKZBMVE5;12:55
SOB_20251217T163546156852Z_KTYCZY5JP5ER;17:14
SOB_20251217T163546156974Z_Q5JDCNOBWFGI;19:48
SOB_20251217T163546157110Z_GH37JAA26ZCE;06:41
SOB_20251217T163546157233Z_GQY3BVQH4RD4;09:32
SOB_20251217T163546157362Z_RGMJHDY62NFI;15:25
SOB_20251217T163546157518Z_SYCHMB3ZBVBQ;21:14
SOB_20251217T163546157639Z_IKO3CRKCSVEW;11:22
SOB_20251217T163546157765Z_4LV5SLXTVJF5;13:37
SOB_20251217T163546157890Z_MDJW6LOP5VHT;17:51
SOB_20251217T163546158010Z_F73H7O6PRFGW;09:55
SOB_20251217T163546158129Z_DQKHPIO2A5H6;14:22
SOB_20251217T163546158253Z_OOE3PR7THRHJ;18:46
SOB_20251217T163546158381Z_KXZCVXXSD5HD;20:10
SOB_20251217T163546158512Z_MZ7YVGIVO5FL;22:38
SOB_20251217T163546158631Z_7FBUQ3OBUZF7;08:15
SOB_20251217T163546158755Z_J2PWSIKYJ5EF;12:55
SOB_20251217T163546158875Z_KTPCFC2ASNB2;16:30
SOB_20251217T163546159006Z_ECELQ2PGYFGC;19:11
SOB_20251217T163546159134Z_Q5V55UFFGVGS;09:44
SOB_20251217T163546159252Z_XEXWS3TPLBGQ;14:55
SOB_20251217T163546159372Z_KL4VBKQGINBA;18:19
SOB_20251217T163546159496Z_ODOSGEG4XFAY;20:41
SOB_20251217T163546159621Z_OK7ZULM5HZEL;07:31
SOB_20251217T163546159748Z_P5VDSZWUAND4;13:10
SOB_20251217T163546159877Z_ID47OO4225GW;15:44
SOB_20251217T163546160022Z_N3S3WAT2RVHO;18:55
SOB_20251217T163546160166Z_MCSFOAHPGNDP;20:59
SOB_20251217T163546160300Z_A5EPR2SGDBGD;09:55
SOB_20251217T163546160436Z_T7PM64EI7ZGM;11:41
SOB_20251217T163546160585Z_XJB5Q4IHYNBC;14:09
SOB_20251217T163546161071Z_WX66G6IY2ZA6;19:20
SOB_20251217T163546161470Z_AGOVER6GBNG5;22:28
SOB_20251217T163546161924Z_RBJ5BFPXDFDK;08:31
SOB_20251217T163546162185Z_CRIEN75U65DD;12:44
SOB_20251217T163546162396Z_3WZMRXH7JVH2;15:11
SOB_20251217T163546162583Z_75FMJMWCAFA2;20:55
SOB_20251217T163546162773Z_D6HPPGD7VJFV;07:02
SOB_20251217T163546162960Z_DNAOIKZSXNDK;12:15
SOB_20251217T163546163147Z_QJ3GJE4O7NF2;16:44
SOB_20251217T163546163337Z_WM7LF34OH5CQ;18:29
SOB_20251217T163546163555Z_JKMSTPNL2VEZ;21:12
SOB_20251217T163546163771Z_CVGLYAN64RAB;08:50
SOB_20251217T163546163969Z_STQAG5BMINDI;14:29
SOB_20251217T163546164160Z_OGAWLLHWTRE7;20:17
SOB_20251217T163546164342Z_U363K2UO4RDH;09:15
SOB_20251217T163546164538Z_CX2NOI3AN5BZ;11:44
SOB_20251217T163546164725Z_TRGDKB6OSNHJ;15:55
SOB_20251217T163546164906Z_GFT367RYABA7;19:07
SOB_20251217T163546165060Z_VBVVRU2XKBGC;22:51
SOB_20251217T163546165236Z_3HXU7FGKVJAF;06:45
SOB_20251217T163546165390Z_L2QVQH5Q2BGR;11:33
SOB_20251217T163546165535Z_NV2EC7TJVFG7;13:28
SOB_20251217T163546165678Z_OS3CWSHMKBCB;17:44
SOB_20251217T163546165825Z_ESZ65NZEUBH7;20:55
SOB_20251217T163546165968Z_CDOC6J6MJVHD;09:11
SOB_20251217T163546166122Z_3MACKYBYYRBX;12:40
SOB_20251217T163546166267Z_7J2ESWYBPNBM;15:18
SOB_20251217T163546166409Z_BGZZHPPA4VG4;17:56
SOB_20251217T163546166606Z_JTIYI5ILSNFZ;21:34
SOB_20251217T163546166761Z_RO5NB5EQQBHY;08:50
SOB_20251217T163546166920Z_Y3K5OAJHDNGE;10:22
SOB_20251217T163546167064Z_66QET47NRBB6;14:09
SOB_20251217T163546167216Z_G6FDJXZFBRAN;16:45
SOB_20251217T163546167366Z_KOLSI74KI5EW;19:59
SOB_20251217T163546167512Z_C3G53RBJR5HV;22:33
SOB_20251217T163546167653Z_ZFCVSZ27NJHV;07:44
SOB_20251217T163546167825Z_5VEI2IDY3FCA;11:22
SOB_20251217T163546168039Z_S33KKZBREJBK;13:49
SOB_20251217T163546168271Z_D4XMGW2KTBCO;18:37
SOB_20251217T163546168534Z_465GEALJYVAR;21:10
SOB_20251217T163546168881Z_66BQ6XXEA5E3;06:55
SOB_20251217T163546169179Z_MD2U7IU5SVAJ;10:33
SOB_20251217T163546169420Z_D5N66IH7DNCR;15:44
SOB_20251217T163546169567Z_4IJVWLPYSBGR;19:09
SOB_20251217T163546169744Z_3UUKCB4PDBEZ;22:55
SOB_20251217T163546169902Z_MOMQ6NYZMRFY;08:33
SOB_20251217T163546170057Z_HJLAP76VQJFF;09:22
SOB_20251217T163546170228Z_Q74NKGN52FAT;12:44
SOB_20251217T163546170373Z_OCSZTHNOJNBD;15:18
SOB_20251217T163546170517Z_L375DWX2ANFT;17:55
SOB_20251217T163546170706Z_HDH7FME5HZCA;20:44
SOB_20251217T163546170864Z_YC57RCTVCZEL;08:30
SOB_20251217T163546171004Z_NDTT447J7FAF;11:12
SOB_20251217T163546171141Z_6OKR5MH32VBG;14:50
SOB_20251217T163546171262Z_UJCMP643BNAM;17:28
SOB_20251217T163546171388Z_L43QVZZI6RGT;20:11
SOB_20251217T163546171511Z_2S3LPTVG2VCX;08:53
SOB_20251217T163546171645Z_YP5PFOKOHRDT;12:25
SOB_20251217T163546171770Z_65ZU5XV5NBBL;15:50
SOB_20251217T163546171895Z_K2HCK77WXNFM;18:37
SOB_20251217T163546172022Z_DLW6XGWFPZGA;21:14
SOB_20251217T163546172148Z_C7D6AGZAXVEH;07:35
SOB_20251217T163546172274Z_UHPFD7FSJREN;10:22
SOB_20251217T163546172401Z_OVZKUFSSVRD6;14:11
SOB_20251217T163546172526Z_JXK6GFL4PZFK;17:05
SOB_20251217T163546172635Z_JBU32PZ5UND3;20:40
SOB_20251217T163546172748Z_Z4MHMNRCDBCN;09:15
SOB_20251217T163546172870Z_3YZ4QJCYQVHZ;11:42
SOB_20251217T163546172978Z_WWLGCFBZJFER;14:33
SOB_20251217T163546173086Z_YKFLQ5VCRZDT;17:10
SOB_20251217T163546173198Z_JQQJLPHHNVCV;20:55
SOB_20251217T163546173312Z_AFUKOFVMOFC5;07:25
SOB_20251217T163546173421Z_BDRWZDL6MNBW;10:01
SOB_20251217T163546173536Z_PRLOBVDYLZGZ;12:50
SOB_20251217T163546173650Z_NVPQSMSPDNA5;16:37
SOB_20251217T163546173758Z_TCYSLYPEQZFL;19:22
SOB_20251217T163546173873Z_YTLEGQUDG5FM;08:40
SOB_20251217T163546173984Z_X4OBSG7H7NDX;11:15
SOB_20251217T163546174099Z_4N2SFIA27VFA;14:33
SOB_20251217T163546174228Z_OXTJPZZVZZFC;17:50
SOB_20251217T163546174339Z_EX35FJI52FAB;20:14
SOB_20251217T163546174447Z_CKFN2TO7FJHC;07:33
SOB_20251217T163546174555Z_EWWJJT2RJRFU;10:55
SOB_20251217T163546174675Z_RIZ6UI6WMREY;14:17
SOB_20251217T163546174786Z_XIB5Z5PPTBDK;17:29
SOB_20251217T163546174893Z_WEXYA5GVZ5A5;20:41
SOB_20251217T163546175003Z_7VFVVJCAONBS;09:02
SOB_20251217T163546175111Z_C2XJKH5DFVAO;11:33
SOB_20251217T163546175219Z_X6J3LMS3AVCH;14:44
SOB_20251217T163546175337Z_BTVYYC4JONE7;17:55
SOB_20251217T163546175448Z_ZOIPRU7IK5GC;20:16
SOB_20251217T163546175555Z_YNC4OCUTAFCA;08:40
SOB_20251217T163546175665Z_6BUEYUFHPNFD;11:20
SOB_20251217T163546175779Z_BWGUL2RSRFCC;14:35
SOB_20251217T163546175896Z_5REXCQ3WG5HG;17:50
SOB_20251217T163546176006Z_EQMKADQUTVFL;20:15
SOB_20251217T163546176136Z_DODQYTPNHFB7;07:45
SOB_20251217T163546176250Z_HUJOVT3WGJD7;10:22
SOB_20251217T163546176359Z_4KCHW5JILJGW;14:11
SOB_20251217T163546176477Z_QLQEAV43BVGU;17:33
SOB_20251217T163546176595Z_W5B2GAUODVBH;20:55
SOB_20251217T163546176743Z_YZGNUSAP2VET;09:12
SOB_20251217T163546176940Z_34D6OAVZORES;12:44
SOB_20251217T163546177154Z_VCIEHSKQERC6;15:29
SOB_20251217T163546177356Z_X2PH74QPFZAR;18:55
SOB_20251217T163546177588Z_UCGUBSQJUZCG;21:40
SOB_20251217T163546177801Z_STRZBRBAL5FT;08:22
SOB_20251217T163546178000Z_SYQVL4UECVC3;11:44
SOB_20251217T163546178214Z_OHDASWNLNVCX;14:33
SOB_20251217T163546178441Z_WEYKCPAEK5BN;17:55
SOB_20251217T163546178652Z_C35VDJ5UEVGR;20:11
SOB_20251217T163546178787Z_PNGTLW6RKVCE;09:50
SOB_20251217T163546178928Z_U2GKROFUUJB3;12:35
SOB_20251217T163546179061Z_GHFWLIERHJCN;15:17
SOB_20251217T163546179188Z_EWIBMHKGCRCG;18:42
SOB_20251217T163546179352Z_EZB4GMLS45EU;21:15
SOB_20251217T163546179482Z_NWJURVUCGZBM;07:50
SOB_20251217T163546179608Z_APLZR4B5FNHC;11:22
SOB_20251217T163546179736Z_GKLQPSW6TNHH;14:15
SOB_20251217T163546179857Z_EPFTWQTPZBDD;17:44
SOB_20251217T163546179985Z_7SK7RDOR6FHG;20:30
SOB_20251217T163546180111Z_OZCVHVFRHNCX;08:55
SOB_20251217T163546180232Z_VOG7LTQF25HE;12:22
SOB_20251217T163546180351Z_XV24SHKA3VH4;15:33
SOB_20251217T163546180474Z_KXVJ5O44KRF7;18:40
SOB_20251217T163546180593Z_RWQY2SBHVNHB;21:55
SOB_20251217T163546180723Z_C2DUP2XMFFH5;09:33
SOB_20251217T163546180848Z_N6NXV3M2XJGI;12:44
SOB_20251217T163546180971Z_3NPKUHHFXFFG;15:15
SOB_20251217T163546181091Z_OGISJVAXTFCX;18:10
SOB_20251217T163546181214Z_MBWWTEXBQJB2;21:25
SOB_20251217T163546181346Z_DLCZKHGGLJES;08:20
SOB_20251217T163546181467Z_AUJYBUUWANGR;11:55
SOB_20251217T163546181578Z_QQ44CQAW55AK;14:44
SOB_20251217T163546181753Z_R6JGESLZMFFE;17:22
SOB_20251217T163546181960Z_UAV4G5FTMRFC;20:40
SOB_20251217T163546182110Z_45MZXU42SNFE;09:15
SOB_20251217T163546182242Z_H2XDFMZQ6ZG6;12:35
SOB_20251217T163546182367Z_B6R3NMXGXZAR;15:50
SOB_20251217T163546182493Z_36CZAVMFNZBF;18:37
SOB_20251217T163546182623Z_A5ON73C27ZDI;21:14
SOB_20251217T163546182742Z_OWTQREXOENFS;08:44
SOB_20251217T163546182875Z_UUHEX3KH5NGR;11:33
SOB_20251217T163546183056Z_VQ6DSYOUCFCI;14:20
SOB_20251217T163546183359Z_3TOVHP53OBHQ;17:55
SOB_20251217T163546183598Z_MNQNRBGGKVBP;20:33
SOB_20251217T163546183741Z_7UKRSM7ZZBC6;08:55
SOB_20251217T163546183873Z_HXTCN3BMTND4;11:22
SOB_20251217T163546183995Z_TJXFCK4NFFE2;14:44
SOB_20251217T163546184116Z_JYZB6UTSLFAR;17:15
SOB_20251217T163546184239Z_ZEYPXXKUJFBN;20:33
SOB_20251217T163546184360Z_ENAZH36E7BD3;08:20
SOB_20251217T163546184491Z_VKMYXQKI5NCP;11:50
SOB_20251217T163546184615Z_TDIAFUZYDVDF;14:17
SOB_20251217T163546184760Z_DLUC3FZ75NDZ;17:55
SOB_20251217T163546185011Z_75NLLYYBYVBU;20:11
SOB_20251217T163546185254Z_YJRSY6FSSZEC;09:35
SOB_20251217T163546185462Z_CBDBF7VAS5CB;12:40
SOB_20251217T163546185714Z_M5ZTWWKYJNBM;15:18
SOB_20251217T163546185960Z_YCD5LDMAW5BI;18:05
SOB_20251217T163546186182Z_WCPGBBB7HZAU;20:50
SOB_20251217T163546186399Z_4I4GM7IS3JEZ;08:25
SOB_20251217T163546186645Z_PFSBRYD7BNHD;11:12
SOB_20251217T163546186820Z_6E6Z5QTUMJF2;14:33
SOB_20251217T163546186950Z_PAKUAJYQMZDR;17:47
SOB_20251217T163546187086Z_JSBEOJ5DFBGU;20:20
SOB_20251217T163546187225Z_6OXSZP7GNVHO;09:15
SOB_20251217T163546187348Z_2ECEBCLO3VDG;12:40
SOB_20251217T163546187476Z_FRTGXDGJYNFX;15:25
SOB_20251217T163546187615Z_5GXM5KEJVNHJ;18:10
SOB_20251217T163546187736Z_ITYVSZ2UXNGU;20:55
SOB_20251217T163546187855Z_HJ5XLSQL75AE;08:42
SOB_20251217T163546187982Z_PCSKNDLC55AZ;11:17
SOB_20251217T163546188102Z_WDQD4JBMB5HE;14:33
SOB_20251217T163546188228Z_RBALW6I6V5GJ;17:55
SOB_20251217T163546188350Z_IEYUQDXA4VCY;20:30
SOB_20251217T163546188471Z_O5EYFRMMQVBR;08:20
SOB_20251217T163546188588Z_KZKBT6JAJZGS;11:44
SOB_20251217T163546188718Z_O4P4SUDCV5AV;14:11
SOB_20251217T163546188843Z_MMC7KXJDRBD3;17:50
SOB_20251217T163546188962Z_M4BUHBMUBJCX;20:33
SOB_20251217T163546189081Z_VDXNXPYX2FHV;08:10
SOB_20251217T163546189204Z_ND7NVLZLDFCF;11:22
SOB_20251217T163546189323Z_Q7ZTBWCBLZAG;14:55
SOB_20251217T163546189449Z_G7Q7LKPXYBB5;17:20
SOB_20251217T163546189574Z_AE22JW2N3NFO;20:44
SOB_20251217T163546189700Z_BEKHR5M2IZDI;09:10
SOB_20251217T163546189819Z_CJ32654YANAP;12:25
SOB_20251217T163546189942Z_YWYMBPG4TBCW;15:40
SOB_20251217T163546190061Z_LT5GLMOESJGO;18:50
SOB_20251217T163546190187Z_GZ6CHTLC4VC5;21:20
SOB_20251217T163546190312Z_557BSRJUVJFD;08:33
SOB_20251217T163546190443Z_KDGYRUTUFZDY;11:55
SOB_20251217T163546190556Z_7ZEHYX32IZCF;14:20
SOB_20251217T163546190671Z_TKEIVXYRPVCY;17:15
SOB_20251217T163546190792Z_RRW7OBNF6VHO;20:33
SOB_20251217T163546190901Z_RKB5FDUFPRGR;09:50
SOB_20251217T163546191015Z_75Q3EA2FR5CP;12:30
SOB_20251217T163546191128Z_WXIC3ILZM5G4;15:17
SOB_20251217T163546191268Z_ZVJZAANFQRHG;18:55
SOB_20251217T163546191386Z_Q674CMP3PNAS;21:30
SOB_20251217T163546191500Z_FPOWJG2OOBEZ;08:15
SOB_20251217T163546191614Z_DCHQG72POBHR;11:22
SOB_20251217T163546191727Z_DXPIJ2ZANNEP;14:44
SOB_20251217T163546191841Z_2AKIVQBUTFAP;17:20
SOB_20251217T163546191960Z_XWMJSBX7Y5EE;20:55
SOB_20251217T163546192091Z_UQ3ZL3QKVNC4;09:22
SOB_20251217T163546192206Z_PL5RUFNUCNB6;12:10
SOB_20251217T163546192317Z_MFTBWGOOR5DG;15:33
SOB_20251217T163546192427Z_6NPM734RW5AJ;18:05
SOB_20251217T163546192543Z_GJTJCNUCN5FI;21:22
SOB_20251217T163546192664Z_RWRVOUJJMJAA;08:33
SOB_20251217T163546192776Z_H3HRJ2SNVZCI;11:55
SOB_20251217T163546192891Z_P2PI3OFGI5FZ;14:10
SOB_20251217T163546193007Z_XHTKFKPAERCG;17:40
SOB_20251217T163546193117Z_6TZJKBIFZVAJ;20:15
SOB_20251217T163546193241Z_KX2KQOYVZFEV;09:33
SOB_20251217T163546193363Z_HTXSZMZ4FRGI;12:55
SOB_20251217T163546193527Z_DSBYVC5TCREH;15:20
SOB_20251217T163546193759Z_3RDG6FFVWNGO;18:50
SOB_20251217T163546193987Z_DSYQ6FUMZJDR;21:33
SOB_20251217T163546194208Z_JGLW3TJAR5HQ;08:10
SOB_20251217T163546194433Z_BTU7PE5L6JHF;11:25
SOB_20251217T163546194654Z_VUYUGAHD2BE2;14:50
SOB_20251217T163546194859Z_ZR4GYS6YMRCZ;17:33
SOB_20251217T163546195056Z_DAIGHDWNFRHH;20:55
SOB_20251217T163546195334Z_WESAHVW2QZAS;09:40
SOB_20251217T163546195507Z_7NF36Z66ABEQ;12:22
SOB_20251217T163546195633Z_OGR23QAPVFAI;15:55
SOB_20251217T163546195790Z_F4KRPZNBWBC3;18:30
SOB_20251217T163546195927Z_SDLTA4C4TRBV;21:15
SOB_20251217T163546196048Z_TKSUPS6CUBAT;08:50
SOB_20251217T163546196182Z_MLC7UHSRLNGR;11:33
SOB_20251217T163546196310Z_2EDKZG6HI5HL;14:55
SOB_20251217T163546196432Z_BNKPCSSDANGE;17:20
SOB_20251217T163546196555Z_DFPA43EKPZB5;20:33
SOB_20251217T163546196682Z_D6QY43JHJNGB;08:15
SOB_20251217T163546196813Z_HD5ZW7HWZJBN;11:50
SOB_20251217T163546196933Z_FYQ4XLPPA5FW;14:22
SOB_20251217T163546197057Z_DQLKXPN7JNCB;17:10
SOB_20251217T163546197177Z_CW5SE34KZZF3;20:44
SOB_20251217T163546197296Z_KTBVSTH7F5DI;08:22
SOB_20251217T163546197420Z_E2FTDQ7X4RFV;11:17
SOB_20251217T163546197547Z_BWUXWKNJXVBE;14:50
SOB_20251217T163546197715Z_GPU742QM7FHR;17:33
SOB_20251217T163546197861Z_PLOQY56FWND5;20:55
SOB_20251217T163546197984Z_EHC6B5KPPFAJ;08:10
SOB_20251217T163546198156Z_DNWH7PIQXNHB;11:25
SOB_20251217T163546198291Z_M6P7WDWIDRA5;14:50
SOB_20251217T163546198411Z_DEQBVE7R4RDQ;17:33
SOB_20251217T163546198530Z_KXJPAJJ3I5BF;20:55
SOB_20251217T163546198656Z_VIS3PKJ5YJHD;08:22
SOB_20251217T163546198777Z_3PT4UNZWT5D6;11:17
SOB_20251217T163546198900Z_XXNHZRAIMBEL;14:50
SOB_20251217T163546199021Z_IKNHQMOATNFK;17:33
SOB_20251217T163546199146Z_AF7XPEV2QNEI;20:55
SOB_20251217T163546199265Z_7EWTB5F6UBEX;09:10
SOB_20251217T163546199387Z_OZDQVWX7PJB4;12:22
SOB_20251217T163546199514Z_Y4DCYQOTPVEH;15:50
SOB_20251217T163546199638Z_RGD5XVCMJ5FZ;18:33
SOB_20251217T163546199757Z_35YC2C6KWZBK;21:55
SOB_20251217T163546199882Z_6S4D2TZDYNHD;08:15
SOB_20251217T163546200002Z_BVJU4OVCP5CK;11:33
SOB_20251217T163546200123Z_FXSUJ5F43VDL;14:50
SOB_20251217T163546200254Z_ZKHQ366BPFBH;17:15
SOB_20251217T163546200373Z_PUYIWS65MZDK;20:40
SOB_20251217T163546200491Z_SMARHDYOPNEM;08:22
SOB_20251217T163546200659Z_FL7ONHIMB5FW;11:50
SOB_20251217T163546200781Z_BWNR26IM3JBF;14:17
SOB_20251217T163546200914Z_SOILTWCBOJBU;17:44
SOB_20251217T163546201027Z_XWW65HV2LZE5;20:33
SOB_20251217T163546201141Z_KD6DHVQ65BBF;08:50
SOB_20251217T163546201253Z_WMNNWBZ5WBEZ;11:33
SOB_20251217T163546201370Z_MRQGYQYHLNE3;14:50
SOB_20251217T163546201490Z_F7N7EYPT3FDN;17:33
SOB_20251217T163546201606Z_DWN6DECEX5DF;20:55
SOB_20251217T163546201732Z_BRWBDVBUWZAJ;09:22
SOB_20251217T163546201929Z_4YA3PFIXCFAU;12:10
SOB_20251217T163546202155Z_554SFZBBL5AZ;15:33
SOB_20251217T163546202355Z_PBI4YR6GIBEL;18:05
SOB_20251217T163546202604Z_DMDWZWEW5NEY;21:22
SOB_20251217T163546202846Z_P6JXWI5NJBFW;08:33
SOB_20251217T163546203064Z_SFDUVTYK7BAD;11:55
SOB_20251217T163546203285Z_3BCVO2FQQ5GT;14:10
SOB_20251217T163546203533Z_CXX2TPF5KBEK;17:40
SOB_20251217T163546203725Z_EQG654J33NAN;20:15
SOB_20251217T163546203876Z_GPF4PBGVKZDJ;09:33
SOB_20251217T163546204006Z_DXBCUFQZ3NA2;12:55
SOB_20251217T163546204147Z_JNHYUXDVKNCK;15:20
SOB_20251217T163546204270Z_KDWJVGUZJNG4;18:50
SOB_20251217T163546204400Z_ZHSD5WILPZGR;21:33
SOB_20251217T163546204521Z_MSDYH7U65ZEF;08:10
SOB_20251217T163546204650Z_7QBT5MVBEBH6;11:25
SOB_20251217T163546204776Z_PL7LKUCJIZDX;14:50
SOB_20251217T163546204897Z_WBCSBBDVNBB4;17:33
SOB_20251217T163546205017Z_T6IE7TOMTBFO;20:55
SOB_20251217T163546205148Z_6CZN6SYTTREB;09:22
SOB_20251217T163546205272Z_OSRJ6UTZCFHF;12:10
SOB_20251217T163546205392Z_7TNLMZJDFREA;15:33
SOB_20251217T163546205517Z_WPY76PF7MFFJ;18:05
SOB_20251217T163546205641Z_D7HQS4R72RHR;21:22
SOB_20251217T163546205767Z_QR3D4RVWYZH3;08:33
SOB_20251217T163546205890Z_ONKBLDVJ7FEN;11:55
SOB_20251217T163546206055Z_JUWVRRBEMNFV;14:10
SOB_20251217T163546206178Z_JW5Y452X45DT;17:40
SOB_20251217T163546206307Z_EIE26BFNL5CZ;20:15
SOB_20251217T163546206435Z_NNAF7DAKCZHS;09:33
SOB_20251217T163546206553Z_UYASRISBJRD5;12:55
SOB_20251217T163546206678Z_GFGP6OT5UBGL;15:20
SOB_20251217T163546206800Z_Y2YRJGNAWNFQ;18:50
SOB_20251217T163546206926Z_TGH2H4KWTBA3;21:33
SOB_20251217T163546207039Z_Y2M3N6NEPNHH;08:10
SOB_20251217T163546207166Z_3ZWMH7RMCVDJ;11:25
SOB_20251217T163546207276Z_HX4EQYVL6VBH;14:50
SOB_20251217T163546207389Z_LCBO3HIIXRBB;17:33
SOB_20251217T163546207504Z_JMDVVIASHBAG;20:55
SOB_20251217T163546207625Z_UJHRJR3CRJFS;09:22
SOB_20251217T163546207742Z_N3E2X247ERCO;12:10
SOB_20251217T163546207862Z_LRJ5QTUIAFFT;15:33
SOB_20251217T163546207973Z_2NAY3S24ANCM;18:05
SOB_20251217T163546208105Z_5BZNAHVF5VDT;21:22
SOB_20251217T163546208226Z_BVGNL4MM5NGA;08:33
SOB_20251217T163546208347Z_V7K3KJF4RVBP;11:55
SOB_20251217T163546208457Z_ZXTDHQ6IMVDC;14:10
SOB_20251217T163546208567Z_RJFNQXKPWBGU;17:40
SOB_20251217T163546208688Z_C7FFWCZWYZCS;20:15
SOB_20251217T163546208799Z_IE6PJ44SVREV;09:33
SOB_20251217T163546208908Z_ALFEI74ILJC6;12:55
SOB_20251217T163546209030Z_EPVCXGZJX5DO;15:20
SOB_20251217T163546209142Z_RSXPTN2EFBEJ;18:50
SOB_20251217T163546209253Z_CMOIYN6W2RC6;21:33
SOB_20251217T163546209373Z_MLM6T37NUJAL;08:10
SOB_20251217T163546209485Z_NJ57HS52WBD5;11:25
SOB_20251217T163546209603Z_U5ZF2VROJNGJ;14:50
SOB_20251217T163546209721Z_2O7E3ROX7BFY;17:33
SOB_20251217T163546209830Z_XDBU4QLK3ND7;20:55
SOB_20251217T163546209948Z_UGPOIUCMVZGK;09:22
SOB_20251217T163546210120Z_FIRMEN25GVBU;12:10
SOB_20251217T163546210352Z_IVGVWWFQYZHU;15:33
SOB_20251217T163546210568Z_A6CGFJ7NSNGV;18:05
SOB_20251217T163546210778Z_6YQBBTRYJRAK;21:22
SOB_20251217T163546210994Z_K2W2EXLL4RDX;08:33
SOB_20251217T163546211199Z_X766BXFGBNCK;11:55
SOB_20251217T163546211390Z_ZAJW5JU37VDD;14:10
SOB_20251217T163546211634Z_ALRZTIFBANGY;17:40
SOB_20251217T163546211893Z_YON5J4OW5BEV;20:15

