Assignment_ID;Status;Time_Stamp
AID_20251219T115215649936Z_P25XPQTBSZEZ;OPEN;19-12-2025 11:52
AID_20251219T115215665393Z_Y4UBJ7IEAJE6;OPEN;19-12-2025 11:52
AID_20251219T115215682990Z_VWKPSYLVRVF5;OPEN;19-12-2025 11:52
AID_20251219T115215701291Z_HSAF3UA5NNAI;OPEN;19-12-2025 11:52
AID_20251219T115215718747Z_3WEXE2Z42BEH;OPEN;19-12-2025 11:52
AID_20251219T115215736505Z_KUKGEUKYUNDV;OPEN;19-12-2025 11:52
AID_20251219T115215753542Z_774DNFMASFF4;OPEN;19-12-2025 11:52
AID_20251219T115215771922Z_VFKSJDYZ4NAX;OPEN;19-12-2025 11:52
AID_20251219T115215787635Z_TLX5Y537JRCV;OPEN;19-12-2025 11:52
AID_20251219T115215805027Z_QUATSC4ULJHQ;OPEN;19-12-2025 11:52
AID_20251219T115215823321Z_MIZC37V3MBAU;OPEN;19-12-2025 11:52
AID_20251219T115215840224Z_ZYN73ABNWNB4;OPEN;19-12-2025 11:52
AID_20251219T115215859832Z_EFR6SSZ3EVGM;OPEN;19-12-2025 11:52
AID_20251219T115215877462Z_EU6X23YBBZEL;OPEN;19-12-2025 11:52
AID_20251219T115215897416Z_IV3OUWRIRRCB;OPEN;19-12-2025 11:52
AID_20251219T115215918871Z_WOVEEKELSNCO;OPEN;19-12-2025 11:52
AID_20251219T115215942545Z_6UAN2BQ55VF4;OPEN;19-12-2025 11:52
AID_20251219T115215962919Z_7HSWJLFPBREB;OPEN;19-12-2025 11:52
AID_20251219T115215981758Z_C3DSXGMJTBHS;OPEN;19-12-2025 11:52
AID_20251219T115216004389Z_RTJE74BW2JCD;OPEN;19-12-2025 11:52
AID_20251219T115216024860Z_LDQQ5IFUEFCH;OPEN;19-12-2025 11:52
AID_20251219T115216043647Z_V6OJJO4EMJEQ;OPEN;19-12-2025 11:52
AID_20251219T115216063438Z_YU5WT2BRCFDU;OPEN;19-12-2025 11:52
AID_20251219T115216084469Z_A2PUAG63SRCU;OPEN;19-12-2025 11:52
AID_20251219T115216104495Z_3RA52YDFWNEH;OPEN;19-12-2025 11:52
AID_20251219T115216123758Z_JIMN6R7ALREP;OPEN;19-12-2025 11:52
AID_20251219T115216144472Z_MYJ7YE67OFEF;OPEN;19-12-2025 11:52
AID_20251219T115216162526Z_7QZJFTMZEJHG;OPEN;19-12-2025 11:52
AID_20251219T115216182243Z_3PAKDRJIPFGI;OPEN;19-12-2025 11:52
AID_20251219T115216206952Z_AV6KAGJIRNDF;OPEN;19-12-2025 11:52
AID_20251219T115216300466Z_MM22TBFVWJGW;OPEN;19-12-2025 11:52
AID_20251219T115216355442Z_SWIVE7SBHNEF;OPEN;19-12-2025 11:52
AID_20251219T115216408315Z_4MIVQFK2GBD4;OPEN;19-12-2025 11:52
AID_20251219T115216429999Z_KDJMESJ3P5GL;OPEN;19-12-2025 11:52
AID_20251219T115216451063Z_S3SMYZI6DVBA;OPEN;19-12-2025 11:52
AID_20251219T115216469008Z_PVZY4YPY2JH3;OPEN;19-12-2025 11:52
AID_20251219T115216490851Z_ER7BXO5WF5AU;OPEN;19-12-2025 11:52
AID_20251219T115216509586Z_FWZ6R5ZHJJAR;OPEN;19-12-2025 11:52
AID_20251219T115216527855Z_SHXTTVAIJRAX;OPEN;19-12-2025 11:52
AID_20251219T115216547085Z_PK67O5UDK5B7;OPEN;19-12-2025 11:52
AID_20251219T115216569895Z_SHDL4GA7KFHU;OPEN;19-12-2025 11:52
AID_20251219T115216590002Z_547IR5GMHVGA;OPEN;19-12-2025 11:52
AID_20251219T115216609911Z_V6KFVLLHL5BS;OPEN;19-12-2025 11:52
AID_20251219T115216630139Z_CN7YID6RN5DG;OPEN;19-12-2025 11:52
AID_20251219T115216652042Z_HSDYOFU3X5AI;OPEN;19-12-2025 11:52
AID_20251219T115216672850Z_DRPAEQYDJVET;OPEN;19-12-2025 11:52
AID_20251219T115216694160Z_VUTNKKUNNRAF;OPEN;19-12-2025 11:52
AID_20251219T115216714074Z_2C5RLKKJGNAZ;OPEN;19-12-2025 11:52
AID_20251219T115216733486Z_4XNVPZHQMVGW;OPEN;19-12-2025 11:52
AID_20251219T115216758129Z_R5RDH2MGCNHJ;OPEN;19-12-2025 11:52
AID_20251219T115216781990Z_FVSFLJWRV5EB;OPEN;19-12-2025 11:52
AID_20251219T115216806958Z_ENFAEYEKWNE3;OPEN;19-12-2025 11:52
AID_20251219T115216826943Z_RLGXAXYH3NA7;OPEN;19-12-2025 11:52
AID_20251219T115216849430Z_7PIOUWZ3WRAR;OPEN;19-12-2025 11:52
AID_20251219T115216873240Z_CE6NY3LWCFGY;OPEN;19-12-2025 11:52
AID_20251219T115216894464Z_XKGC2LFJVZGZ;OPEN;19-12-2025 11:52
AID_20251219T115216916493Z_REFKAN6U25BM;OPEN;19-12-2025 11:52
AID_20251219T115216937496Z_PVTMVO4PZRDI;OPEN;19-12-2025 11:52
AID_20251219T115216960913Z_55URNQY34FAY;OPEN;19-12-2025 11:52
AID_20251219T115216987303Z_73BTXTTEP5FB;OPEN;19-12-2025 11:52
AID_20251219T115217010831Z_AUX3G3U7ANGY;OPEN;19-12-2025 11:52
AID_20251219T115217034395Z_MDONFWFEVREP;OPEN;19-12-2025 11:52
AID_20251219T115217056468Z_4WERB6U4CFBA;OPEN;19-12-2025 11:52
AID_20251219T115217078404Z_NLJSCIWXXNGU;OPEN;19-12-2025 11:52
AID_20251219T115217103250Z_VFJWNFP6DJBQ;OPEN;19-12-2025 11:52
AID_20251219T115217126288Z_CLGFVTT5WJC2;OPEN;19-12-2025 11:52
AID_20251219T115217149932Z_5KDMVIFPWNDF;OPEN;19-12-2025 11:52
AID_20251219T115217173600Z_PMLU3FNRSVDJ;OPEN;19-12-2025 11:52
AID_20251219T115217199568Z_O7NAB2P2NBBW;OPEN;19-12-2025 11:52
AID_20251219T115217220002Z_VCG7LQK6EFA3;OPEN;19-12-2025 11:52
AID_20251219T115217243703Z_TBH6GIXY6VA2;OPEN;19-12-2025 11:52
AID_20251219T115217267090Z_H7FI4AXBXRHJ;OPEN;19-12-2025 11:52
AID_20251219T115217290262Z_2ZCVMVZ2NZHX;OPEN;19-12-2025 11:52
AID_20251219T115217316749Z_6XBI37NUO5H4;OPEN;19-12-2025 11:52
AID_20251219T115217339987Z_PD2AX4JZQRF7;OPEN;19-12-2025 11:52
AID_20251219T115217367486Z_C2SPEXU6SRBI;OPEN;19-12-2025 11:52
AID_20251219T115217388965Z_UATMNCU5ZJA5;OPEN;19-12-2025 11:52
AID_20251219T115217408899Z_K5RAX4OJD5DA;OPEN;19-12-2025 11:52
AID_20251219T115217429381Z_SBWGJ6UO2ZH4;OPEN;19-12-2025 11:52
AID_20251219T115217451663Z_7KJD45JRLVGK;OPEN;19-12-2025 11:52
AID_20251219T115217483367Z_R7PCZJCVMRHE;OPEN;19-12-2025 11:52
AID_20251219T115217505963Z_JGJQUGGLEVEO;OPEN;19-12-2025 11:52
AID_20251219T115217528975Z_ZUBFUUBGUVA2;OPEN;19-12-2025 11:52
AID_20251219T115217555578Z_VY54RAPMPRC6;OPEN;19-12-2025 11:52
AID_20251219T115217580292Z_CANOQ7USURDX;OPEN;19-12-2025 11:52
AID_20251219T115217606537Z_3IYXHYLQSJH4;OPEN;19-12-2025 11:52
AID_20251219T115217629505Z_MVKLS2XICZBH;OPEN;19-12-2025 11:52
AID_20251219T115217650602Z_AHC7SZ5ZK5BG;OPEN;19-12-2025 11:52
AID_20251219T115217678078Z_SJU7SOKJQ5AY;OPEN;19-12-2025 11:52
AID_20251219T115217705495Z_NCLMLC6QZBAX;OPEN;19-12-2025 11:52
AID_20251219T115217741799Z_IJNAVGJV6FHP;OPEN;19-12-2025 11:52
AID_20251219T115217770584Z_NSDVPLNE35BE;OPEN;19-12-2025 11:52
AID_20251219T115217798411Z_NNQIOURC3VHL;OPEN;19-12-2025 11:52
AID_20251219T115217823628Z_S2FV6O4NDVGN;OPEN;19-12-2025 11:52
AID_20251219T115217847614Z_UC674WQLOJHB;OPEN;19-12-2025 11:52
AID_20251219T115217872728Z_GZ3KFHWZQRHI;OPEN;19-12-2025 11:52
AID_20251219T115217895218Z_KSPQPZJ2FNFX;OPEN;19-12-2025 11:52
AID_20251219T115217919846Z_J2KZDUWNJJE5;OPEN;19-12-2025 11:52
AID_20251219T115217946602Z_XGXFF2E6PNCQ;OPEN;19-12-2025 11:52
AID_20251219T115217968959Z_XEX7AJJDI5CD;OPEN;19-12-2025 11:52
AID_20251219T115217994160Z_4FBQVQDTY5AU;OPEN;19-12-2025 11:52
AID_20251219T115218023412Z_7W75YIQP2BGO;OPEN;19-12-2025 11:52
AID_20251219T115218048807Z_CBEXLB2ATFEI;OPEN;19-12-2025 11:52
AID_20251219T115218075356Z_DRSWI7KX5RFB;OPEN;19-12-2025 11:52
AID_20251219T115218100723Z_HVYSNV2S7RHR;OPEN;19-12-2025 11:52
AID_20251219T115218132648Z_IKXQC4BCMZGT;OPEN;19-12-2025 11:52
AID_20251219T115218158474Z_7UXNTTQIEND2;OPEN;19-12-2025 11:52
AID_20251219T115218184997Z_7U7MAGW4BVCL;OPEN;19-12-2025 11:52
AID_20251219T115218212722Z_LV6XXGASQZBL;OPEN;19-12-2025 11:52
AID_20251219T115218239451Z_TZ3BHYF2QFGJ;OPEN;19-12-2025 11:52
AID_20251219T115218269134Z_PCTIJX5EQJHC;OPEN;19-12-2025 11:52
AID_20251219T115218298434Z_ZG6I4TV3R5DR;OPEN;19-12-2025 11:52
AID_20251219T115218326987Z_XDV3EMTDMFGO;OPEN;19-12-2025 11:52
AID_20251219T115218359110Z_A6R5IXXEQ5EB;OPEN;19-12-2025 11:52
AID_20251219T115218392010Z_HYS3CAEYO5C4;OPEN;19-12-2025 11:52
AID_20251219T115218421124Z_TZL67H7FDNCI;OPEN;19-12-2025 11:52
AID_20251219T115218447459Z_4PS3GSQLPZCK;OPEN;19-12-2025 11:52
AID_20251219T115218475383Z_NTUAFET3YJAV;OPEN;19-12-2025 11:52
AID_20251219T115218507533Z_RL6YOPOKMVAJ;OPEN;19-12-2025 11:52
AID_20251219T115218533250Z_7LN2BU4A65DP;OPEN;19-12-2025 11:52
AID_20251219T115218565816Z_KTSXFC62LFGC;OPEN;19-12-2025 11:52
AID_20251219T115218593429Z_J5OCPX6VYBFB;OPEN;19-12-2025 11:52
AID_20251219T115218617892Z_V6QYZCOD6JHK;OPEN;19-12-2025 11:52
AID_20251219T115218644777Z_SDVHCHQNA5HE;OPEN;19-12-2025 11:52
AID_20251219T115218670758Z_YR5QJJMOLFBF;OPEN;19-12-2025 11:52
AID_20251219T115218700279Z_GHUWX7YTRVDL;OPEN;19-12-2025 11:52
AID_20251219T115218728069Z_T7SJPBVXGBEB;OPEN;19-12-2025 11:52
AID_20251219T115218756660Z_D4JYNZGJ3NEW;OPEN;19-12-2025 11:52
AID_20251219T115218782344Z_QA5TXA7Y6NGO;OPEN;19-12-2025 11:52
AID_20251219T115218814596Z_5SY2HEL6JNE6;OPEN;19-12-2025 11:52
AID_20251219T115218845006Z_M4QCV6CS6JDG;OPEN;19-12-2025 11:52
AID_20251219T115218873798Z_F4HIPDLRSZF6;OPEN;19-12-2025 11:52
AID_20251219T115218901074Z_DOJOZ532UJAP;OPEN;19-12-2025 11:52
AID_20251219T115218929987Z_RVACR6JFJFEH;OPEN;19-12-2025 11:52
AID_20251219T115218960499Z_KSRHRDCWNNHG;OPEN;19-12-2025 11:52
AID_20251219T115218987919Z_5HSYEKQEJNDM;OPEN;19-12-2025 11:52
AID_20251219T115219012429Z_QKYSCUQ5RNAB;OPEN;19-12-2025 11:52
AID_20251219T115219044546Z_BLIUBT4N2RH5;OPEN;19-12-2025 11:52
AID_20251219T115219071098Z_7LGHGSANTZGG;OPEN;19-12-2025 11:52
AID_20251219T115219100701Z_TJLAO2HSC5DR;OPEN;19-12-2025 11:52
AID_20251219T115219134321Z_XFYF5WBZM5DT;OPEN;19-12-2025 11:52
AID_20251219T115219166302Z_UKQ4NHM3ZVBK;OPEN;19-12-2025 11:52
AID_20251219T115219198264Z_LZNJOTIQWRF3;OPEN;19-12-2025 11:52
AID_20251219T115219225745Z_42G3I3X625A6;OPEN;19-12-2025 11:52
AID_20251219T115219255016Z_KZJBLOMZYBFG;OPEN;19-12-2025 11:52
AID_20251219T115219286117Z_H2VRNZ7T4VDE;OPEN;19-12-2025 11:52
AID_20251219T115219318522Z_3CRZRNLU3VE4;OPEN;19-12-2025 11:52
AID_20251219T115219349461Z_QW27DRK47NBJ;OPEN;19-12-2025 11:52
AID_20251219T115219382507Z_BJJT4FWD7RAB;OPEN;19-12-2025 11:52
AID_20251219T115219410512Z_K4XNI3VS7JH6;OPEN;19-12-2025 11:52
AID_20251219T115219440765Z_QEEQQN76SRE4;OPEN;19-12-2025 11:52
AID_20251219T115219469332Z_ZOI6AS6XH5HC;OPEN;19-12-2025 11:52
AID_20251219T115219495238Z_NK27CRQVWNHK;OPEN;19-12-2025 11:52
AID_20251219T115219523657Z_VOTFIRFFQVEV;OPEN;19-12-2025 11:52
AID_20251219T115219552900Z_KCP5S7PFXFG4;OPEN;19-12-2025 11:52
AID_20251219T115219581676Z_TVUIQYER2ZGU;OPEN;19-12-2025 11:52
AID_20251219T115219611762Z_GEKUK3426NER;OPEN;19-12-2025 11:52
AID_20251219T115219642509Z_PNGHHYQGYVAN;OPEN;19-12-2025 11:52
AID_20251219T115219671275Z_GMFWBPS4DBA2;OPEN;19-12-2025 11:52
AID_20251219T115219702318Z_XK7SGPNWQFC5;OPEN;19-12-2025 11:52
AID_20251219T115219731465Z_FPAM3QFFOVDN;OPEN;19-12-2025 11:52
AID_20251219T115219767373Z_UOHEWMK2PBFA;OPEN;19-12-2025 11:52
AID_20251219T115219798561Z_TG3Z52EPVNDC;OPEN;19-12-2025 11:52
AID_20251219T115219827111Z_JOQ4LGVJO5AV;OPEN;19-12-2025 11:52
AID_20251219T115219854365Z_N7ZKO5ENQNCL;OPEN;19-12-2025 11:52
AID_20251219T115219884731Z_GQLX6YCH7NF3;OPEN;19-12-2025 11:52
AID_20251219T115219917156Z_3LKNHB743ZCQ;OPEN;19-12-2025 11:52
AID_20251219T115219943165Z_N7LKCZDHFBAG;OPEN;19-12-2025 11:52
AID_20251219T115219971222Z_IUP6NYXAUZEO;OPEN;19-12-2025 11:52
AID_20251219T115219998184Z_2ZAXQ6VAHBDJ;OPEN;19-12-2025 11:52
AID_20251219T115220029084Z_GZ7U3BKVLZHR;OPEN;19-12-2025 11:52
AID_20251219T115220057314Z_OV4MOIF4DBF7;OPEN;19-12-2025 11:52
AID_20251219T115220095196Z_UZMHSD572RCU;OPEN;19-12-2025 11:52
AID_20251219T115220126393Z_LG5M4GUVWZH4;OPEN;19-12-2025 11:52
AID_20251219T115220157445Z_D2DXN7UPOFGP;OPEN;19-12-2025 11:52
AID_20251219T115220183895Z_VS4XXPYNSNAH;OPEN;19-12-2025 11:52
AID_20251219T115220218784Z_DN2OPAKFDRDB;OPEN;19-12-2025 11:52
AID_20251219T115220251918Z_NKTIYLXE7RBU;OPEN;19-12-2025 11:52
AID_20251219T115220287747Z_LQEHYGZRLVBE;OPEN;19-12-2025 11:52
AID_20251219T115220317728Z_P72XSJ3PSJDX;OPEN;19-12-2025 11:52
AID_20251219T115220349341Z_VGMWTCSI5FDF;OPEN;19-12-2025 11:52
AID_20251219T115220384950Z_MDFA7ZG4O5BC;OPEN;19-12-2025 11:52
AID_20251219T115220415949Z_KN4OIJLU6RHL;OPEN;19-12-2025 11:52
AID_20251219T115220448448Z_G7OVEJYUIJHR;OPEN;19-12-2025 11:52
AID_20251219T115220483512Z_5DVVHN7A5ZGV;OPEN;19-12-2025 11:52
AID_20251219T115220514514Z_4XXAC7LL4NG2;OPEN;19-12-2025 11:52
AID_20251219T115220549042Z_Z5LVUJGNKNCK;OPEN;19-12-2025 11:52
AID_20251219T115220585093Z_AKOPB6QXVVEY;OPEN;19-12-2025 11:52
AID_20251219T115220613227Z_F7QSP34VSZCN;OPEN;19-12-2025 11:52
AID_20251219T115220638911Z_RZCAZ2ZM2RFN;OPEN;19-12-2025 11:52
AID_20251219T115220666727Z_6TJWUDKMPRDS;OPEN;19-12-2025 11:52
AID_20251219T115220699677Z_I65Y3LI6SVF2;OPEN;19-12-2025 11:52
AID_20251219T115220735681Z_NX3DE4JKEFHC;OPEN;19-12-2025 11:52
AID_20251219T115220769421Z_UJMJC6RKOVEU;OPEN;19-12-2025 11:52
AID_20251219T115220806420Z_ZTRCVSHO3VAJ;OPEN;19-12-2025 11:52
AID_20251219T115220841833Z_MT3HEZHPDJEH;OPEN;19-12-2025 11:52
AID_20251219T115220877406Z_L2C4HBXPSBEE;OPEN;19-12-2025 11:52
AID_20251219T115220915624Z_PJU7YAWOAFDK;OPEN;19-12-2025 11:52
AID_20251219T115220945249Z_6TIMZHUKRRBK;OPEN;19-12-2025 11:52
AID_20251219T115220990569Z_75M2S4BG5RF5;OPEN;19-12-2025 11:52
AID_20251219T115221034487Z_ZKTAXJLZRZEE;OPEN;19-12-2025 11:52
AID_20251219T115221069815Z_X22FOTUOIFAZ;OPEN;19-12-2025 11:52
AID_20251219T115221108067Z_VRCA25C6VFFK;OPEN;19-12-2025 11:52
AID_20251219T115221145153Z_ZYBG7GIJVJC2;OPEN;19-12-2025 11:52
AID_20251219T115221182960Z_N5M2T6MOSZDR;OPEN;19-12-2025 11:52
AID_20251219T115221210615Z_QPBS5JYOLBDR;OPEN;19-12-2025 11:52
AID_20251219T115221245239Z_PN3KBKQLYVGJ;OPEN;19-12-2025 11:52
AID_20251219T115221274680Z_Q7NKYMNO6VGV;OPEN;19-12-2025 11:52
AID_20251219T115221308663Z_4KHRVQGOBRGN;OPEN;19-12-2025 11:52
AID_20251219T115221338907Z_2GU27HLBUZFC;OPEN;19-12-2025 11:52
AID_20251219T115221369175Z_REGEGUBLLRAT;OPEN;19-12-2025 11:52
AID_20251219T115221399575Z_6JOPGTK54JBK;OPEN;19-12-2025 11:52
AID_20251219T115221431664Z_HXO6VIKLNZEX;OPEN;19-12-2025 11:52
AID_20251219T115221461244Z_5OJYVA7NUFD3;OPEN;19-12-2025 11:52
AID_20251219T115221496550Z_B5FPAOXXYVBU;OPEN;19-12-2025 11:52
AID_20251219T115221523549Z_JHMNGNZ57ZHM;OPEN;19-12-2025 11:52
AID_20251219T115221563776Z_NFRKDAKG2RCM;OPEN;19-12-2025 11:52
AID_20251219T115221596984Z_AMT3IYKLR5BS;OPEN;19-12-2025 11:52
AID_20251219T115221628622Z_Q5N626KXVNCB;OPEN;19-12-2025 11:52
AID_20251219T115221662369Z_OYMK2WAZ45GA;OPEN;19-12-2025 11:52
AID_20251219T115221701320Z_J2ZFVZRHIJBN;OPEN;19-12-2025 11:52
AID_20251219T115221733506Z_ZFOHQYWP35BA;OPEN;19-12-2025 11:52
AID_20251219T115221769658Z_AL25APKKRJGV;OPEN;19-12-2025 11:52
AID_20251219T115221798141Z_YS4AFZXL3NG2;OPEN;19-12-2025 11:52
AID_20251219T115221833435Z_OTDXSM2SBNAK;OPEN;19-12-2025 11:52
AID_20251219T115221866767Z_UKPAABTJYJAT;OPEN;19-12-2025 11:52
AID_20251219T115221904896Z_ZSR4LKDB7NBL;OPEN;19-12-2025 11:52
AID_20251219T115221944738Z_2WDSRMBTURGR;OPEN;19-12-2025 11:52
AID_20251219T115221978346Z_SSKJ26YGVVD6;OPEN;19-12-2025 11:52
AID_20251219T115222010813Z_63CN4B56Y5CQ;OPEN;19-12-2025 11:52
AID_20251219T115222048380Z_CICLGHISDVA7;OPEN;19-12-2025 11:52
AID_20251219T115222085175Z_M2LNO6JVWVF6;OPEN;19-12-2025 11:52
AID_20251219T115222116429Z_G76YTGGYOBCF;OPEN;19-12-2025 11:52
AID_20251219T115222152244Z_ZNTTSTXP6BBM;OPEN;19-12-2025 11:52
AID_20251219T115222189482Z_TFNCGHYVLJG4;OPEN;19-12-2025 11:52
AID_20251219T115222221863Z_4KS6LTFS7FCE;OPEN;19-12-2025 11:52
AID_20251219T115222263148Z_YDJ5TQK47BGD;OPEN;19-12-2025 11:52
AID_20251219T115222293120Z_2T6RLCJA7BDS;OPEN;19-12-2025 11:52
AID_20251219T115222326439Z_ROQK7BXJN5CV;OPEN;19-12-2025 11:52
AID_20251219T115222364241Z_NAL7LKDLOFEM;OPEN;19-12-2025 11:52
AID_20251219T115222403992Z_BI7QC74EBBDW;OPEN;19-12-2025 11:52
AID_20251219T115222442260Z_MPLSXG27OZHH;OPEN;19-12-2025 11:52
AID_20251219T115222480947Z_MA4YMSNEA5CU;OPEN;19-12-2025 11:52
AID_20251219T115222513212Z_DEPHACIFP5EE;OPEN;19-12-2025 11:52
AID_20251219T115222549261Z_F3UEZ4SZOZHO;OPEN;19-12-2025 11:52
AID_20251219T115222584574Z_MW3V3IP7VRHX;OPEN;19-12-2025 11:52
AID_20251219T115222623597Z_E5LL5QFCWZF6;OPEN;19-12-2025 11:52
AID_20251219T115222662243Z_UXLUQQV2FBCI;OPEN;19-12-2025 11:52
AID_20251219T115222699482Z_YABPTIYCHVAC;OPEN;19-12-2025 11:52
AID_20251219T115222740261Z_2HLOWHLCCVHP;OPEN;19-12-2025 11:52
AID_20251219T115222771931Z_QB6AAPAOKNBM;OPEN;19-12-2025 11:52
AID_20251219T115222810845Z_ZN4HUSTE5VA6;OPEN;19-12-2025 11:52
AID_20251219T115222853790Z_SABY2AX5QNHC;OPEN;19-12-2025 11:52
AID_20251219T115222889680Z_2BJGGBR2MJD5;OPEN;19-12-2025 11:52
AID_20251219T115222927459Z_RLEGXALXKZBR;OPEN;19-12-2025 11:52
AID_20251219T115222966112Z_OURYWW47NVF6;OPEN;19-12-2025 11:52
AID_20251219T115223000608Z_LA65XZDOEFEJ;OPEN;19-12-2025 11:52
AID_20251219T115223036412Z_6QOBJDZGCZGG;OPEN;19-12-2025 11:52
AID_20251219T115223072537Z_C4R4OXDJ4JF6;OPEN;19-12-2025 11:52
AID_20251219T115223106561Z_ZBADZV7CEJDO;OPEN;19-12-2025 11:52
AID_20251219T115223142238Z_NRWE6H5VHVE5;OPEN;19-12-2025 11:52
AID_20251219T115223180838Z_ZDV6BR5VYJDP;OPEN;19-12-2025 11:52
AID_20251219T115223216411Z_XLGV3CK56VA5;OPEN;19-12-2025 11:52
AID_20251219T115223255855Z_QB4EPYKO4RED;OPEN;19-12-2025 11:52
AID_20251219T115223292523Z_DNZD225N5ZD7;OPEN;19-12-2025 11:52
AID_20251219T115223333658Z_T3A7GPYKEZDY;OPEN;19-12-2025 11:52
AID_20251219T115223376916Z_T74OYLD54JCY;OPEN;19-12-2025 11:52
AID_20251219T115223412383Z_32MUB32CARA3;OPEN;19-12-2025 11:52
AID_20251219T115223452601Z_PQWEKKL2HNH6;OPEN;19-12-2025 11:52
AID_20251219T115223492338Z_2RI2JAXUZNFU;OPEN;19-12-2025 11:52
AID_20251219T115223528925Z_552A3KC5LJEX;OPEN;19-12-2025 11:52
AID_20251219T115223563455Z_G5I56MFYYVAE;OPEN;19-12-2025 11:52
AID_20251219T115223603121Z_6P3IJ5HANVF3;OPEN;19-12-2025 11:52
AID_20251219T115223643547Z_G6QHLBATGRD7;OPEN;19-12-2025 11:52
AID_20251219T115223682880Z_5OMRTJ4E7VHN;OPEN;19-12-2025 11:52
AID_20251219T115223723906Z_J2SQVV2RVJAF;OPEN;19-12-2025 11:52
AID_20251219T115223755192Z_IWVZEARBY5AR;OPEN;19-12-2025 11:52
AID_20251219T115223793871Z_QMKEAH7LQ5CM;OPEN;19-12-2025 11:52
AID_20251219T115223830842Z_RBK5Q4RE2FFF;OPEN;19-12-2025 11:52
AID_20251219T115223872632Z_NWZP7Q3FSZEE;OPEN;19-12-2025 11:52
AID_20251219T115223920416Z_NW355ENTZNHE;OPEN;19-12-2025 11:52
AID_20251219T115223954560Z_6EVVR5TO4NDS;OPEN;19-12-2025 11:52
AID_20251219T115223998423Z_VUQIZ725FVEV;OPEN;19-12-2025 11:52
AID_20251219T115224036858Z_VHVZFDAOG5EM;OPEN;19-12-2025 11:52
AID_20251219T115224074122Z_ZWEEU3CHOJDB;OPEN;19-12-2025 11:52
AID_20251219T115224120995Z_3HOBKXHJWRBJ;OPEN;19-12-2025 11:52
AID_20251219T115224155508Z_LNBNNY2KFZC7;OPEN;19-12-2025 11:52
AID_20251219T115224192853Z_YAQGSLWS4VAD;OPEN;19-12-2025 11:52
AID_20251219T115224233377Z_WZ2Y2CBJHJHN;OPEN;19-12-2025 11:52
AID_20251219T115224273496Z_MX6SCDMDXFAE;OPEN;19-12-2025 11:52
AID_20251219T115224312905Z_OEOVSYDFINGT;OPEN;19-12-2025 11:52
AID_20251219T115224352955Z_OYJIXCOTLZDA;OPEN;19-12-2025 11:52
AID_20251219T115224394791Z_4G2EMAHEWNAF;OPEN;19-12-2025 11:52
AID_20251219T115224438333Z_J3OWYUHVANFW;OPEN;19-12-2025 11:52
AID_20251219T115224476932Z_YALFJOU4RZGD;OPEN;19-12-2025 11:52
AID_20251219T115224515826Z_L43ED4FLRFGZ;OPEN;19-12-2025 11:52
AID_20251219T115224555957Z_NKQNOIWVNZCX;OPEN;19-12-2025 11:52
AID_20251219T115224596648Z_PCBKXG5BQFGA;OPEN;19-12-2025 11:52
AID_20251219T115224639702Z_277WL7UGQBBV;OPEN;19-12-2025 11:52
AID_20251219T115224678694Z_JARSYM3LDJFY;OPEN;19-12-2025 11:52
AID_20251219T115224722162Z_WPD4HDOG3BB5;OPEN;19-12-2025 11:52
AID_20251219T115224754899Z_2IZHELLDAJAI;OPEN;19-12-2025 11:52
AID_20251219T115224799592Z_H6GHR2CGMVFI;OPEN;19-12-2025 11:52
AID_20251219T115224836739Z_HY2X2S7VLNAE;OPEN;19-12-2025 11:52
AID_20251219T115224875038Z_BFU4CGM6ABG4;OPEN;19-12-2025 11:52
AID_20251219T115224913075Z_JPV3KXLGSFHG;OPEN;19-12-2025 11:52
AID_20251219T115224956796Z_2RZSBHWLJ5AE;OPEN;19-12-2025 11:52
AID_20251219T115224989473Z_OFMI52WQJJGK;OPEN;19-12-2025 11:52
AID_20251219T115225027461Z_4RKIXUOFQRBG;OPEN;19-12-2025 11:52
AID_20251219T115225068845Z_54TYI4W2FJF4;OPEN;19-12-2025 11:52
AID_20251219T115225112354Z_TMPM6JA5WZHV;OPEN;19-12-2025 11:52
AID_20251219T115225152626Z_MOEZG34NYBAQ;OPEN;19-12-2025 11:52
AID_20251219T115225193717Z_CUKBXHK7IJF4;OPEN;19-12-2025 11:52
AID_20251219T115225229714Z_KRW32FTPJNGS;OPEN;19-12-2025 11:52
AID_20251219T115225271238Z_DTI3M34INJAI;OPEN;19-12-2025 11:52
AID_20251219T115225312192Z_5UYJ3KDBOBDD;OPEN;19-12-2025 11:52
AID_20251219T115225350100Z_ERB5BUJPPJDF;OPEN;19-12-2025 11:52
AID_20251219T115225389860Z_PIBQC5TRDRHF;OPEN;19-12-2025 11:52
AID_20251219T115225431709Z_ZISE6VSNC5FU;OPEN;19-12-2025 11:52
AID_20251219T115225474990Z_NV33RCWM2JH2;OPEN;19-12-2025 11:52
AID_20251219T115225515623Z_3R6G43QAX5DS;OPEN;19-12-2025 11:52
AID_20251219T115225560663Z_KGT2JN4BHNDS;OPEN;19-12-2025 11:52
AID_20251219T115225598893Z_6M4MTM4C2BA6;OPEN;19-12-2025 11:52
AID_20251219T115225641807Z_7BBV373LIFCS;OPEN;19-12-2025 11:52
AID_20251219T115225733796Z_74DEL4PIZVAN;OPEN;19-12-2025 11:52
AID_20251219T115225852830Z_PGKM43SBTBFI;OPEN;19-12-2025 11:52
AID_20251219T115225975148Z_SWACE575KVAS;OPEN;19-12-2025 11:52
AID_20251219T115226083844Z_KVOFTKAI45CQ;OPEN;19-12-2025 11:52
AID_20251219T115226239207Z_7YSHXBBLQNG3;OPEN;19-12-2025 11:52
AID_20251219T115226400778Z_PPN5NMSHU5HY;OPEN;19-12-2025 11:52
AID_20251219T115226501620Z_W5PTJYV3PNGT;OPEN;19-12-2025 11:52
AID_20251219T115226590500Z_SOTEECWIKBG5;OPEN;19-12-2025 11:52
AID_20251219T115226691615Z_FBYEUB5QCVDK;OPEN;19-12-2025 11:52
AID_20251219T115226839714Z_HRA2WN4F3NCD;OPEN;19-12-2025 11:52
AID_20251219T115226977515Z_5R42MVEV6JGV;OPEN;19-12-2025 11:52
AID_20251219T115227035068Z_DRRU3VKTBVA6;OPEN;19-12-2025 11:52
AID_20251219T115227086762Z_3OPTP2OMYBBT;OPEN;19-12-2025 11:52
AID_20251219T115227137186Z_NZU6G2TMZBE4;OPEN;19-12-2025 11:52
AID_20251219T115227187700Z_PMPSFEZQWFER;OPEN;19-12-2025 11:52
AID_20251219T115227224264Z_PNYAJXFEFNA6;OPEN;19-12-2025 11:52
AID_20251219T115227271738Z_5JZO33CKQREH;OPEN;19-12-2025 11:52
AID_20251219T115227310063Z_EO3GWWPLCRE2;OPEN;19-12-2025 11:52
AID_20251219T115227352683Z_IIDSOPYPL5AD;OPEN;19-12-2025 11:52
AID_20251219T115227394282Z_RFEILD4RPRFM;OPEN;19-12-2025 11:52
AID_20251219T115227431545Z_V4KTABCVAVEB;OPEN;19-12-2025 11:52
AID_20251219T115227477543Z_BMOCPVONBFAI;OPEN;19-12-2025 11:52
AID_20251219T115227521579Z_HVMF256GLRGP;OPEN;19-12-2025 11:52
AID_20251219T115227566754Z_MJ357XWHQ5EZ;OPEN;19-12-2025 11:52
AID_20251219T115227614092Z_ZTELD4QET5EK;OPEN;19-12-2025 11:52
AID_20251219T115227656782Z_2MFREJRVGFAM;OPEN;19-12-2025 11:52
AID_20251219T115227700358Z_WJBCYBK5WVGF;OPEN;19-12-2025 11:52
AID_20251219T115227769348Z_4P2WREA6LRCR;OPEN;19-12-2025 11:52
AID_20251219T115227812069Z_6TVNRYDNDRAV;OPEN;19-12-2025 11:52
AID_20251219T115227860856Z_E35QDKL6PFB4;OPEN;19-12-2025 11:52
AID_20251219T115227901432Z_X4JEPSMOEFF5;OPEN;19-12-2025 11:52
AID_20251219T115227945080Z_4VRMFRX2MJAM;OPEN;19-12-2025 11:52
AID_20251219T115227994463Z_NRZL3XH4ZVAV;OPEN;19-12-2025 11:52
AID_20251219T115228033700Z_R4DRZKLU2FEW;OPEN;19-12-2025 11:52
AID_20251219T115228074701Z_7CW72J4QQVGK;OPEN;19-12-2025 11:52
AID_20251219T115228122013Z_2ZZ5WPJNNVDO;OPEN;19-12-2025 11:52
AID_20251219T115228164335Z_JE44B2KTYNGR;OPEN;19-12-2025 11:52
AID_20251219T115228209023Z_MD5K333LIBGI;OPEN;19-12-2025 11:52
AID_20251219T115228249948Z_Y7YWZVR67BCW;OPEN;19-12-2025 11:52
AID_20251219T115228294999Z_5DLCOGSNGFBK;OPEN;19-12-2025 11:52
AID_20251219T115228337603Z_WR3TTJK37FH4;OPEN;19-12-2025 11:52
AID_20251219T115228380333Z_F4BWY23L6JED;OPEN;19-12-2025 11:52
AID_20251219T115228423083Z_CAZ5KWRSJFBW;OPEN;19-12-2025 11:52
AID_20251219T115228470848Z_6PYFXRZJBBHQ;OPEN;19-12-2025 11:52
AID_20251219T115228518105Z_BUQOR7F5S5GO;OPEN;19-12-2025 11:52
AID_20251219T115228567924Z_G3WAMESU7JH2;OPEN;19-12-2025 11:52
AID_20251219T115228613887Z_6LCJD5JSNRBU;OPEN;19-12-2025 11:52
AID_20251219T115228654970Z_H7ILOR7ZRRG4;OPEN;19-12-2025 11:52
AID_20251219T115228706943Z_QJNND7Q2QJGY;OPEN;19-12-2025 11:52
AID_20251219T115228753546Z_HT6TNIEDXZAE;OPEN;19-12-2025 11:52
AID_20251219T115228793697Z_PWV4RENAHFC2;OPEN;19-12-2025 11:52
AID_20251219T115228841843Z_5B3QS2HBOJBS;OPEN;19-12-2025 11:52
AID_20251219T115228886585Z_GUEFILMCPZAA;OPEN;19-12-2025 11:52
AID_20251219T115228930125Z_JEONBIZHANBJ;OPEN;19-12-2025 11:52
AID_20251219T115228973962Z_NFQOFXROJZAG;OPEN;19-12-2025 11:52
AID_20251219T115229018209Z_YVHE4NJY5RC2;OPEN;19-12-2025 11:52
AID_20251219T115229066190Z_NNMMOTJWPZDI;OPEN;19-12-2025 11:52
AID_20251219T115229113530Z_QOE2G7T265EC;OPEN;19-12-2025 11:52
AID_20251219T115229164386Z_YBC7OMXHQZDE;OPEN;19-12-2025 11:52
AID_20251219T115229212505Z_EHCA3UCJKJCR;OPEN;19-12-2025 11:52
AID_20251219T115229249669Z_DWF3RYH7UVGC;OPEN;19-12-2025 11:52
AID_20251219T115229295444Z_BFXWHVU7Y5GA;OPEN;19-12-2025 11:52
AID_20251219T115229344666Z_RMUM5OL7MNFC;OPEN;19-12-2025 11:52
AID_20251219T115229386981Z_OO3B3FTBUVBQ;OPEN;19-12-2025 11:52
AID_20251219T115229431422Z_6OHPHRXQIBF3;OPEN;19-12-2025 11:52
AID_20251219T115229471560Z_RVJPEE7YVNDV;OPEN;19-12-2025 11:52
AID_20251219T115229516383Z_S4JKOI6MEBDP;OPEN;19-12-2025 11:52
AID_20251219T115229558771Z_Y6NZATN5TVH2;OPEN;19-12-2025 11:52
AID_20251219T115229604564Z_N5B4U5X7CZFW;OPEN;19-12-2025 11:52
AID_20251219T115229649923Z_BCSD4OSYCFCO;OPEN;19-12-2025 11:52
AID_20251219T115229699213Z_SOKNLOBZPJFH;OPEN;19-12-2025 11:52
AID_20251219T115229746799Z_2S6NJ5XWRBC5;OPEN;19-12-2025 11:52
AID_20251219T115229791524Z_2HG45WWNLVEB;OPEN;19-12-2025 11:52
AID_20251219T115229839690Z_FONNF3CTKRCJ;OPEN;19-12-2025 11:52
AID_20251219T115229884798Z_NOI2D3PV6FDA;OPEN;19-12-2025 11:52
AID_20251219T115229935756Z_KH5RY7YGRFGD;OPEN;19-12-2025 11:52
AID_20251219T115229989055Z_XKHNEPM46ZFP;OPEN;19-12-2025 11:52
AID_20251219T115230032282Z_6CTOUR4D6NGQ;OPEN;19-12-2025 11:52
AID_20251219T115230078484Z_6P7ZECRCQJD5;OPEN;19-12-2025 11:52
AID_20251219T115230121925Z_WMBCBKJ4VZDC;OPEN;19-12-2025 11:52
AID_20251219T115230168637Z_UL3TBJ5KD5EM;OPEN;19-12-2025 11:52
AID_20251219T115230209472Z_ODNHAT55NNCY;OPEN;19-12-2025 11:52
AID_20251219T115230255379Z_AIUNVLXH7VEA;OPEN;19-12-2025 11:52
AID_20251219T115230299903Z_HV3QG7AR7RDC;OPEN;19-12-2025 11:52
AID_20251219T115230339937Z_KPJJ7MUFUFD5;OPEN;19-12-2025 11:52
AID_20251219T115230385471Z_24EUEPMOGZBV;OPEN;19-12-2025 11:52
AID_20251219T115230433534Z_4K2I36HSJRD6;OPEN;19-12-2025 11:52
AID_20251219T115230481734Z_3D3EXBQNLNFJ;OPEN;19-12-2025 11:52
AID_20251219T115230529877Z_LDCNDSJK2FHF;OPEN;19-12-2025 11:52
AID_20251219T115230577731Z_Z46ERIDIT5ED;OPEN;19-12-2025 11:52
AID_20251219T115230627388Z_WFEZFYN3W5HA;OPEN;19-12-2025 11:52
AID_20251219T115230676382Z_TFVC2PLHKZBU;OPEN;19-12-2025 11:52
AID_20251219T115230720653Z_ZKAV342HQVHV;OPEN;19-12-2025 11:52
AID_20251219T115230772755Z_B3G6JVSYWRCP;OPEN;19-12-2025 11:52
AID_20251219T115230823129Z_7PAIF26DYJDQ;OPEN;19-12-2025 11:52
AID_20251219T115230868689Z_57IYXXFRDJHA;OPEN;19-12-2025 11:52
AID_20251219T115230920670Z_6H64352KNJCE;OPEN;19-12-2025 11:52
AID_20251219T115230967769Z_WLTLXZFGO5CD;OPEN;19-12-2025 11:52
AID_20251219T115231014634Z_VL23IG7KINBM;OPEN;19-12-2025 11:52
AID_20251219T115231062628Z_VZKUXGK2HNGE;OPEN;19-12-2025 11:52
AID_20251219T115231111057Z_Q5ZC5WBRLNFP;OPEN;19-12-2025 11:52
AID_20251219T115231157591Z_HVBOOAECNRA2;OPEN;19-12-2025 11:52
AID_20251219T115231206962Z_QACKJCHRZVCF;OPEN;19-12-2025 11:52
AID_20251219T115231254221Z_DYB6WSS2FZC5;OPEN;19-12-2025 11:52
AID_20251219T115231294778Z_FRPFEXURGNEQ;OPEN;19-12-2025 11:52
AID_20251219T115231345964Z_F6OPJCHZKRFP;OPEN;19-12-2025 11:52
AID_20251219T115231391663Z_ZQ6N3VUZ55EG;OPEN;19-12-2025 11:52
AID_20251219T115231440892Z_ZQHAQWTOYZC6;OPEN;19-12-2025 11:52
AID_20251219T115231488282Z_5G2VAEQYHNCQ;OPEN;19-12-2025 11:52
AID_20251219T115231537785Z_OT7LB4ZZANFC;OPEN;19-12-2025 11:52
AID_20251219T115231581225Z_IM7CM6J7MBEX;OPEN;19-12-2025 11:52
AID_20251219T115231622246Z_AKNRZXACJNEP;OPEN;19-12-2025 11:52
AID_20251219T115231672916Z_WG76MWDTFBD5;OPEN;19-12-2025 11:52
AID_20251219T115231719162Z_GP2D7K2ZD5GV;OPEN;19-12-2025 11:52
AID_20251219T115231766220Z_ON5VFPFH45FD;OPEN;19-12-2025 11:52
AID_20251219T115231812078Z_AN4NPMJK4RBH;OPEN;19-12-2025 11:52
AID_20251219T115231868093Z_SU6KDWU3KVGQ;OPEN;19-12-2025 11:52
AID_20251219T115231920473Z_XEOHDY34YFF4;OPEN;19-12-2025 11:52
AID_20251219T115231975231Z_A6GMROMJYBD6;OPEN;19-12-2025 11:52
AID_20251219T115232031556Z_7AQ4NEM2TFEG;OPEN;19-12-2025 11:52
AID_20251219T115232084139Z_I2IURXRTNFCO;OPEN;19-12-2025 11:52
AID_20251219T115232135690Z_IXYH5ZHUCVBF;OPEN;19-12-2025 11:52
AID_20251219T115232183547Z_HGCYCLPCTZFD;OPEN;19-12-2025 11:52
AID_20251219T115232229062Z_76E7LON2ONHX;OPEN;19-12-2025 11:52
AID_20251219T115232276092Z_GIRKNWJ35JEW;OPEN;19-12-2025 11:52
AID_20251219T115232324189Z_RLGBDAZ5LNBX;OPEN;19-12-2025 11:52
AID_20251219T115232372624Z_TBGDCP3YK5CE;OPEN;19-12-2025 11:52
AID_20251219T115232422884Z_QY4MOWVZEBAC;OPEN;19-12-2025 11:52
AID_20251219T115232465896Z_PNJASCW5GFED;OPEN;19-12-2025 11:52
AID_20251219T115232512555Z_2GXGY2COJZGC;OPEN;19-12-2025 11:52
AID_20251219T115232563323Z_E53QONGCHFAN;OPEN;19-12-2025 11:52
AID_20251219T115232615847Z_AZA425MJ4FDR;OPEN;19-12-2025 11:52
AID_20251219T115232668693Z_7SAHYF4L6BFU;OPEN;19-12-2025 11:52
AID_20251219T115232723785Z_I6TBGMJHHVAH;OPEN;19-12-2025 11:52
AID_20251219T115232777071Z_7B6NZNUAC5AX;OPEN;19-12-2025 11:52
AID_20251219T115232835148Z_4MKAY6IYLBFS;OPEN;19-12-2025 11:52
AID_20251219T115232884021Z_WEBUQC54RRHA;OPEN;19-12-2025 11:52
AID_20251219T115232941949Z_NUTUPFIZVJA3;OPEN;19-12-2025 11:52
AID_20251219T115232995392Z_GUP3XRBL3VHO;OPEN;19-12-2025 11:52
AID_20251219T115233043037Z_74TVALGIVVBW;OPEN;19-12-2025 11:52
AID_20251219T115233095146Z_XG6YYXVYKZHB;OPEN;19-12-2025 11:52
AID_20251219T115233142952Z_N7IQFDKZPBHE;OPEN;19-12-2025 11:52
AID_20251219T115233193177Z_JRLTXB5CCNEC;OPEN;19-12-2025 11:52
AID_20251219T115233245769Z_AYV74AUUH5HP;OPEN;19-12-2025 11:52
AID_20251219T115233343121Z_ER5HDMYB5ZHR;OPEN;19-12-2025 11:52
AID_20251219T115233468656Z_PEPTRXO54NHI;OPEN;19-12-2025 11:52
AID_20251219T115233525822Z_7HYFHXDACNHX;OPEN;19-12-2025 11:52
AID_20251219T115233575725Z_DZABYAYA6RCE;OPEN;19-12-2025 11:52
AID_20251219T115233621147Z_GIXMRKRWWZDC;OPEN;19-12-2025 11:52
AID_20251219T115233671515Z_Q6JLERJK3FDZ;OPEN;19-12-2025 11:52
AID_20251219T115233741023Z_TLYVHRX7B5AN;OPEN;19-12-2025 11:52
AID_20251219T115233803958Z_KTFHLFWCVVES;OPEN;19-12-2025 11:52
AID_20251219T115233872937Z_HHLZCC5HLBCC;OPEN;19-12-2025 11:52
AID_20251219T115233943142Z_ZO5Y4423EJBV;OPEN;19-12-2025 11:52
AID_20251219T115234016152Z_NUCMTWM3TJG2;OPEN;19-12-2025 11:52
AID_20251219T115234077473Z_TNPGHO4S5JCJ;OPEN;19-12-2025 11:52
AID_20251219T115234145393Z_GUP46ZVCXRB2;OPEN;19-12-2025 11:52
AID_20251219T115234204425Z_SLGS7SYUWRD6;OPEN;19-12-2025 11:52
AID_20251219T115234273263Z_3IKSKHL7BBCL;OPEN;19-12-2025 11:52
AID_20251219T115234339612Z_T54E3H3JRFGN;OPEN;19-12-2025 11:52
AID_20251219T115234417504Z_KT7IBWHHJBHO;OPEN;19-12-2025 11:52
AID_20251219T115234491701Z_FETDBNMZURBN;OPEN;19-12-2025 11:52
AID_20251219T115234567172Z_CCJZL2UETZG6;OPEN;19-12-2025 11:52
AID_20251219T115234637002Z_LU4EKDKFXJGA;OPEN;19-12-2025 11:52
AID_20251219T115234737716Z_PKRPJCBQ6VG7;OPEN;19-12-2025 11:52
AID_20251219T115234838263Z_JRT64L7SQRDU;OPEN;19-12-2025 11:52
AID_20251219T115234912900Z_JUN73BXIE5BE;OPEN;19-12-2025 11:52
AID_20251219T115234992276Z_VD5SCLE2ORFK;OPEN;19-12-2025 11:52
AID_20251219T115235067176Z_DJLSRKIHTRBE;OPEN;19-12-2025 11:52
AID_20251219T115235146378Z_J2ZOCKWWHJCB;OPEN;19-12-2025 11:52
AID_20251219T115235221952Z_HSXXPWAR6FAJ;OPEN;19-12-2025 11:52
AID_20251219T115235297548Z_RNDJ7C5BURFT;OPEN;19-12-2025 11:52
AID_20251219T115235368349Z_73O6G53KQZG3;OPEN;19-12-2025 11:52
AID_20251219T115235430491Z_OT2OJW5B3FBN;OPEN;19-12-2025 11:52
AID_20251219T115235481242Z_S4VC6GYCZFCY;OPEN;19-12-2025 11:52
AID_20251219T115235539636Z_YWSPYORDAZGY;OPEN;19-12-2025 11:52
