SOB_ID;as_code;ring
SOB_20251217T163546138062Z_SGVGAWRLQRE4;TGB101_10mX4196610000Y2989080000Z0;0
SOB_20251217T163546138570Z_RICIOOM7DBBX;TGB101_10mX4197470000Y2988800000Z0;0
SOB_20251217T163546138841Z_UC64XLFVJVCZ;TGB101_10mX4196270000Y2989450000Z0;0
SOB_20251217T163546139045Z_YKVUDV2E75EU;TGB101_10mX4196540000Y2989430000Z0;0
SOB_20251217T163546139217Z_GIDFBGU7UBAF;TGB101_10mX4196770000Y2988540000Z0;0
SOB_20251217T163546139377Z_2IVNSUQTIFA6;TGB101_10mX4197530000Y2988360000Z0;0
SOB_20251217T163546139528Z_YK43ZTRGW5FJ;TGB101_10mX4195720000Y2991080000Z0;0
SOB_20251217T163546139688Z_C2J5CW7S3RFY;TGB101_10mX4196240000Y2990290000Z0;0
SOB_20251217T163546139841Z_7FQEYI6LQFF2;TGB101_10mX4197330000Y2988570000Z0;0
SOB_20251217T163546139994Z_DZRYB7AD3JHA;TGB101_10mX4199490000Y2989060000Z0;0
SOB_20251217T163546140149Z_NQ733A4RGZEX;TGB101_10mX4191850000Y2978970000Z0;0
SOB_20251217T163546140301Z_2Z3JE2MHPJCX;TGB101_10mX4196440000Y2990290000Z0;0
SOB_20251217T163546140501Z_ESEONTNU5VAI;TGB101_10mX4197620000Y2987520000Z0;0
SOB_20251217T163546140711Z_7XYTJMEAXFDG;TGB101_10mX4196640000Y2988930000Z0;0
SOB_20251217T163546140963Z_SHAVY2PVTZFG;TGB101_10mX4198730000Y2986540000Z0;0
SOB_20251217T163546141206Z_CZ4GUDS7CJDT;TGB101_10mX4196730000Y2987760000Z0;0
SOB_20251217T163546141434Z_H6RBAQOTCNBN;TGB101_10mX4197910000Y2988090000Z0;0
SOB_20251217T163546141621Z_OHDJEFNPSVHE;TGB101_10mX4197550000Y2988440000Z0;0
SOB_20251217T163546141776Z_5LTT5ZV4FZAE;TGB101_10mX4197250000Y2988470000Z0;0
SOB_20251217T163546141926Z_OC4CEHDWR5FV;TGB101_10mX4197010000Y2988840000Z0;0
SOB_20251217T163546142085Z_3Y45GBB3WRAG;TGB101_10mX4199330000Y2988970000Z0;0
SOB_20251217T163546142236Z_YMLJUG4IM5AC;TGB101_10mX4197670000Y2988360000Z0;0
SOB_20251217T163546142380Z_BNUXKQSC2FE7;TGB101_10mX4196270000Y2989520000Z0;0
SOB_20251217T163546142529Z_SQAUU54WKBCQ;TGB101_10mX4196120000Y2988950000Z0;0
SOB_20251217T163546142679Z_J4QDUGYXFNBI;TGB101_10mX4196060000Y2989650000Z0;0
SOB_20251217T163546142823Z_TMHFK5ZESBHZ;TGB101_10mX4194720000Y2990830000Z0;0
SOB_20251217T163546142986Z_MU5ENCSWFFBQ;TGB101_10mX4196170000Y2989600000Z0;0
SOB_20251217T163546143139Z_O56T45AOOFDE;TGB101_10mX4195280000Y2988680000Z0;0
SOB_20251217T163546143295Z_QROICQKS65BY;TGB101_10mX4196370000Y2989180000Z0;0
SOB_20251217T163546143455Z_NWFWLI5TJ5FI;TGB101_10mX4196510000Y2989120000Z0;0
SOB_20251217T163546143606Z_PRJ5OVRZSNDH;TGB101_10mX4197130000Y2988880000Z0;0
SOB_20251217T163546143898Z_UWSQ3WYOLNAR;TGB101_10mX4195220000Y2988390000Z0;0
SOB_20251217T163546144144Z_4SXVKSA24BFN;TGB101_10mX4196850000Y2990030000Z0;0
SOB_20251217T163546144347Z_W5TRO7T5SJF3;TGB101_10mX4190570000Y2988090000Z0;0
SOB_20251217T163546144535Z_I3NVPLX4IVAH;TGB101_10mX4196870000Y2989430000Z0;0
SOB_20251217T163546144714Z_7YGSLAQ44BB3;TGB101_10mX4196630000Y2989220000Z0;0
SOB_20251217T163546144915Z_P6FFDFT65NGD;TGB101_10mX4197540000Y2988310000Z0;0
SOB_20251217T163546145102Z_OAR2KKROPJB6;TGB101_10mX4196260000Y2989220000Z0;0
SOB_20251217T163546145271Z_XEHPBYJJERAK;TGB101_10mX4195910000Y2989080000Z0;0
SOB_20251217T163546145438Z_QNAT3ZEYSVER;TGB101_10mX4190190000Y2987300000Z0;0
SOB_20251217T163546145598Z_WQHSVWEGTRC2;TGB101_10mX4197530000Y2986460000Z0;0
SOB_20251217T163546145747Z_IS47NIEHT5HL;TGB101_10mX4197740000Y2987700000Z0;0
SOB_20251217T163546145903Z_L6VZGF3BQVD3;TGB101_10mX4195270000Y2986540000Z0;0
SOB_20251217T163546146053Z_Q3KRMGLCFJCM;TGB101_10mX4194940000Y2990700000Z0;0
SOB_20251217T163546146204Z_IXI2FI2OF5EF;TGB101_10mX4194730000Y2988530000Z0;0
SOB_20251217T163546146350Z_JIJCKTKWMJHI;TGB101_10mX4195990000Y2985210000Z0;0
SOB_20251217T163546146500Z_7QRQYMTZT5FN;TGB101_10mX4190130000Y2988430000Z0;0
SOB_20251217T163546146656Z_YT3NCF77JZDH;TGB101_10mX4196290000Y2999770000Z0;0
SOB_20251217T163546146805Z_MFSF3ZGGQND2;TGB101_10mX4170450000Y2985730000Z0;0
SOB_20251217T163546146953Z_D2TRMSI3VNC2;TGB101_10mX4198390000Y2986710000Z0;0
SOB_20251217T163546147081Z_QPZQ6K2M2NEA;TGB101_10mX4196830000Y2988840000Z0;0
SOB_20251217T163546147208Z_MTDBKQZN7NDT;TGB101_10mX4196390000Y2984710000Z0;0
SOB_20251217T163546147339Z_R57Z3QQ4A5CW;TGB101_10mX4197620000Y2984890000Z0;0
SOB_20251217T163546147466Z_LLO4SXXJK5DX;TGB101_10mX4148050000Y3029940000Z0;0
SOB_20251217T163546147588Z_4FQTDD6HBBEP;TGB101_10mX4201910000Y2979690000Z0;0
SOB_20251217T163546147709Z_KSWRSJTA5JDP;TGB101_10mX4199950000Y2984580000Z0;0
SOB_20251217T163546147840Z_TPW4FUTG7JED;TGB101_10mX4196780000Y2987130000Z0;0
SOB_20251217T163546147963Z_FMD6LBEK4NBD;TGB101_10mX4194160000Y2988650000Z0;0
SOB_20251217T163546148093Z_PXK332BWIBCM;TGB101_10mX4195720000Y2987560000Z0;0
SOB_20251217T163546148220Z_YG4PWL6PEVAP;TGB101_10mX4193950000Y2985360000Z0;0
SOB_20251217T163546148343Z_HTDVFK533ZHQ;TGB101_10mX4192940000Y2990030000Z0;0
SOB_20251217T163546148465Z_VCC2PZWPR5GI;TGB101_10mX4196910000Y2978420000Z0;0
SOB_20251217T163546148586Z_RQEGFV7OI5E4;TGB101_10mX4196380000Y2989470000Z0;0
SOB_20251217T163546148713Z_XYI2H5YQAJD5;TGB101_10mX4196450000Y2989920000Z0;0
SOB_20251217T163546148829Z_U5BWFLAKQJDG;TGB101_10mX4199510000Y2981140000Z0;0
SOB_20251217T163546148962Z_KD57CDIDZRB7;TGB101_10mX4196840000Y2985260000Z0;0
SOB_20251217T163546149083Z_X5SGXQHG6RDF;TGB101_10mX4194860000Y2987410000Z0;0
SOB_20251217T163546149200Z_HMT5EU7KS5CM;TGB101_10mX4194960000Y2991190000Z0;0
SOB_20251217T163546149327Z_OIHOBILDRZAH;TGB101_10mX4194920000Y2989960000Z0;0
SOB_20251217T163546149447Z_MFTMFZX6XZFK;TGB101_10mX4196870000Y2988890000Z0;0
SOB_20251217T163546149564Z_IALECBGIWNF6;TGB101_10mX4196510000Y2989000000Z0;0
SOB_20251217T163546149683Z_Y5LBIL5JOVBP;TGB101_10mX4197540000Y2988210000Z0;0
SOB_20251217T163546149812Z_3VL77AJNBNEW;TGB101_10mX4196960000Y2989310000Z0;0
SOB_20251217T163546149929Z_ZVRCAH5RDFD6;TGB101_10mX4197270000Y2989270000Z0;0
SOB_20251217T163546150051Z_RXG6M43W6RFB;TGB101_10mX4197500000Y2988300000Z0;0
SOB_20251217T163546150171Z_V6RXUJ2SGBFC;TGB101_10mX4196320000Y2990270000Z0;0
SOB_20251217T163546150288Z_BKP3TCM375CY;TGB101_10mX4195340000Y2990390000Z0;0
SOB_20251217T163546150414Z_VMX6O3SHFNFB;TGB101_10mX4186360000Y2980060000Z0;0
SOB_20251217T163546150537Z_IZWBEZXNNNFN;TGB101_10mX4192450000Y2988930000Z0;0
SOB_20251217T163546150660Z_P3TJH4DX2JC5;TGB101_10mX4192250000Y2989160000Z0;0
SOB_20251217T163546150778Z_Z7RYOJYJWVBI;TGB101_10mX4194590000Y2988660000Z0;0
SOB_20251217T163546150895Z_FUOKMVZQVFAW;TGB101_10mX4194610000Y2988620000Z0;0
SOB_20251217T163546151016Z_GJTF4SI4FREE;TGB101_10mX4198380000Y2986320000Z0;0
SOB_20251217T163546151134Z_EH4IX32EH5BL;TGB101_10mX4194010000Y2990090000Z0;0
SOB_20251217T163546151261Z_27ENV442WBGQ;TGB101_10mX4194020000Y2990130000Z0;0
SOB_20251217T163546151389Z_XYYNDNOSIZHV;TGB101_10mX4198750000Y2989870000Z0;0
SOB_20251217T163546151576Z_WP6NTW7UF5DP;TGB101_10mX4190330000Y2988230000Z0;0
SOB_20251217T163546151784Z_X4WW47UKPRHD;TGB101_10mX4201030000Y2979720000Z0;0
SOB_20251217T163546151950Z_OTHBRIYYUFGR;TGB101_10mX4196210000Y2997210000Z0;0
SOB_20251217T163546152079Z_TVUYM6WJLFDC;TGB101_10mX4198770000Y2989910000Z0;0
SOB_20251217T163546152225Z_3VCPKEUY5NAN;TGB101_10mX4195740000Y2987710000Z0;0
SOB_20251217T163546152422Z_SVUMX7ILNRDI;TGB101_10mX4195130000Y2986610000Z0;0
SOB_20251217T163546152554Z_KTF5HV5KIVGP;TGB101_10mX4195370000Y2987140000Z0;0
SOB_20251217T163546152682Z_WDMC4YN3LBEU;TGB101_10mX4181180000Y2968030000Z0;0
SOB_20251217T163546152820Z_FPU3CSBWOBF3;TGB101_10mX4195290000Y2988800000Z0;0
SOB_20251217T163546153020Z_FXOT4ULCZFEQ;TGB101_10mX4194510000Y2988540000Z0;0
SOB_20251217T163546153185Z_3BXWYETABVCY;TGB101_10mX4194650000Y2991510000Z0;0
SOB_20251217T163546153324Z_UHBKSP4QTVDQ;TGB101_10mX4185670000Y2988790000Z0;0
SOB_20251217T163546153459Z_5PN2WX3OE5BU;TGB101_10mX4199330000Y2989010000Z0;0
SOB_20251217T163546153584Z_PC4XAPAHHFE7;TGB101_10mX4194440000Y2989170000Z0;0
SOB_20251217T163546153722Z_LGFA3KSZ5BGF;TGB101_10mX4193180000Y2988720000Z0;0
SOB_20251217T163546153865Z_MQJH6LRTSJDH;TGB101_10mX4192020000Y2988970000Z0;0
SOB_20251217T163546153993Z_D7MAPEVP65DQ;TGB101_10mX4191680000Y2986440000Z0;0
SOB_20251217T163546154119Z_2X7DSLWB6FCY;TGB101_10mX4195070000Y2986930000Z0;0
SOB_20251217T163546154258Z_FE4IX2KOGRBV;TGB101_10mX4194820000Y2979380000Z0;0
SOB_20251217T163546154389Z_YANIXUJ2ABHS;TGB101_10mX4194850000Y2987120000Z0;0
SOB_20251217T163546154517Z_CN4BLZDCCZFH;TGB101_10mX4196890000Y2989810000Z0;0
SOB_20251217T163546154643Z_OFJFZCNMYJCH;TGB101_10mX4199790000Y2980850000Z0;0
SOB_20251217T163546154766Z_CGIIC5VR6RBH;TGB101_10mX4195130000Y2990200000Z0;0
SOB_20251217T163546154894Z_JAMSHDB54ZGZ;TGB101_10mX4197460000Y2988920000Z0;0
SOB_20251217T163546155029Z_PSA7CXKQXBBQ;TGB101_10mX4197290000Y2988560000Z0;0
SOB_20251217T163546155155Z_KAAKVMLJZZC7;TGB101_10mX4195050000Y2979430000Z0;0
SOB_20251217T163546155282Z_RDCJVWC3YRBB;TGB101_10mX4196500000Y2988770000Z0;0
SOB_20251217T163546155410Z_QMCHU2P7TJBQ;TGB101_10mX4199290000Y2987010000Z0;0
SOB_20251217T163546155575Z_BB7KBXPXY5DF;TGB101_10mX4197420000Y2988430000Z0;0
SOB_20251217T163546155699Z_YQ7MDVUPFJA7;TGB101_10mX4197080000Y2989100000Z0;0
SOB_20251217T163546155832Z_CXNLJR4IOJGH;TGB101_10mX4194220000Y2999220000Z0;0
SOB_20251217T163546155959Z_UVKWHX2YZFFB;TGB101_10mX4196800000Y2989610000Z0;0
SOB_20251217T163546156082Z_UP23CXI5DVE4;TGB101_10mX4195560000Y2990440000Z0;0
SOB_20251217T163546156210Z_J6LH3GNSYNFE;TGB101_10mX4196090000Y2989600000Z0;0
SOB_20251217T163546156339Z_NYJ6EA66GJGW;TGB101_10mX4196560000Y2989130000Z0;0
SOB_20251217T163546156472Z_UYTYA3EB6NDM;TGB101_10mX4198940000Y2987390000Z0;0
SOB_20251217T163546156600Z_FPERLN3WXFFN;TGB101_10mX4196440000Y2990290000Z0;0
SOB_20251217T163546156729Z_FSYOGKZBMVE5;TGB101_10mX4196910000Y2988790000Z0;0
SOB_20251217T163546156852Z_KTYCZY5JP5ER;TGB101_10mX4197310000Y2988460000Z0;0
SOB_20251217T163546156974Z_Q5JDCNOBWFGI;TGB101_10mX4196180000Y2989230000Z0;0
SOB_20251217T163546157110Z_GH37JAA26ZCE;TGB101_10mX4196550000Y2988880000Z0;0
SOB_20251217T163546157233Z_GQY3BVQH4RD4;TGB101_10mX4196480000Y2989330000Z0;0
SOB_20251217T163546157362Z_RGMJHDY62NFI;TGB101_10mX4195100000Y2997980000Z0;0
SOB_20251217T163546157518Z_SYCHMB3ZBVBQ;TGB101_10mX4171270000Y2984260000Z0;0
SOB_20251217T163546157639Z_IKO3CRKCSVEW;TGB101_10mX4195270000Y2986820000Z0;0
SOB_20251217T163546157765Z_4LV5SLXTVJF5;TGB101_10mX4192470000Y2989030000Z0;0
SOB_20251217T163546157890Z_MDJW6LOP5VHT;TGB101_10mX4190250000Y2987970000Z0;0
SOB_20251217T163546158010Z_F73H7O6PRFGW;TGB101_10mX4190430000Y2987350000Z0;0
SOB_20251217T163546158129Z_DQKHPIO2A5H6;TGB101_10mX4190740000Y2988460000Z0;0
SOB_20251217T163546158253Z_OOE3PR7THRHJ;TGB101_10mX4189530000Y2987260000Z0;0
SOB_20251217T163546158381Z_KXZCVXXSD5HD;TGB101_10mX4192430000Y2989050000Z0;0
SOB_20251217T163546158512Z_MZ7YVGIVO5FL;TGB101_10mX4197340000Y2979400000Z0;0
SOB_20251217T163546158631Z_7FBUQ3OBUZF7;TGB101_10mX4199710000Y2989030000Z0;0
SOB_20251217T163546158755Z_J2PWSIKYJ5EF;TGB101_10mX4197460000Y2984900000Z0;0
SOB_20251217T163546158875Z_KTPCFC2ASNB2;TGB101_10mX4196720000Y2989440000Z0;0
SOB_20251217T163546159006Z_ECELQ2PGYFGC;TGB101_10mX4196890000Y2988690000Z0;0
SOB_20251217T163546159134Z_Q5V55UFFGVGS;TGB101_10mX4197250000Y2989020000Z0;0
SOB_20251217T163546159252Z_XEXWS3TPLBGQ;TGB101_10mX4197720000Y2988430000Z0;0
SOB_20251217T163546159372Z_KL4VBKQGINBA;TGB101_10mX4197420000Y2988480000Z0;0
SOB_20251217T163546159496Z_ODOSGEG4XFAY;TGB101_10mX4197590000Y2988440000Z0;0
SOB_20251217T163546159621Z_OK7ZULM5HZEL;TGB101_10mX4194010000Y2992030000Z0;0
SOB_20251217T163546159748Z_P5VDSZWUAND4;TGB101_10mX4195060000Y2990320000Z0;0
SOB_20251217T163546159877Z_ID47OO4225GW;TGB101_10mX4190630000Y2988330000Z0;0
SOB_20251217T163546160022Z_N3S3WAT2RVHO;TGB101_10mX4194490000Y2991390000Z0;0
SOB_20251217T163546160166Z_MCSFOAHPGNDP;TGB101_10mX4196190000Y2989670000Z0;0
SOB_20251217T163546160300Z_A5EPR2SGDBGD;TGB101_10mX4192570000Y2989360000Z0;0
SOB_20251217T163546160436Z_T7PM64EI7ZGM;TGB101_10mX4197520000Y3001550000Z0;0
SOB_20251217T163546160585Z_XJB5Q4IHYNBC;TGB101_10mX4196810000Y2989960000Z0;0
SOB_20251217T163546161071Z_WX66G6IY2ZA6;TGB101_10mX4190530000Y2987930000Z0;0
SOB_20251217T163546161470Z_AGOVER6GBNG5;TGB101_10mX4196480000Y2989330000Z0;0
SOB_20251217T163546161924Z_RBJ5BFPXDFDK;TGB101_10mX4196510000Y2989710000Z0;0
SOB_20251217T163546162185Z_CRIEN75U65DD;TGB101_10mX4196010000Y2989650000Z0;0
SOB_20251217T163546162396Z_3WZMRXH7JVH2;TGB101_10mX4195310000Y2990520000Z0;0
SOB_20251217T163546162583Z_75FMJMWCAFA2;TGB101_10mX4190710000Y2988440000Z0;0
SOB_20251217T163546162773Z_D6HPPGD7VJFV;TGB101_10mX4196380000Y2989120000Z0;0
SOB_20251217T163546162960Z_DNAOIKZSXNDK;TGB101_10mX4193530000Y2991480000Z0;0
SOB_20251217T163546163147Z_QJ3GJE4O7NF2;TGB101_10mX4194040000Y2985550000Z0;0
SOB_20251217T163546163337Z_WM7LF34OH5CQ;TGB101_10mX4209860000Y2987770000Z0;0
SOB_20251217T163546163555Z_JKMSTPNL2VEZ;TGB101_10mX4193450000Y2991950000Z0;0
SOB_20251217T163546163771Z_CVGLYAN64RAB;TGB101_10mX4196680000Y2983870000Z0;0
SOB_20251217T163546163969Z_STQAG5BMINDI;TGB101_10mX4194710000Y2987390000Z0;0
SOB_20251217T163546164160Z_OGAWLLHWTRE7;TGB101_10mX4194500000Y2986350000Z0;0
SOB_20251217T163546164342Z_U363K2UO4RDH;TGB101_10mX4197500000Y2984920000Z0;0
SOB_20251217T163546164538Z_CX2NOI3AN5BZ;TGB101_10mX4199890000Y2984620000Z0;0
SOB_20251217T163546164725Z_TRGDKB6OSNHJ;TGB101_10mX4181320000Y2986530000Z0;0
SOB_20251217T163546164906Z_GFT367RYABA7;TGB101_10mX4195910000Y2989200000Z0;0
SOB_20251217T163546165060Z_VBVVRU2XKBGC;TGB101_10mX4194350000Y2989100000Z0;0
SOB_20251217T163546165236Z_3HXU7FGKVJAF;TGB101_10mX4196720000Y2989040000Z0;0
SOB_20251217T163546165390Z_L2QVQH5Q2BGR;TGB101_10mX4193370000Y2989720000Z0;0
SOB_20251217T163546165535Z_NV2EC7TJVFG7;TGB101_10mX4196500000Y2989950000Z0;0
SOB_20251217T163546165678Z_OS3CWSHMKBCB;TGB101_10mX4196090000Y2990280000Z0;0
SOB_20251217T163546165825Z_ESZ65NZEUBH7;TGB101_10mX4195930000Y2989730000Z0;0
SOB_20251217T163546165968Z_CDOC6J6MJVHD;TGB101_10mX4196230000Y2989480000Z0;0
SOB_20251217T163546166122Z_3MACKYBYYRBX;TGB101_10mX4196410000Y2989260000Z0;0
SOB_20251217T163546166267Z_7J2ESWYBPNBM;TGB101_10mX4196810000Y2990000000Z0;0
SOB_20251217T163546166409Z_BGZZHPPA4VG4;TGB101_10mX4197120000Y2989030000Z0;0
SOB_20251217T163546166606Z_JTIYI5ILSNFZ;TGB101_10mX4195060000Y2985670000Z0;0
SOB_20251217T163546166761Z_RO5NB5EQQBHY;TGB101_10mX4192560000Y2988930000Z0;0
SOB_20251217T163546166920Z_Y3K5OAJHDNGE;TGB101_10mX4196490000Y2989150000Z0;0
SOB_20251217T163546167064Z_66QET47NRBB6;TGB101_10mX4196570000Y2989080000Z0;0
SOB_20251217T163546167216Z_G6FDJXZFBRAN;TGB101_10mX4196740000Y2988750000Z0;0
SOB_20251217T163546167366Z_KOLSI74KI5EW;TGB101_10mX4197230000Y2988560000Z0;0
SOB_20251217T163546167512Z_C3G53RBJR5HV;TGB101_10mX4197420000Y2988480000Z0;0
SOB_20251217T163546167653Z_ZFCVSZ27NJHV;TGB101_10mX4197370000Y2988410000Z0;0
SOB_20251217T163546167825Z_5VEI2IDY3FCA;TGB101_10mX4197010000Y2988860000Z0;0
SOB_20251217T163546168039Z_S33KKZBREJBK;TGB101_10mX4197580000Y2988790000Z0;0
SOB_20251217T163546168271Z_D4XMGW2KTBCO;TGB101_10mX4196730000Y2989270000Z0;0
SOB_20251217T163546168534Z_465GEALJYVAR;TGB101_10mX4196610000Y2989190000Z0;0
SOB_20251217T163546168881Z_66BQ6XXEA5E3;TGB101_10mX4169940000Y2986200000Z0;0
SOB_20251217T163546169179Z_MD2U7IU5SVAJ;TGB101_10mX4196740000Y2989160000Z0;0
SOB_20251217T163546169420Z_D5N66IH7DNCR;TGB101_10mX4192710000Y2989410000Z0;0
SOB_20251217T163546169567Z_4IJVWLPYSBGR;TGB101_10mX4195680000Y2987710000Z0;0
SOB_20251217T163546169744Z_3UUKCB4PDBEZ;TGB101_10mX4190210000Y2987930000Z0;0
SOB_20251217T163546169902Z_MOMQ6NYZMRFY;TGB101_10mX4197590000Y2987290000Z0;0
SOB_20251217T163546170057Z_HJLAP76VQJFF;TGB101_10mX4181720000Y2985750000Z0;0
SOB_20251217T163546170228Z_Q74NKGN52FAT;TGB101_10mX4197500000Y2988690000Z0;0
SOB_20251217T163546170373Z_OCSZTHNOJNBD;TGB101_10mX4196440000Y2989090000Z0;0
SOB_20251217T163546170517Z_L375DWX2ANFT;TGB101_10mX4196760000Y2989350000Z0;0
SOB_20251217T163546170706Z_HDH7FME5HZCA;TGB101_10mX4197210000Y2988990000Z0;0
SOB_20251217T163546170864Z_YC57RCTVCZEL;TGB101_10mX4192970000Y2989130000Z0;0
SOB_20251217T163546171004Z_NDTT447J7FAF;TGB101_10mX4196690000Y2989070000Z0;0
SOB_20251217T163546171141Z_6OKR5MH32VBG;TGB101_10mX4198090000Y2989930000Z0;0
SOB_20251217T163546171262Z_UJCMP643BNAM;TGB101_10mX4196670000Y2989140000Z0;0
SOB_20251217T163546171388Z_L43QVZZI6RGT;TGB101_10mX4196550000Y2989110000Z0;0
SOB_20251217T163546171511Z_2S3LPTVG2VCX;TGB101_10mX4196750000Y2988880000Z0;0
SOB_20251217T163546171645Z_YP5PFOKOHRDT;TGB101_10mX4194900000Y2997720000Z0;0
SOB_20251217T163546171770Z_65ZU5XV5NBBL;TGB101_10mX4196440000Y2989070000Z0;0
SOB_20251217T163546171895Z_K2HCK77WXNFM;TGB101_10mX4197410000Y2988890000Z0;0
SOB_20251217T163546172022Z_DLW6XGWFPZGA;TGB101_10mX4197150000Y2989020000Z0;0
SOB_20251217T163546172148Z_C7D6AGZAXVEH;TGB101_10mX4196760000Y2988610000Z0;0
SOB_20251217T163546172274Z_UHPFD7FSJREN;TGB101_10mX4197360000Y2988560000Z0;0
SOB_20251217T163546172401Z_OVZKUFSSVRD6;TGB101_10mX4195670000Y2989950000Z0;0
SOB_20251217T163546172526Z_JXK6GFL4PZFK;TGB101_10mX4197870000Y2989870000Z0;0
SOB_20251217T163546172635Z_JBU32PZ5UND3;TGB101_10mX4197460000Y2988920000Z0;0
SOB_20251217T163546172748Z_Z4MHMNRCDBCN;TGB101_10mX4196810000Y2989120000Z0;0
SOB_20251217T163546172870Z_3YZ4QJCYQVHZ;TGB101_10mX4196610000Y2989340000Z0;0
SOB_20251217T163546172978Z_WWLGCFBZJFER;TGB101_10mX4192240000Y2989100000Z0;0
SOB_20251217T163546173086Z_YKFLQ5VCRZDT;TGB101_10mX4198080000Y2989940000Z0;0
SOB_20251217T163546173198Z_JQQJLPHHNVCV;TGB101_10mX4197190000Y2989000000Z0;0
SOB_20251217T163546173312Z_AFUKOFVMOFC5;TGB101_10mX4197540000Y2988720000Z0;0
SOB_20251217T163546173421Z_BDRWZDL6MNBW;TGB101_10mX4196710000Y2989060000Z0;0
SOB_20251217T163546173536Z_PRLOBVDYLZGZ;TGB101_10mX4196490000Y2989130000Z0;0
SOB_20251217T163546173650Z_NVPQSMSPDNA5;TGB101_10mX4196910000Y2988980000Z0;0
SOB_20251217T163546173758Z_TCYSLYPEQZFL;TGB101_10mX4197150000Y2989020000Z0;0
SOB_20251217T163546173873Z_YTLEGQUDG5FM;TGB101_10mX4197440000Y2988980000Z0;0
SOB_20251217T163546173984Z_X4OBSG7H7NDX;TGB101_10mX4197370000Y2988550000Z0;0
SOB_20251217T163546174099Z_4N2SFIA27VFA;TGB101_10mX4195690000Y2990060000Z0;0
SOB_20251217T163546174228Z_OXTJPZZVZZFC;TGB101_10mX4195070000Y2986930000Z0;0
SOB_20251217T163546174339Z_EX35FJI52FAB;TGB101_10mX4197480000Y2988870000Z0;0
SOB_20251217T163546174447Z_CKFN2TO7FJHC;TGB101_10mX4196750000Y2989170000Z0;0
SOB_20251217T163546174555Z_EWWJJT2RJRFU;TGB101_10mX4196580000Y2989290000Z0;0
SOB_20251217T163546174675Z_RIZ6UI6WMREY;TGB101_10mX4192250000Y2989050000Z0;0
SOB_20251217T163546174786Z_XIB5Z5PPTBDK;TGB101_10mX4198080000Y2989940000Z0;0
SOB_20251217T163546174893Z_WEXYA5GVZ5A5;TGB101_10mX4197150000Y2989020000Z0;0
SOB_20251217T163546175003Z_7VFVVJCAONBS;TGB101_10mX4197300000Y2989340000Z0;0
SOB_20251217T163546175111Z_C2XJKH5DFVAO;TGB101_10mX4196740000Y2989070000Z0;0
SOB_20251217T163546175219Z_X6J3LMS3AVCH;TGB101_10mX4175260000Y2987600000Z0;0
SOB_20251217T163546175337Z_BTVYYC4JONE7;TGB101_10mX4197410000Y2988450000Z0;0
SOB_20251217T163546175448Z_ZOIPRU7IK5GC;TGB101_10mX4197150000Y2989020000Z0;0
SOB_20251217T163546175555Z_YNC4OCUTAFCA;TGB101_10mX4194970000Y2986960000Z0;0
SOB_20251217T163546175665Z_6BUEYUFHPNFD;TGB101_10mX4197350000Y2988560000Z0;0
SOB_20251217T163546175779Z_BWGUL2RSRFCC;TGB101_10mX4195620000Y2990080000Z0;0
SOB_20251217T163546175896Z_5REXCQ3WG5HG;TGB101_10mX4197830000Y2989930000Z0;0
SOB_20251217T163546176006Z_EQMKADQUTVFL;TGB101_10mX4197520000Y2988970000Z0;0
SOB_20251217T163546176136Z_DODQYTPNHFB7;TGB101_10mX4196740000Y2989160000Z0;0
SOB_20251217T163546176250Z_HUJOVT3WGJD7;TGB101_10mX4196690000Y2989290000Z0;0
SOB_20251217T163546176359Z_4KCHW5JILJGW;TGB101_10mX4192270000Y2989060000Z0;0
SOB_20251217T163546176477Z_QLQEAV43BVGU;TGB101_10mX4198080000Y2989940000Z0;0
SOB_20251217T163546176595Z_W5B2GAUODVBH;TGB101_10mX4197260000Y2989020000Z0;0
SOB_20251217T163546176743Z_YZGNUSAP2VET;TGB101_10mX4197500000Y2988810000Z0;0
SOB_20251217T163546176940Z_34D6OAVZORES;TGB101_10mX4196690000Y2989050000Z0;0
SOB_20251217T163546177154Z_VCIEHSKQERC6;TGB101_10mX4175350000Y2987570000Z0;0
SOB_20251217T163546177356Z_X2PH74QPFZAR;TGB101_10mX4196990000Y2985610000Z0;0
SOB_20251217T163546177588Z_UCGUBSQJUZCG;TGB101_10mX4197150000Y2989020000Z0;0
SOB_20251217T163546177801Z_STRZBRBAL5FT;TGB101_10mX4196620000Y2988460000Z0;0
SOB_20251217T163546178000Z_SYQVL4UECVC3;TGB101_10mX4197340000Y2988580000Z0;0
SOB_20251217T163546178214Z_OHDASWNLNVCX;TGB101_10mX4195620000Y2990080000Z0;0
SOB_20251217T163546178441Z_WEYKCPAEK5BN;TGB101_10mX4195080000Y2986970000Z0;0
SOB_20251217T163546178652Z_C35VDJ5UEVGR;TGB101_10mX4197460000Y2988920000Z0;0
SOB_20251217T163546178787Z_PNGTLW6RKVCE;TGB101_10mX4196740000Y2989160000Z0;0
SOB_20251217T163546178928Z_U2GKROFUUJB3;TGB101_10mX4196610000Y2989340000Z0;0
SOB_20251217T163546179061Z_GHFWLIERHJCN;TGB101_10mX4192280000Y2989030000Z0;0
SOB_20251217T163546179188Z_EWIBMHKGCRCG;TGB101_10mX4198080000Y2989940000Z0;0
SOB_20251217T163546179352Z_EZB4GMLS45EU;TGB101_10mX4197150000Y2989020000Z0;0
SOB_20251217T163546179482Z_NWJURVUCGZBM;TGB101_10mX4197480000Y2988840000Z0;0
SOB_20251217T163546179608Z_APLZR4B5FNHC;TGB101_10mX4196740000Y2989030000Z0;0
SOB_20251217T163546179736Z_GKLQPSW6TNHH;TGB101_10mX4175260000Y2987600000Z0;0
SOB_20251217T163546179857Z_EPFTWQTPZBDD;TGB101_10mX4194290000Y2984890000Z0;0
SOB_20251217T163546179985Z_7SK7RDOR6FHG;TGB101_10mX4197150000Y2989020000Z0;0
SOB_20251217T163546180111Z_OZCVHVFRHNCX;TGB101_10mX4195520000Y2979850000Z0;0
SOB_20251217T163546180232Z_VOG7LTQF25HE;TGB101_10mX4197330000Y2988590000Z0;0
SOB_20251217T163546180351Z_XV24SHKA3VH4;TGB101_10mX4195890000Y2990260000Z0;0
SOB_20251217T163546180474Z_KXVJ5O44KRF7;TGB101_10mX4197870000Y2989870000Z0;0
SOB_20251217T163546180593Z_RWQY2SBHVNHB;TGB101_10mX4197460000Y2988920000Z0;0
SOB_20251217T163546180723Z_C2DUP2XMFFH5;TGB101_10mX4196810000Y2989120000Z0;0
SOB_20251217T163546180848Z_N6NXV3M2XJGI;TGB101_10mX4196530000Y2989180000Z0;0
SOB_20251217T163546180971Z_3NPKUHHFXFFG;TGB101_10mX4192280000Y2988970000Z0;0
SOB_20251217T163546181091Z_OGISJVAXTFCX;TGB101_10mX4187920000Y2993420000Z0;0
SOB_20251217T163546181214Z_MBWWTEXBQJB2;TGB101_10mX4197150000Y2989020000Z0;0
SOB_20251217T163546181346Z_DLCZKHGGLJES;TGB101_10mX4197450000Y2988960000Z0;0
SOB_20251217T163546181467Z_AUJYBUUWANGR;TGB101_10mX4196740000Y2989030000Z0;0
SOB_20251217T163546181578Z_QQ44CQAW55AK;TGB101_10mX4196860000Y2984060000Z0;0
SOB_20251217T163546181753Z_R6JGESLZMFFE;TGB101_10mX4196720000Y2984090000Z0;0
SOB_20251217T163546181960Z_UAV4G5FTMRFC;TGB101_10mX4197150000Y2989020000Z0;0
SOB_20251217T163546182110Z_45MZXU42SNFE;TGB101_10mX4202540000Y2990690000Z0;0
SOB_20251217T163546182242Z_H2XDFMZQ6ZG6;TGB101_10mX4197320000Y2988610000Z0;0
SOB_20251217T163546182367Z_B6R3NMXGXZAR;TGB101_10mX4195890000Y2990260000Z0;0
SOB_20251217T163546182493Z_36CZAVMFNZBF;TGB101_10mX4197870000Y2989870000Z0;0
SOB_20251217T163546182623Z_A5ON73C27ZDI;TGB101_10mX4197460000Y2988920000Z0;0
SOB_20251217T163546182742Z_OWTQREXOENFS;TGB101_10mX4196740000Y2989160000Z0;0
SOB_20251217T163546182875Z_UUHEX3KH5NGR;TGB101_10mX4202670000Y2990670000Z0;0
SOB_20251217T163546183056Z_VQ6DSYOUCFCI;TGB101_10mX4202670000Y2990670000Z0;0
SOB_20251217T163546183359Z_3TOVHP53OBHQ;TGB101_10mX4198080000Y2989940000Z0;0
SOB_20251217T163546183598Z_MNQNRBGGKVBP;TGB101_10mX4197150000Y2989020000Z0;0
SOB_20251217T163546183741Z_7UKRSM7ZZBC6;TGB101_10mX4179040000Y2986100000Z0;0
SOB_20251217T163546183873Z_HXTCN3BMTND4;TGB101_10mX4196740000Y2989030000Z0;0
SOB_20251217T163546183995Z_TJXFCK4NFFE2;TGB101_10mX4202640000Y2990550000Z0;0
SOB_20251217T163546184116Z_JYZB6UTSLFAR;TGB101_10mX4203590000Y2990330000Z0;0
SOB_20251217T163546184239Z_ZEYPXXKUJFBN;TGB101_10mX4197150000Y2989020000Z0;0
SOB_20251217T163546184360Z_ENAZH36E7BD3;TGB101_10mX4189730000Y2991730000Z0;0
SOB_20251217T163546184491Z_VKMYXQKI5NCP;TGB101_10mX4197220000Y2988690000Z0;0
SOB_20251217T163546184615Z_TDIAFUZYDVDF;TGB101_10mX4195930000Y2990260000Z0;0
SOB_20251217T163546184760Z_DLUC3FZ75NDZ;TGB101_10mX4194830000Y2993490000Z0;0
SOB_20251217T163546185011Z_75NLLYYBYVBU;TGB101_10mX4197460000Y2988920000Z0;0
SOB_20251217T163546185254Z_YJRSY6FSSZEC;TGB101_10mX4196740000Y2989160000Z0;0
SOB_20251217T163546185462Z_CBDBF7VAS5CB;TGB101_10mX4196610000Y2989340000Z0;0
SOB_20251217T163546185714Z_M5ZTWWKYJNBM;TGB101_10mX4192300000Y2988900000Z0;0
SOB_20251217T163546185960Z_YCD5LDMAW5BI;TGB101_10mX4198080000Y2989940000Z0;0
SOB_20251217T163546186182Z_WCPGBBB7HZAU;TGB101_10mX4197150000Y2989020000Z0;0
SOB_20251217T163546186399Z_4I4GM7IS3JEZ;TGB101_10mX4197300000Y2989340000Z0;0
SOB_20251217T163546186645Z_PFSBRYD7BNHD;TGB101_10mX4196740000Y2989030000Z0;0
SOB_20251217T163546186820Z_6E6Z5QTUMJF2;TGB101_10mX4175260000Y2987600000Z0;0
SOB_20251217T163546186950Z_PAKUAJYQMZDR;TGB101_10mX4189710000Y2991700000Z0;0
SOB_20251217T163546187086Z_JSBEOJ5DFBGU;TGB101_10mX4197150000Y2989020000Z0;0
SOB_20251217T163546187225Z_6OXSZP7GNVHO;TGB101_10mX4199440000Y2989030000Z0;0
SOB_20251217T163546187348Z_2ECEBCLO3VDG;TGB101_10mX4197270000Y2988650000Z0;0
SOB_20251217T163546187476Z_FRTGXDGJYNFX;TGB101_10mX4195890000Y2990240000Z0;0
SOB_20251217T163546187615Z_5GXM5KEJVNHJ;TGB101_10mX4196570000Y2989020000Z0;0
SOB_20251217T163546187736Z_ITYVSZ2UXNGU;TGB101_10mX4197460000Y2988920000Z0;0
SOB_20251217T163546187855Z_HJ5XLSQL75AE;TGB101_10mX4196740000Y2989160000Z0;0
SOB_20251217T163546187982Z_PCSKNDLC55AZ;TGB101_10mX4196610000Y2989340000Z0;0
SOB_20251217T163546188102Z_WDQD4JBMB5HE;TGB101_10mX4192310000Y2988870000Z0;0
SOB_20251217T163546188228Z_RBALW6I6V5GJ;TGB101_10mX4198080000Y2989940000Z0;0
SOB_20251217T163546188350Z_IEYUQDXA4VCY;TGB101_10mX4197150000Y2989020000Z0;0
SOB_20251217T163546188471Z_O5EYFRMMQVBR;TGB101_10mX4197300000Y2989340000Z0;0
SOB_20251217T163546188588Z_KZKBT6JAJZGS;TGB101_10mX4196740000Y2989030000Z0;0
SOB_20251217T163546188718Z_O4P4SUDCV5AV;TGB101_10mX4200290000Y2984670000Z0;0
SOB_20251217T163546188843Z_MMC7KXJDRBD3;TGB101_10mX4200360000Y2984660000Z0;0
SOB_20251217T163546188962Z_M4BUHBMUBJCX;TGB101_10mX4197150000Y2989020000Z0;0
SOB_20251217T163546189081Z_VDXNXPYX2FHV;TGB101_10mX4197130000Y2989170000Z0;0
SOB_20251217T163546189204Z_ND7NVLZLDFCF;TGB101_10mX4197250000Y2988670000Z0;0
SOB_20251217T163546189323Z_Q7ZTBWCBLZAG;TGB101_10mX4195990000Y2990280000Z0;0
SOB_20251217T163546189449Z_G7Q7LKPXYBB5;TGB101_10mX4169930000Y2986110000Z0;0
SOB_20251217T163546189574Z_AE22JW2N3NFO;TGB101_10mX4197460000Y2988920000Z0;0
SOB_20251217T163546189700Z_BEKHR5M2IZDI;TGB101_10mX4196740000Y2989160000Z0;0
SOB_20251217T163546189819Z_CJ32654YANAP;TGB101_10mX4196610000Y2989340000Z0;0
SOB_20251217T163546189942Z_YWYMBPG4TBCW;TGB101_10mX4192260000Y2989070000Z0;0
SOB_20251217T163546190061Z_LT5GLMOESJGO;TGB101_10mX4198080000Y2989940000Z0;0
SOB_20251217T163546190187Z_GZ6CHTLC4VC5;TGB101_10mX4197150000Y2989020000Z0;0
SOB_20251217T163546190312Z_557BSRJUVJFD;TGB101_10mX4197300000Y2989340000Z0;0
SOB_20251217T163546190443Z_KDGYRUTUFZDY;TGB101_10mX4196740000Y2989030000Z0;0
SOB_20251217T163546190556Z_7ZEHYX32IZCF;TGB101_10mX4200380000Y2984650000Z0;0
SOB_20251217T163546190671Z_TKEIVXYRPVCY;TGB101_10mX4200470000Y2984660000Z0;0
SOB_20251217T163546190792Z_RRW7OBNF6VHO;TGB101_10mX4197150000Y2989020000Z0;0
SOB_20251217T163546190901Z_RKB5FDUFPRGR;TGB101_10mX4191780000Y2984290000Z0;0
SOB_20251217T163546191015Z_75Q3EA2FR5CP;TGB101_10mX4197240000Y2988670000Z0;0
SOB_20251217T163546191128Z_WXIC3ILZM5G4;TGB101_10mX4196050000Y2990340000Z0;0
SOB_20251217T163546191268Z_ZVJZAANFQRHG;TGB101_10mX4197720000Y2987930000Z0;0
SOB_20251217T163546191386Z_Q674CMP3PNAS;TGB101_10mX4197460000Y2988920000Z0;0
SOB_20251217T163546191500Z_FPOWJG2OOBEZ;TGB101_10mX4196740000Y2989160000Z0;0
SOB_20251217T163546191614Z_DCHQG72POBHR;TGB101_10mX4196610000Y2989340000Z0;0
SOB_20251217T163546191727Z_DXPIJ2ZANNEP;TGB101_10mX4192300000Y2988940000Z0;0
SOB_20251217T163546191841Z_2AKIVQBUTFAP;TGB101_10mX4198080000Y2989940000Z0;0
SOB_20251217T163546191960Z_XWMJSBX7Y5EE;TGB101_10mX4197150000Y2989020000Z0;0
SOB_20251217T163546192091Z_UQ3ZL3QKVNC4;TGB101_10mX4197390000Y2989190000Z0;0
SOB_20251217T163546192206Z_PL5RUFNUCNB6;TGB101_10mX4196740000Y2989030000Z0;0
SOB_20251217T163546192317Z_MFTBWGOOR5DG;TGB101_10mX4197680000Y2987240000Z0;0
SOB_20251217T163546192427Z_6NPM734RW5AJ;TGB101_10mX4197750000Y2987160000Z0;0
SOB_20251217T163546192543Z_GJTJCNUCN5FI;TGB101_10mX4197150000Y2989020000Z0;0
SOB_20251217T163546192664Z_RWRVOUJJMJAA;TGB101_10mX4200760000Y2988420000Z0;0
SOB_20251217T163546192776Z_H3HRJ2SNVZCI;TGB101_10mX4197230000Y2988690000Z0;0
SOB_20251217T163546192891Z_P2PI3OFGI5FZ;TGB101_10mX4195720000Y2990110000Z0;0
SOB_20251217T163546193007Z_XHTKFKPAERCG;TGB101_10mX4194900000Y2993710000Z0;0
SOB_20251217T163546193117Z_6TZJKBIFZVAJ;TGB101_10mX4197460000Y2988920000Z0;0
SOB_20251217T163546193241Z_KX2KQOYVZFEV;TGB101_10mX4196740000Y2989160000Z0;0
SOB_20251217T163546193363Z_HTXSZMZ4FRGI;TGB101_10mX4196610000Y2989340000Z0;0
SOB_20251217T163546193527Z_DSBYVC5TCREH;TGB101_10mX4197940000Y2987210000Z0;0
SOB_20251217T163546193759Z_3RDG6FFVWNGO;TGB101_10mX4196680000Y2989540000Z0;0
SOB_20251217T163546193987Z_DSYQ6FUMZJDR;TGB101_10mX4197850000Y2987210000Z0;0
SOB_20251217T163546194208Z_JGLW3TJAR5HQ;TGB101_10mX4197380000Y2989300000Z0;0
SOB_20251217T163546194433Z_BTU7PE5L6JHF;TGB101_10mX4196740000Y2989030000Z0;0
SOB_20251217T163546194654Z_VUYUGAHD2BE2;TGB101_10mX4175260000Y2987600000Z0;0
SOB_20251217T163546194859Z_ZR4GYS6YMRCZ;TGB101_10mX4175140000Y2987400000Z0;0
SOB_20251217T163546195056Z_DAIGHDWNFRHH;TGB101_10mX4197150000Y2989020000Z0;0
SOB_20251217T163546195334Z_WESAHVW2QZAS;TGB101_10mX4199980000Y2990580000Z0;0
SOB_20251217T163546195507Z_7NF36Z66ABEQ;TGB101_10mX4197220000Y2988690000Z0;0
SOB_20251217T163546195633Z_OGR23QAPVFAI;TGB101_10mX4195890000Y2990240000Z0;0
SOB_20251217T163546195790Z_F4KRPZNBWBC3;TGB101_10mX4194930000Y2993770000Z0;0
SOB_20251217T163546195927Z_SDLTA4C4TRBV;TGB101_10mX4197460000Y2988920000Z0;0
SOB_20251217T163546196048Z_TKSUPS6CUBAT;TGB101_10mX4196740000Y2989160000Z0;0
SOB_20251217T163546196182Z_MLC7UHSRLNGR;TGB101_10mX4196610000Y2989340000Z0;0
SOB_20251217T163546196310Z_2EDKZG6HI5HL;TGB101_10mX4192260000Y2989070000Z0;0
SOB_20251217T163546196432Z_BNKPCSSDANGE;TGB101_10mX4198080000Y2989940000Z0;0
SOB_20251217T163546196555Z_DFPA43EKPZB5;TGB101_10mX4197310000Y2989000000Z0;0
SOB_20251217T163546196682Z_D6QY43JHJNGB;TGB101_10mX4196180000Y2989680000Z0;0
SOB_20251217T163546196813Z_HD5ZW7HWZJBN;TGB101_10mX4196740000Y2989030000Z0;0
SOB_20251217T163546196933Z_FYQ4XLPPA5FW;TGB101_10mX4196400000Y2988410000Z0;0
SOB_20251217T163546197057Z_DQLKXPN7JNCB;TGB101_10mX4196440000Y2988410000Z0;0
SOB_20251217T163546197177Z_CW5SE34KZZF3;TGB101_10mX4197270000Y2988950000Z0;0
SOB_20251217T163546197296Z_KTBVSTH7F5DI;TGB101_10mX4191960000Y2989150000Z0;0
SOB_20251217T163546197420Z_E2FTDQ7X4RFV;TGB101_10mX4197230000Y2988700000Z0;0
SOB_20251217T163546197547Z_BWUXWKNJXVBE;TGB101_10mX4196040000Y2990390000Z0;0
SOB_20251217T163546197715Z_GPU742QM7FHR;TGB101_10mX4196800000Y2989820000Z0;0
SOB_20251217T163546197861Z_PLOQY56FWND5;TGB101_10mX4197470000Y2988940000Z0;0
SOB_20251217T163546197984Z_EHC6B5KPPFAJ;TGB101_10mX4196710000Y2989180000Z0;0
SOB_20251217T163546198156Z_DNWH7PIQXNHB;TGB101_10mX4193940000Y2993980000Z0;0
SOB_20251217T163546198291Z_M6P7WDWIDRA5;TGB101_10mX4200190000Y2984890000Z0;0
SOB_20251217T163546198411Z_DEQBVE7R4RDQ;TGB101_10mX4200200000Y2984840000Z0;0
SOB_20251217T163546198530Z_KXJPAJJ3I5BF;TGB101_10mX4200370000Y2984820000Z0;0
SOB_20251217T163546198656Z_VIS3PKJ5YJHD;TGB101_10mX4200450000Y2984740000Z0;0
SOB_20251217T163546198777Z_3PT4UNZWT5D6;TGB101_10mX4200730000Y2984480000Z0;0
SOB_20251217T163546198900Z_XXNHZRAIMBEL;TGB101_10mX4200320000Y2984840000Z0;0
SOB_20251217T163546199021Z_IKNHQMOATNFK;TGB101_10mX4200610000Y2984310000Z0;0
SOB_20251217T163546199146Z_AF7XPEV2QNEI;TGB101_10mX4200220000Y2984300000Z0;0
SOB_20251217T163546199265Z_7EWTB5F6UBEX;TGB101_10mX4199990000Y2984020000Z0;0
SOB_20251217T163546199387Z_OZDQVWX7PJB4;TGB101_10mX4199490000Y2984090000Z0;0
SOB_20251217T163546199514Z_Y4DCYQOTPVEH;TGB101_10mX4199690000Y2983670000Z0;0
SOB_20251217T163546199638Z_RGD5XVCMJ5FZ;TGB101_10mX4199450000Y2984110000Z0;0
SOB_20251217T163546199757Z_35YC2C6KWZBK;TGB101_10mX4202460000Y2987900000Z0;0
SOB_20251217T163546199882Z_6S4D2TZDYNHD;TGB101_10mX4202870000Y2987560000Z0;0
SOB_20251217T163546200002Z_BVJU4OVCP5CK;TGB101_10mX4193870000Y2987850000Z0;0
SOB_20251217T163546200123Z_FXSUJ5F43VDL;TGB101_10mX4192890000Y2988730000Z0;0
SOB_20251217T163546200254Z_ZKHQ366BPFBH;TGB101_10mX4198090000Y2989890000Z0;0
SOB_20251217T163546200373Z_PUYIWS65MZDK;TGB101_10mX4195630000Y2997590000Z0;0
SOB_20251217T163546200491Z_SMARHDYOPNEM;TGB101_10mX4198070000Y2989940000Z0;0
SOB_20251217T163546200659Z_FL7ONHIMB5FW;TGB101_10mX4196740000Y2989030000Z0;0
SOB_20251217T163546200781Z_BWNR26IM3JBF;TGB101_10mX4198900000Y2986980000Z0;0
SOB_20251217T163546200914Z_SOILTWCBOJBU;TGB101_10mX4190090000Y2988150000Z0;0
SOB_20251217T163546201027Z_XWW65HV2LZE5;TGB101_10mX4190090000Y2988150000Z0;0
SOB_20251217T163546201141Z_KD6DHVQ65BBF;TGB101_10mX4189990000Y2987820000Z0;0
SOB_20251217T163546201253Z_WMNNWBZ5WBEZ;TGB101_10mX4189790000Y2987840000Z0;0
SOB_20251217T163546201370Z_MRQGYQYHLNE3;TGB101_10mX4189710000Y2987860000Z0;0
SOB_20251217T163546201490Z_F7N7EYPT3FDN;TGB101_10mX4189610000Y2987940000Z0;0
SOB_20251217T163546201606Z_DWN6DECEX5DF;TGB101_10mX4189540000Y2988000000Z0;0
SOB_20251217T163546201732Z_BRWBDVBUWZAJ;TGB101_10mX4196730000Y2989170000Z0;0
SOB_20251217T163546201929Z_4YA3PFIXCFAU;TGB101_10mX4196770000Y2989550000Z0;0
SOB_20251217T163546202155Z_554SFZBBL5AZ;TGB101_10mX4195220000Y2979640000Z0;0
SOB_20251217T163546202355Z_PBI4YR6GIBEL;TGB101_10mX4195060000Y2979720000Z0;0
SOB_20251217T163546202604Z_DMDWZWEW5NEY;TGB101_10mX4195340000Y2979230000Z0;0
SOB_20251217T163546202846Z_P6JXWI5NJBFW;TGB101_10mX4195370000Y2979160000Z0;0
SOB_20251217T163546203064Z_SFDUVTYK7BAD;TGB101_10mX4195380000Y2979160000Z0;0
SOB_20251217T163546203285Z_3BCVO2FQQ5GT;TGB101_10mX4195390000Y2979170000Z0;0
SOB_20251217T163546203533Z_CXX2TPF5KBEK;TGB101_10mX4195250000Y2979080000Z0;0
SOB_20251217T163546203725Z_EQG654J33NAN;TGB101_10mX4195010000Y2979110000Z0;0
SOB_20251217T163546203876Z_GPF4PBGVKZDJ;TGB101_10mX4194860000Y2979140000Z0;0
SOB_20251217T163546204006Z_DXBCUFQZ3NA2;TGB101_10mX4194780000Y2979180000Z0;0
SOB_20251217T163546204147Z_JNHYUXDVKNCK;TGB101_10mX4194600000Y2979200000Z0;0
SOB_20251217T163546204270Z_KDWJVGUZJNG4;TGB101_10mX4194580000Y2979180000Z0;0
SOB_20251217T163546204400Z_ZHSD5WILPZGR;TGB101_10mX4194470000Y2979200000Z0;0
SOB_20251217T163546204521Z_MSDYH7U65ZEF;TGB101_10mX4194510000Y2979240000Z0;0
SOB_20251217T163546204650Z_7QBT5MVBEBH6;TGB101_10mX4194280000Y2979260000Z0;0
SOB_20251217T163546204776Z_PL7LKUCJIZDX;TGB101_10mX4194320000Y2979210000Z0;0
SOB_20251217T163546204897Z_WBCSBBDVNBB4;TGB101_10mX4194280000Y2979240000Z0;0
SOB_20251217T163546205017Z_T6IE7TOMTBFO;TGB101_10mX4191120000Y2984560000Z0;0
SOB_20251217T163546205148Z_6CZN6SYTTREB;TGB101_10mX4191190000Y2984520000Z0;0
SOB_20251217T163546205272Z_OSRJ6UTZCFHF;TGB101_10mX4191250000Y2984460000Z0;0
SOB_20251217T163546205392Z_7TNLMZJDFREA;TGB101_10mX4191240000Y2984350000Z0;0
SOB_20251217T163546205517Z_WPY76PF7MFFJ;TGB101_10mX4191130000Y2983850000Z0;0
SOB_20251217T163546205641Z_D7HQS4R72RHR;TGB101_10mX4191120000Y2983720000Z0;0
SOB_20251217T163546205767Z_QR3D4RVWYZH3;TGB101_10mX4191850000Y2984610000Z0;0
SOB_20251217T163546205890Z_ONKBLDVJ7FEN;TGB101_10mX4191940000Y2984570000Z0;0
SOB_20251217T163546206055Z_JUWVRRBEMNFV;TGB101_10mX4191080000Y2984170000Z0;0
SOB_20251217T163546206178Z_JW5Y452X45DT;TGB101_10mX4191040000Y2984110000Z0;0
SOB_20251217T163546206307Z_EIE26BFNL5CZ;TGB101_10mX4191070000Y2983920000Z0;0
SOB_20251217T163546206435Z_NNAF7DAKCZHS;TGB101_10mX4191240000Y2986330000Z0;0
SOB_20251217T163546206553Z_UYASRISBJRD5;TGB101_10mX4191250000Y2986380000Z0;0
SOB_20251217T163546206678Z_GFGP6OT5UBGL;TGB101_10mX4191630000Y2986780000Z0;0
SOB_20251217T163546206800Z_Y2YRJGNAWNFQ;TGB101_10mX4189980000Y2991700000Z0;0
SOB_20251217T163546206926Z_TGH2H4KWTBA3;TGB101_10mX4190250000Y2991430000Z0;0
SOB_20251217T163546207039Z_Y2M3N6NEPNHH;TGB101_10mX4190470000Y2991220000Z0;0
SOB_20251217T163546207166Z_3ZWMH7RMCVDJ;TGB101_10mX4190300000Y2991080000Z0;0
SOB_20251217T163546207276Z_HX4EQYVL6VBH;TGB101_10mX4195980000Y2984790000Z0;0
SOB_20251217T163546207389Z_LCBO3HIIXRBB;TGB101_10mX4197400000Y2984290000Z0;0
SOB_20251217T163546207504Z_JMDVVIASHBAG;TGB101_10mX4192370000Y2978080000Z0;0
SOB_20251217T163546207625Z_UJHRJR3CRJFS;TGB101_10mX4199720000Y2984470000Z0;0
SOB_20251217T163546207742Z_N3E2X247ERCO;TGB101_10mX4194550000Y2986190000Z0;0
SOB_20251217T163546207862Z_LRJ5QTUIAFFT;TGB101_10mX4194660000Y2986200000Z0;0
SOB_20251217T163546207973Z_2NAY3S24ANCM;TGB101_10mX4194960000Y2985880000Z0;0
SOB_20251217T163546208105Z_5BZNAHVF5VDT;TGB101_10mX4197250000Y2985380000Z0;0
SOB_20251217T163546208226Z_BVGNL4MM5NGA;TGB101_10mX4197210000Y2985310000Z0;0
SOB_20251217T163546208347Z_V7K3KJF4RVBP;TGB101_10mX4197280000Y2985120000Z0;0
SOB_20251217T163546208457Z_ZXTDHQ6IMVDC;TGB101_10mX4200870000Y2988790000Z0;0
SOB_20251217T163546208567Z_RJFNQXKPWBGU;TGB101_10mX4200970000Y2988640000Z0;0
SOB_20251217T163546208688Z_C7FFWCZWYZCS;TGB101_10mX4200110000Y2988600000Z0;0
SOB_20251217T163546208799Z_IE6PJ44SVREV;TGB101_10mX4200620000Y2987900000Z0;0
SOB_20251217T163546208908Z_ALFEI74ILJC6;TGB101_10mX4197200000Y2988650000Z0;0
SOB_20251217T163546209030Z_EPVCXGZJX5DO;TGB101_10mX4196510000Y2989000000Z0;0
SOB_20251217T163546209142Z_RSXPTN2EFBEJ;TGB101_10mX4196460000Y2988950000Z0;0
SOB_20251217T163546209253Z_CMOIYN6W2RC6;TGB101_10mX4196340000Y2988990000Z0;0
SOB_20251217T163546209373Z_MLM6T37NUJAL;TGB101_10mX4196550000Y2988770000Z0;0
SOB_20251217T163546209485Z_NJ57HS52WBD5;TGB101_10mX4196700000Y2988540000Z0;0
SOB_20251217T163546209603Z_U5ZF2VROJNGJ;TGB101_10mX4196720000Y2988530000Z0;0
SOB_20251217T163546209721Z_2O7E3ROX7BFY;TGB101_10mX4197160000Y2988300000Z0;0
SOB_20251217T163546209830Z_XDBU4QLK3ND7;TGB101_10mX4197100000Y2988210000Z0;0
SOB_20251217T163546209948Z_UGPOIUCMVZGK;TGB101_10mX4197040000Y2988130000Z0;0
SOB_20251217T163546210120Z_FIRMEN25GVBU;TGB101_10mX4197170000Y2987370000Z0;0
SOB_20251217T163546210352Z_IVGVWWFQYZHU;TGB101_10mX4197220000Y2987380000Z0;0
SOB_20251217T163546210568Z_A6CGFJ7NSNGV;TGB101_10mX4197640000Y2987210000Z0;0
SOB_20251217T163546210778Z_6YQBBTRYJRAK;TGB101_10mX4198250000Y2986940000Z0;0
SOB_20251217T163546210994Z_K2W2EXLL4RDX;TGB101_10mX4198690000Y2986920000Z0;0
SOB_20251217T163546211199Z_X766BXFGBNCK;TGB101_10mX4198860000Y2986110000Z0;0
SOB_20251217T163546211390Z_ZAJW5JU37VDD;TGB101_10mX4199190000Y2986320000Z0;0
SOB_20251217T163546211634Z_ALRZTIFBANGY;TGB101_10mX4198950000Y2986830000Z0;0
SOB_20251217T163546211893Z_YON5J4OW5BEV;TGB101_10mX4199170000Y2986310000Z0;0
SOB_20251217T163702189730Z_FJM75UHCGBDU;TGB101_10mX4196610000Y2989080000Z0;0
SOB_20251217T163702190174Z_DPBYGRMIKZAY;TGB101_10mX4193640000Y2992060000Z0;0
SOB_20251217T163702190385Z_XWEXBLAFGJE7;TGB101_10mX4196450000Y2990320000Z0;0
SOB_20251217T163702190541Z_UZ2FHEOLFBE2;TGB101_10mX4197200000Y2988930000Z0;0
SOB_20251217T163702190689Z_UMS4B53ESNGH;TGB101_10mX4195050000Y2986990000Z0;0
SOB_20251217T163702190842Z_7ZNV2HSFLJG2;TGB101_10mX4195060000Y2990320000Z0;0
SOB_20251217T163702190986Z_5COAA7TCTVBM;TGB101_10mX4190310000Y2992250000Z0;0
SOB_20251217T163702191129Z_HGGKZKK6MBEV;TGB101_10mX4188640000Y2981650000Z0;0
SOB_20251217T163702191273Z_MKTLKHFW55H7;TGB101_10mX4196870000Y2989990000Z0;0
SOB_20251217T163702191453Z_JC3SL3KRZNB7;TGB101_10mX4196720000Y2989070000Z0;0
SOB_20251217T163702191619Z_FP4FSD2KRVDT;TGB101_10mX4189530000Y2991500000Z0;0
SOB_20251217T163702191764Z_3N3NCZRH4RAY;TGB101_10mX4190340000Y2988010000Z0;0
SOB_20251217T163702191907Z_YFEGULTEZFDW;TGB101_10mX4192720000Y2982280000Z0;0
SOB_20251217T163702192049Z_SWYOP364OJDH;TGB101_10mX4192460000Y2989310000Z0;0
SOB_20251217T163702192193Z_IUULYTJADZHO;TGB101_10mX4192460000Y2989310000Z0;0
SOB_20251217T163702192334Z_IEZSZ2TCK5CR;TGB101_10mX4191650000Y2986620000Z0;0
SOB_20251217T163702192481Z_ZD7ILHRZ5JF2;TGB101_10mX4191240000Y2986330000Z0;0
SOB_20251217T163702192622Z_4BO7SBK2UVAG;TGB101_10mX4190260000Y2987750000Z0;0
SOB_20251217T163702192762Z_I4GSGDX3WVB2;TGB101_10mX4195210000Y2993490000Z0;0
SOB_20251217T163702192905Z_7WPLVDERKBEE;TGB101_10mX4183680000Y2993860000Z0;0
SOB_20251217T163702193045Z_PUOKXJP3RJHO;TGB101_10mX4190470000Y2988960000Z0;0
SOB_20251217T163702193197Z_KHADQCEE75BX;TGB101_10mX4194420000Y2990880000Z0;0
SOB_20251217T163702193340Z_UGT6VEYWXFFV;TGB101_10mX4198940000Y2986900000Z0;0
SOB_20251217T163702193480Z_25GWBUSHM5F4;TGB101_10mX4187000000Y2979440000Z0;0
SOB_20251217T163702193625Z_6GUBUQUTAJGO;TGB101_10mX4192250000Y2989310000Z0;0
SOB_20251217T163702193767Z_V36PNQFWTZBE;TGB101_10mX4196000000Y2988840000Z0;0
SOB_20251217T163702193915Z_IW74OXCOABCG;TGB101_10mX4202730000Y2971750000Z0;0
SOB_20251217T163702194059Z_4OGQG7KGDZAK;TGB101_10mX4194320000Y2989090000Z0;0
SOB_20251217T163702194201Z_2W4W3VLAQNBB;TGB101_10mX4196500000Y2989030000Z0;0
SOB_20251217T163702194343Z_FHNEUZ6T65G6;TGB101_10mX4195080000Y2991270000Z0;0
SOB_20251217T163702194483Z_XPVJXNXFIBCZ;TGB101_10mX4196360000Y2989450000Z0;0
SOB_20251217T163702194625Z_75KXZUB32VFN;TGB101_10mX4196310000Y2990200000Z0;0
SOB_20251217T163702194772Z_UHJ2I2XCNRCF;TGB101_10mX4199180000Y2987080000Z0;0
SOB_20251217T163702194914Z_2RPXTRXGJFAP;TGB101_10mX4195140000Y2988010000Z0;0
SOB_20251217T163702195061Z_2V25Q5A7YVA5;TGB101_10mX4193240000Y2990780000Z0;0
SOB_20251217T163702195204Z_2T5BXE5VPNBK;TGB101_10mX4197630000Y2984700000Z0;0
SOB_20251217T163702195354Z_BY2KNDAQGBHW;TGB101_10mX4196310000Y2989770000Z0;0
SOB_20251217T163702195515Z_ZEOIROJZWVCV;TGB101_10mX4195480000Y2990470000Z0;0
SOB_20251217T163702195658Z_453WQXJTS5FQ;TGB101_10mX4196840000Y2987760000Z0;0
SOB_20251217T163702195844Z_DTEQSQYJLVGK;TGB101_10mX4197610000Y2987060000Z0;0
SOB_20251217T163702196050Z_5NSN2EPPJVE5;TGB101_10mX4199230000Y2989570000Z0;0
SOB_20251217T163702196229Z_KMYKLE4WKJBN;TGB101_10mX4193780000Y2989940000Z0;0
SOB_20251217T163702196397Z_K43GXSKZ3VGU;TGB101_10mX4185870000Y2988850000Z0;0
SOB_20251217T163702196543Z_JXBDC3F5HZE7;TGB101_10mX4197110000Y2989400000Z0;0
SOB_20251217T163702196685Z_334MJCO6PBFC;TGB101_10mX4201320000Y2974900000Z0;0
SOB_20251217T163702196827Z_ACZJYO7F3FF4;TGB101_10mX4200160000Y2980960000Z0;0
SOB_20251217T163702196970Z_MSDLVHZFRVCS;TGB101_10mX4194060000Y2991300000Z0;0
SOB_20251217T163702197126Z_KTEOCDBIP5EA;TGB101_10mX4191840000Y2978900000Z0;0
SOB_20251217T163702197271Z_ILOPC4OUNRFO;TGB101_10mX4195220000Y2988390000Z0;0
SOB_20251217T163702197413Z_XPYFFKCAQ5DZ;TGB101_10mX4194050000Y2999290000Z0;0
